2026-06-22 12:10  INFO  Starting FreDracor analysis
2026-06-22 12:10  INFO  Input: http://localhost:8088/api/v1/corpora/fre
2026-06-22 12:10  INFO  Metadata: https://dracor.org/api/v1/corpora/fre/metadata/csv
2026-06-22 12:10  INFO  Cumulative acts: 1, 2, 3, 4, 5
2026-06-22 12:10  INFO  Output directory: fre_out
2026-06-22 12:10  INFO  Log file: fre_out\fre_2026-06-22_12-10.log
2026-06-22 12:10  INFO  METADATA: fre_out\dracor-metadata.csv has been downloaded from api.
2026-06-22 12:10  INFO  Metadata loaded: 969 qualifying plays
2026-06-22 12:10  INFO  Getting input from http://localhost:8088/api/v1/corpora/fre
2026-06-22 12:10  INFO  Loaded abeille-argelie (Tragedy)
2026-06-22 12:10  INFO  Loaded abeille-coriolan (Tragedy)
2026-06-22 12:10  INFO  Loaded abeille-lyncee (Tragedy)
2026-06-22 12:10  INFO  Skipped about-risette (not in genre filter or blacklisted)
2026-06-22 12:10  INFO  Skipped adenis-diogene-et-scapin (not in genre filter or blacklisted)
2026-06-22 12:10  INFO  Skipped adenis-gaiete-marseillaise (not in genre filter or blacklisted)
2026-06-22 12:10  INFO  Skipped adenis-homme-qui-ne-peut-pas-siffler (not in genre filter or blacklisted)
2026-06-22 12:10  INFO  Skipped adenis-le-nouveau-ne (not in genre filter or blacklisted)
2026-06-22 12:10  INFO  Skipped adenisj-la-double-meprise (not in genre filter or blacklisted)
2026-06-22 12:10  INFO  Skipped aicard-mascarille (not in genre filter or blacklisted)
2026-06-22 12:10  INFO  Skipped aicard-moliere-a-shakespeare (not in genre filter or blacklisted)
2026-06-22 12:10  INFO  Skipped aicard-pygmalion (not in genre filter or blacklisted)
2026-06-22 12:10  INFO  Skipped aicard-smilis (not in genre filter or blacklisted)
2026-06-22 12:10  INFO  Skipped allais-bon-bougre (not in genre filter or blacklisted)
2026-06-22 12:10  INFO  Skipped allais-mecontent (not in genre filter or blacklisted)
2026-06-22 12:10  INFO  Skipped allais-une-idee-lumineuse (not in genre filter or blacklisted)
2026-06-22 12:10  INFO  Skipped allary-les-lilas-blancs (not in genre filter or blacklisted)
2026-06-22 12:10  INFO  Skipped ancelot-auger-une-seduction (not in genre filter or blacklisted)
2026-06-22 12:10  INFO  Skipped andrieux-anaximandre (not in genre filter or blacklisted)
2026-06-22 12:10  INFO  Skipped andrieux-le-reve-du-mari (not in genre filter or blacklisted)
2026-06-22 12:10  INFO  Skipped anseaume-chinois (not in genre filter or blacklisted)
2026-06-22 12:10  INFO  Skipped anseaume-tableau-parlant (not in genre filter or blacklisted)
2026-06-22 12:10  INFO  Skipped arago-mademoiselle-lange (not in genre filter or blacklisted)
2026-06-22 12:10  INFO  Skipped archambault-ce-n-est-pas (not in genre filter or blacklisted)
2026-06-22 12:10  INFO  Skipped archambault-janot-battus (not in genre filter or blacklisted)
2026-06-22 12:10  INFO  Skipped archambault-janot-degraisseur (not in genre filter or blacklisted)
2026-06-22 12:10  INFO  Skipped arnault-horatius-cocles (not in genre filter or blacklisted)
2026-06-22 12:10  INFO  Loaded arnault-lucrece (Tragedy)
2026-06-22 12:10  INFO  Skipped arnould-heroine-americaine (not in genre filter or blacklisted)
2026-06-22 12:10  INFO  Skipped arene-naze (not in genre filter or blacklisted)
2026-06-22 12:10  INFO  Loaded aubignac-pucelle-prose (Tragedy)
2026-06-22 12:10  INFO  Loaded aubignac-pucelle (Tragedy)
2026-06-22 12:10  INFO  Skipped aubryet-hommage-a-racine (not in genre filter or blacklisted)
2026-06-22 12:10  INFO  Skipped audiffret-albert-durer (not in genre filter or blacklisted)
2026-06-22 12:10  INFO  Skipped audiffret-epreuve (not in genre filter or blacklisted)
2026-06-22 12:10  INFO  Skipped audinot-dorothee (not in genre filter or blacklisted)
2026-06-22 12:10  INFO  Loaded auger-mort-de-caton (Tragedy)
2026-06-22 12:10  INFO  Skipped balzac-vautrin (not in genre filter or blacklisted)
2026-06-22 12:10  INFO  Skipped banville-ancien-pierrot (not in genre filter or blacklisted)
2026-06-22 12:10  INFO  Skipped banville-la-perle (not in genre filter or blacklisted)
2026-06-22 12:10  INFO  Skipped banville-le-beau-leandre (not in genre filter or blacklisted)
2026-06-22 12:10  INFO  Skipped banville-les-fourberies-de-nerine (not in genre filter or blacklisted)
2026-06-22 12:10  INFO  Skipped baptiste-du-moutier-mascara-de-foire-saint-germain (not in genre filter or blacklisted)
2026-06-22 12:10  INFO  Skipped barbier-faucon (not in genre filter or blacklisted)
2026-06-22 12:10  INFO  Loaded barbier-mort-de-cesar (Tragedy)
2026-06-22 12:10  INFO  Skipped barbier-ombre-de-moliere (not in genre filter or blacklisted)
2026-06-22 12:10  INFO  Skipped baro-celinde (not in genre filter or blacklisted)
2026-06-22 12:10  INFO  Skipped baro-clarimonde (not in genre filter or blacklisted)
2026-06-22 12:10  INFO  Skipped baro-clorise (not in genre filter or blacklisted)
2026-06-22 12:10  INFO  Skipped baro-parthenie (not in genre filter or blacklisted)
2026-06-22 12:10  INFO  Skipped baro-prince-fugitif (not in genre filter or blacklisted)
2026-06-22 12:10  INFO  Loaded baro-saint-eustache (Tragedy)
2026-06-22 12:10  INFO  Skipped barriere-le-bout-d-elan-de-l-amour (not in genre filter or blacklisted)
2026-06-22 12:10  INFO  Skipped barriere-le-jardinier-et-son-seigneur (not in genre filter or blacklisted)
2026-06-22 12:10  INFO  Skipped barre-despres-piis-resnier-l-opera-de-province (not in genre filter or blacklisted)
2026-06-22 12:10  INFO  Skipped barre-radet-candide (not in genre filter or blacklisted)
2026-06-22 12:10  INFO  Skipped barre-radet-desfontaines-marige-de-scarron (not in genre filter or blacklisted)
2026-06-22 12:10  INFO  Skipped bary-de-l-adresse (not in genre filter or blacklisted)
2026-06-22 12:10  INFO  Skipped bary-de-l-ajustement (not in genre filter or blacklisted)
2026-06-22 12:10  INFO  Skipped bary-de-l-art-de-se-faire-aimer (not in genre filter or blacklisted)
2026-06-22 12:10  INFO  Skipped bary-de-l-entrevue-amoureuse (not in genre filter or blacklisted)
2026-06-22 12:10  INFO  Skipped bary-de-l-entrevue-politique (not in genre filter or blacklisted)
2026-06-22 12:10  INFO  Skipped bary-de-l-exhortation (not in genre filter or blacklisted)
2026-06-22 12:10  INFO  Skipped bary-de-l-exil (not in genre filter or blacklisted)
2026-06-22 12:10  INFO  Skipped bary-de-l-inclination-bizarre (not in genre filter or blacklisted)
2026-06-22 12:10  INFO  Skipped bary-de-l-indulgence (not in genre filter or blacklisted)
2026-06-22 12:10  INFO  Skipped bary-de-la-belle-resistance (not in genre filter or blacklisted)
2026-06-22 12:10  INFO  Skipped bary-de-la-belle-taille (not in genre filter or blacklisted)
2026-06-22 12:10  INFO  Skipped bary-de-la-campagne (not in genre filter or blacklisted)
2026-06-22 12:10  INFO  Skipped bary-de-la-ceremonie (not in genre filter or blacklisted)
2026-06-22 12:10  INFO  Skipped bary-de-la-colere (not in genre filter or blacklisted)
2026-06-22 12:10  INFO  Skipped bary-de-la-contrariete (not in genre filter or blacklisted)
2026-06-22 12:10  INFO  Skipped bary-de-la-curiosite (not in genre filter or blacklisted)
2026-06-22 12:10  INFO  Skipped bary-de-la-danse (not in genre filter or blacklisted)
2026-06-22 12:10  INFO  Skipped bary-de-la-discretion (not in genre filter or blacklisted)
2026-06-22 12:10  INFO  Skipped bary-de-la-dissimulation (not in genre filter or blacklisted)
2026-06-22 12:10  INFO  Skipped bary-de-la-feintise (not in genre filter or blacklisted)
2026-06-22 12:10  INFO  Skipped bary-de-la-guerre (not in genre filter or blacklisted)
2026-06-22 12:10  INFO  Skipped bary-de-la-memoire (not in genre filter or blacklisted)
2026-06-22 12:10  INFO  Skipped bary-de-la-pudeur (not in genre filter or blacklisted)
2026-06-22 12:10  INFO  Skipped bary-de-la-raillerie (not in genre filter or blacklisted)
2026-06-22 12:10  INFO  Skipped bary-de-la-roture (not in genre filter or blacklisted)
2026-06-22 12:10  INFO  Skipped bary-de-la-simplicite-des-habits (not in genre filter or blacklisted)
2026-06-22 12:10  INFO  Skipped bary-de-libre-abord (not in genre filter or blacklisted)
2026-06-22 12:10  INFO  Skipped bary-des-beaux-cheveux (not in genre filter or blacklisted)
2026-06-22 12:10  INFO  Skipped bary-des-beaux-yeux (not in genre filter or blacklisted)
2026-06-22 12:10  INFO  Skipped bary-des-belles-mains (not in genre filter or blacklisted)
2026-06-22 12:10  INFO  Skipped bary-des-fleurs (not in genre filter or blacklisted)
2026-06-22 12:10  INFO  Skipped bary-des-fontaines-et-des-ruisseaux (not in genre filter or blacklisted)
2026-06-22 12:10  INFO  Skipped bary-des-tailles-contestees (not in genre filter or blacklisted)
2026-06-22 12:10  INFO  Skipped bary-des-vendanges (not in genre filter or blacklisted)
2026-06-22 12:10  INFO  Skipped bary-du-badinage (not in genre filter or blacklisted)
2026-06-22 12:10  INFO  Skipped bary-du-bal (not in genre filter or blacklisted)
2026-06-22 12:10  INFO  Skipped bary-du-beau-rendezvous (not in genre filter or blacklisted)
2026-06-22 12:10  INFO  Skipped bary-du-beau-sein (not in genre filter or blacklisted)
2026-06-22 12:10  INFO  Skipped bary-du-bel-esprit (not in genre filter or blacklisted)
2026-06-22 12:10  INFO  Skipped bary-du-bon-office (not in genre filter or blacklisted)
2026-06-22 12:10  INFO  Skipped bary-du-comperage (not in genre filter or blacklisted)
2026-06-22 12:10  INFO  Skipped bary-du-compliment (not in genre filter or blacklisted)
2026-06-22 12:10  INFO  Skipped bary-du-cours (not in genre filter or blacklisted)
2026-06-22 12:10  INFO  Skipped bary-du-duel (not in genre filter or blacklisted)
2026-06-22 12:10  INFO  Skipped bary-du-festin (not in genre filter or blacklisted)
2026-06-22 12:10  INFO  Skipped bary-du-mauvais-choix (not in genre filter or blacklisted)
2026-06-22 12:10  INFO  Skipped bary-du-proces (not in genre filter or blacklisted)
2026-06-22 12:10  INFO  Skipped bary-du-retour-des-esprits (not in genre filter or blacklisted)
2026-06-22 12:10  INFO  Skipped bary-du-roman (not in genre filter or blacklisted)
2026-06-22 12:10  INFO  Skipped beaumarchais-autre-tartuffe (not in genre filter or blacklisted)
2026-06-22 12:10  INFO  Skipped beaunoir-libellistes (not in genre filter or blacklisted)
2026-06-22 12:10  INFO  Skipped becque-corbeaux (not in genre filter or blacklisted)
2026-06-22 12:10  INFO  Skipped becque-execution (not in genre filter or blacklisted)
2026-06-22 12:10  INFO  Skipped becque-les-honnetes-femmes (not in genre filter or blacklisted)
2026-06-22 12:10  INFO  Skipped becque-mere (not in genre filter or blacklisted)
2026-06-22 12:10  INFO  Skipped becque-veuve (not in genre filter or blacklisted)
2026-06-22 12:10  INFO  Skipped beissier-antigone (not in genre filter or blacklisted)
2026-06-22 12:10  INFO  Skipped beissier-chasseurs-et-l-ours (not in genre filter or blacklisted)
2026-06-22 12:10  INFO  Skipped beissier-docteur-cornibus (not in genre filter or blacklisted)
2026-06-22 12:10  INFO  Skipped beissier-guignol-et-la-cabaretiere (not in genre filter or blacklisted)
2026-06-22 12:10  INFO  Skipped beissier-l-oiseau-bleu (not in genre filter or blacklisted)
2026-06-22 12:10  INFO  Skipped beissier-la-nuit-de-noel (not in genre filter or blacklisted)
2026-06-22 12:10  INFO  Skipped beissier-le-bapteme-d-une-rose (not in genre filter or blacklisted)
2026-06-22 12:10  INFO  Skipped beissier-les-deux-pigeonnes (not in genre filter or blacklisted)
2026-06-22 12:10  INFO  Skipped beissier-ma-soeur-claire (not in genre filter or blacklisted)
2026-06-22 12:10  INFO  Skipped beissier-un-bon-placement (not in genre filter or blacklisted)
2026-06-22 12:10  INFO  Skipped liborliere-cloison (not in genre filter or blacklisted)
2026-06-22 12:10  INFO  Loaded benserade-cleopatre (Tragedy)
2026-06-22 12:10  INFO  Loaded benserade-mort-achille (Tragedy)
2026-06-22 12:10  INFO  Skipped bergasse-journee-des-dupes (not in genre filter or blacklisted)
2026-06-22 12:10  INFO  Loaded bernard-brutus (Tragedy)
2026-06-22 12:10  INFO  Loaded bernard-laodamie (Tragedy)
2026-06-22 12:10  INFO  Skipped bernardt-daisy (not in genre filter or blacklisted)
2026-06-22 12:10  INFO  Skipped bernardt-deux-pecheurs (not in genre filter or blacklisted)
2026-06-22 12:10  INFO  Skipped bernardt-dramaturge-en-plein-labeur (not in genre filter or blacklisted)
2026-06-22 12:10  INFO  Skipped bernardt-etrangleuse (not in genre filter or blacklisted)
2026-06-22 12:10  INFO  Skipped bernardt-garcon-de-dix-huit-ans (not in genre filter or blacklisted)
2026-06-22 12:10  INFO  Skipped bernardt-homme-a-la-maison (not in genre filter or blacklisted)
2026-06-22 12:10  INFO  Skipped bernardt-je-vais-m-en-aller (not in genre filter or blacklisted)
2026-06-22 12:10  INFO  Skipped bernardt-la-petite-femme-de-loth (not in genre filter or blacklisted)
2026-06-22 12:10  INFO  Skipped bernardt-le-cambrioleur (not in genre filter or blacklisted)
2026-06-22 12:10  INFO  Skipped bernardt-le-seul-bandit-de-village (not in genre filter or blacklisted)
2026-06-22 12:10  INFO  Skipped bernardt-maison-du-crime (not in genre filter or blacklisted)
2026-06-22 12:10  INFO  Skipped bernardt-narcotique (not in genre filter or blacklisted)
2026-06-22 12:10  INFO  Skipped bernardt-plaisirs-du-dimanche (not in genre filter or blacklisted)
2026-06-22 12:10  INFO  Skipped bernardt-pretendant (not in genre filter or blacklisted)
2026-06-22 12:10  INFO  Skipped bernardt-sacoche (not in genre filter or blacklisted)
2026-06-22 12:10  INFO  Skipped bertol-graivil-a-la-mer (not in genre filter or blacklisted)
2026-06-22 12:10  INFO  Skipped berton-homme-qui-a-tue-la-mort (not in genre filter or blacklisted)
2026-06-22 12:10  INFO  Skipped beys-celine (not in genre filter or blacklisted)
2026-06-22 12:10  INFO  Skipped biancolelli-riccoboni-romagnesi-comediens-esclaves (not in genre filter or blacklisted)
2026-06-22 12:10  INFO  Skipped biancolleli-enfants-trouves (not in genre filter or blacklisted)
2026-06-22 12:10  INFO  Skipped biancollelli-agnes-de-chaillot (not in genre filter or blacklisted)
2026-06-22 12:10  INFO  Skipped biancollelli-oedipe-travesti (not in genre filter or blacklisted)
2026-06-22 12:10  INFO  Skipped biancollelli-romagnesi-bonne-femme (not in genre filter or blacklisted)
2026-06-22 12:10  INFO  Skipped bideau-de-montigny-semiramis (not in genre filter or blacklisted)
2026-06-22 12:10  INFO  Skipped biez-le-premier-billet (not in genre filter or blacklisted)
2026-06-22 12:10  INFO  Skipped ferrier-chez-la-cliente (not in genre filter or blacklisted)
2026-06-22 12:10  INFO  Skipped bilhaud-gustave (not in genre filter or blacklisted)
2026-06-22 12:10  INFO  Skipped bilhaud-premier-amour (not in genre filter or blacklisted)
2026-06-22 12:10  INFO  Skipped billardon-de-sauvigny-hirza (not in genre filter or blacklisted)
2026-06-22 12:10  INFO  Skipped bizet-boites (not in genre filter or blacklisted)
2026-06-22 12:10  INFO  Skipped bizet-simonot-gilles-tout-seul (not in genre filter or blacklisted)
2026-06-22 12:10  INFO  Loaded bievre-seducteur (Comedy)
2026-06-22 12:10  INFO  Loaded blanc-druides (Tragedy)
2026-06-22 12:10  INFO  Skipped blanc-supplice-d-un-paysan (not in genre filter or blacklisted)
2026-06-22 12:10  INFO  Skipped blemont-moliere-auteuil (not in genre filter or blacklisted)
2026-06-22 12:10  INFO  Skipped blemont-moliere-en-bonne-fortune (not in genre filter or blacklisted)
2026-06-22 12:10  INFO  Skipped blemont-petite-rosange (not in genre filter or blacklisted)
2026-06-22 12:10  INFO  Skipped blemont-visite-a-corneille (not in genre filter or blacklisted)
2026-06-22 12:10  INFO  Loaded bohaire-jesus-christ (Tragedy)
2026-06-22 12:10  INFO  Loaded bohaire-siege-de-paris (Tragedy)
2026-06-22 12:10  INFO  Skipped boileau-heros-de-roman (not in genre filter or blacklisted)
2026-06-22 12:10  INFO  Skipped boisrobert-amant-ridicule (not in genre filter or blacklisted)
2026-06-22 12:10  INFO  Skipped boisrobert-belle-invisible (not in genre filter or blacklisted)
2026-06-22 12:10  INFO  Skipped boisrobert-cassandre (not in genre filter or blacklisted)
2026-06-22 12:10  INFO  Skipped boisrobert-rivaux-amis (not in genre filter or blacklisted)
2026-06-22 12:10  INFO  Skipped boissy-auteur-supersticieux (not in genre filter or blacklisted)
2026-06-22 12:10  INFO  Loaded boissy-comte-de-neuilly (Comedy)
2026-06-22 12:10  INFO  Loaded boissy-dehors-trompeurs (Comedy)
2026-06-22 12:10  INFO  Loaded boissy-homme-du-jour (Comedy)
2026-06-22 12:10  INFO  Loaded boissy-medecin-par-occasion (Comedy)
2026-06-22 12:10  INFO  Skipped bonhomme-anicroche (not in genre filter or blacklisted)
2026-06-22 12:10  INFO  Skipped bonhomme-porte-veine (not in genre filter or blacklisted)
2026-06-22 12:10  INFO  Skipped bonhomme-un-amour-parisien (not in genre filter or blacklisted)
2026-06-22 12:10  INFO  Skipped boniface-obelixe (not in genre filter or blacklisted)
2026-06-22 12:10  INFO  Skipped bonin-spencer-rosier-cinquieme (not in genre filter or blacklisted)
2026-06-22 12:10  INFO  Skipped bonnetain-apres-le-divorce (not in genre filter or blacklisted)
2026-06-22 12:10  INFO  Skipped bonnetain-ma-poupee (not in genre filter or blacklisted)
2026-06-22 12:10  INFO  Skipped borde-gentilhomme-campagnard (not in genre filter or blacklisted)
2026-06-22 12:10  INFO  Skipped bornier-le-monde-renverse (not in genre filter or blacklisted)
2026-06-22 12:10  INFO  Skipped bornier-quinze-janvier (not in genre filter or blacklisted)
2026-06-22 12:10  INFO  Skipped bornier-racine (not in genre filter or blacklisted)
2026-06-22 12:10  INFO  Skipped bouchor-michel-lando (not in genre filter or blacklisted)
2026-06-22 12:10  INFO  Skipped bouilly-descartes (not in genre filter or blacklisted)
2026-06-22 12:10  INFO  Loaded boursault-comedie-sans-titre (Comedy)
2026-06-22 12:10  INFO  Loaded boursault-deux-freres-gemeaux (Comedy)
2026-06-22 12:10  INFO  Loaded boursault-esope (Comedy)
2026-06-22 12:10  INFO  Skipped boursault-fete-de-la-seine (not in genre filter or blacklisted)
2026-06-22 12:10  INFO  Loaded boursault-germanicus (Tragedy)
2026-06-22 12:10  INFO  Skipped boursault-jaloux-endormi (not in genre filter or blacklisted)
2026-06-22 12:10  INFO  Loaded boursault-marie-stuard (Tragedy)
2026-06-22 12:10  INFO  Skipped boursault-poisson-la-rissole-et-merlin (not in genre filter or blacklisted)
2026-06-22 12:10  INFO  Loaded boyera-caton (Tragedy)
2026-06-22 12:10  INFO  Loaded boyer-agamemnon (Tragedy)
2026-06-22 12:10  INFO  Loaded boyer-amours-jupiter-semele (Tragedy)
2026-06-22 12:10  INFO  Loaded boyer-aristodeme (Tragedy)
2026-06-22 12:10  INFO  Loaded boyer-artaxerce (Tragedy)
2026-06-22 12:10  INFO  Loaded boyer-clotilde (Tragedy)
2026-06-22 12:10  INFO  Skipped boyer-federic (not in genre filter or blacklisted)
2026-06-22 12:10  INFO  Loaded boyer-jeune-marius (Tragedy)
2026-06-22 12:10  INFO  Loaded boyer-judith (Tragedy)
2026-06-22 12:10  INFO  Skipped boyer-lisimene (not in genre filter or blacklisted)
2026-06-22 12:10  INFO  Loaded boyer-mort-enfants-brute (Tragedy)
2026-06-22 12:10  INFO  Loaded boyer-oropaste (Tragedy)
2026-06-22 12:10  INFO  Loaded boyer-porcie-romaine (Tragedy)
2026-06-22 12:10  INFO  Loaded boyer-porus (Tragedy)
2026-06-22 12:10  INFO  Loaded boyer-tiridate (Tragedy)
2026-06-22 12:10  INFO  Skipped brohan-compter-sans-son-hote (not in genre filter or blacklisted)
2026-06-22 12:10  INFO  Skipped brohan-qui-femme-a-guerre-a (not in genre filter or blacklisted)
2026-06-22 12:10  INFO  Loaded brosse-aveugle-clairvoyant (Comedy)
2026-06-22 12:10  INFO  Loaded brosse-turne (Tragedy)
2026-06-22 12:10  INFO  Skipped bruand-chansons-et-monologues (not in genre filter or blacklisted)
2026-06-22 12:10  INFO  Skipped busnach-chateau-yquem (not in genre filter or blacklisted)
2026-06-22 12:10  INFO  Skipped busnach-la-claque-la-claque (not in genre filter or blacklisted)
2026-06-22 12:10  INFO  Skipped cadet-gassicourt-souper-de-moliere (not in genre filter or blacklisted)
2026-06-22 12:10  INFO  Skipped cahusac-zoroastre (not in genre filter or blacklisted)
2026-06-22 12:10  INFO  Loaded cailhava-egoisme (Comedy)
2026-06-22 12:10  INFO  Loaded caminade-chatenay-alcidiade (Tragedy)
2026-06-22 12:10  INFO  Skipped campan-deux-educations (not in genre filter or blacklisted)
2026-06-22 12:10  INFO  Skipped campan-ferme-partagee (not in genre filter or blacklisted)
2026-06-22 12:10  INFO  Skipped campistron-acis-galathee (not in genre filter or blacklisted)
2026-06-22 12:10  INFO  Loaded campistron-adrien (Tragedy)
2026-06-22 12:10  INFO  Loaded campistron-alcibiade (Tragedy)
2026-06-22 12:10  INFO  Loaded campistron-andronic (Tragedy)
2026-06-22 12:10  INFO  Loaded campistron-arminiusc (Tragedy)
2026-06-22 12:10  INFO  Loaded campistron-juba (Tragedy)
2026-06-22 12:10  INFO  Loaded campistron-phocion (Tragedy)
2026-06-22 12:10  INFO  Loaded campistron-pompeia (Tragedy)
2026-06-22 12:10  INFO  Loaded campistron-tiridate (Tragedy)
2026-06-22 12:10  INFO  Loaded campistron-virginie (Tragedy)
2026-06-22 12:10  INFO  Skipped carcassonne-le-dame-en-noir (not in genre filter or blacklisted)
2026-06-22 12:10  INFO  Skipped carcassonne-les-defauts-de-paul (not in genre filter or blacklisted)
2026-06-22 12:10  INFO  Skipped carcassonne-les-heures (not in genre filter or blacklisted)
2026-06-22 12:10  INFO  Skipped carcassonne-roi-et-reine (not in genre filter or blacklisted)
2026-06-22 12:10  INFO  Skipped carcassonne-rose-et-rosette (not in genre filter or blacklisted)
2026-06-22 12:10  INFO  Skipped carmontelle-a-bon-chat-bon-rat (not in genre filter or blacklisted)
2026-06-22 12:10  INFO  Skipped carmontelle-a-trompeur-trompeur-et-demi (not in genre filter or blacklisted)
2026-06-22 12:10  INFO  Skipped carmontelle-abbe-de-coure-diner (not in genre filter or blacklisted)
2026-06-22 12:10  INFO  Skipped carmontelle-almenorade (not in genre filter or blacklisted)
2026-06-22 12:10  INFO  Skipped carmontelle-apres-dinee (not in genre filter or blacklisted)
2026-06-22 12:10  INFO  Skipped carmontelle-auteur-avantageux (not in genre filter or blacklisted)
2026-06-22 12:10  INFO  Skipped carmontelle-aveugle-avare (not in genre filter or blacklisted)
2026-06-22 12:10  INFO  Skipped carmontelle-avocat-chansonnier (not in genre filter or blacklisted)
2026-06-22 12:10  INFO  Skipped carmontelle-avocat-consultant (not in genre filter or blacklisted)
2026-06-22 12:10  INFO  Skipped carmontelle-bal (not in genre filter or blacklisted)
2026-06-22 12:10  INFO  Skipped carmontelle-bons (not in genre filter or blacklisted)
2026-06-22 12:10  INFO  Skipped carmontelle-boudoir (not in genre filter or blacklisted)
2026-06-22 12:10  INFO  Skipped carmontelle-cafe-borgne (not in genre filter or blacklisted)
2026-06-22 12:10  INFO  Skipped carmontelle-chanteur-italien (not in genre filter or blacklisted)
2026-06-22 12:10  INFO  Skipped carmontelle-chapon-au-gro-sel (not in genre filter or blacklisted)
2026-06-22 12:10  INFO  Skipped carmontelle-chasseur-joueurs (not in genre filter or blacklisted)
2026-06-22 12:10  INFO  Skipped carmontelle-condamnez-sans-entendre (not in genre filter or blacklisted)
2026-06-22 12:10  INFO  Skipped carmontelle-desesperes-de-l-opera (not in genre filter or blacklisted)
2026-06-22 12:10  INFO  Skipped carmontelle-deux-amis (not in genre filter or blacklisted)
2026-06-22 12:10  INFO  Skipped carmontelle-deux-anglais (not in genre filter or blacklisted)
2026-06-22 12:10  INFO  Skipped carmontelle-deux-auteurs (not in genre filter or blacklisted)
2026-06-22 12:10  INFO  Skipped carmontelle-deux-chapeaux (not in genre filter or blacklisted)
2026-06-22 12:10  INFO  Skipped carmontelle-diamant (not in genre filter or blacklisted)
2026-06-22 12:10  INFO  Skipped carmontelle-ecrivain (not in genre filter or blacklisted)
2026-06-22 12:10  INFO  Skipped carmontelle-enrage (not in genre filter or blacklisted)
2026-06-22 12:10  INFO  Skipped carmontelle-etranger (not in genre filter or blacklisted)
2026-06-22 12:10  INFO  Skipped carmontelle-faux-empoisonnement (not in genre filter or blacklisted)
2026-06-22 12:10  INFO  Skipped carmontelle-faux-indifferents (not in genre filter or blacklisted)
2026-06-22 12:10  INFO  Skipped carmontelle-fous (not in genre filter or blacklisted)
2026-06-22 12:10  INFO  Skipped carmontelle-histoire (not in genre filter or blacklisted)
2026-06-22 12:10  INFO  Skipped carmontelle-important (not in genre filter or blacklisted)
2026-06-22 12:10  INFO  Skipped carmontelle-l-auteur-et-l-amateur (not in genre filter or blacklisted)
2026-06-22 12:10  INFO  Skipped carmontelle-l-homme-qui-craint-d-aimer (not in genre filter or blacklisted)
2026-06-22 12:10  INFO  Skipped carmontelle-la-chanoine-de-reims (not in genre filter or blacklisted)
2026-06-22 12:10  INFO  Skipped carmontelle-la-fripon-orgueilleux (not in genre filter or blacklisted)
2026-06-22 12:10  INFO  Skipped carmontelle-la-medaille-d-othon (not in genre filter or blacklisted)
2026-06-22 12:10  INFO  Skipped carmontelle-la-permission-de-chasse (not in genre filter or blacklisted)
2026-06-22 12:10  INFO  Skipped carmontelle-la-rose-rouge (not in genre filter or blacklisted)
2026-06-22 12:10  INFO  Skipped carmontelle-la-veste-brodee (not in genre filter or blacklisted)
2026-06-22 12:10  INFO  Skipped carmontelle-le-bavard (not in genre filter or blacklisted)
2026-06-22 12:10  INFO  Skipped carmontelle-le-boiteux (not in genre filter or blacklisted)
2026-06-22 12:10  INFO  Skipped carmontelle-le-bon-mari (not in genre filter or blacklisted)
2026-06-22 12:10  INFO  Skipped carmontelle-le-chien-de-la-foire (not in genre filter or blacklisted)
2026-06-22 12:10  INFO  Skipped carmontelle-le-distrait (not in genre filter or blacklisted)
2026-06-22 12:10  INFO  Skipped carmontelle-le-sot-heritier (not in genre filter or blacklisted)
2026-06-22 12:10  INFO  Skipped carmontelle-le-veuf (not in genre filter or blacklisted)
2026-06-22 12:10  INFO  Skipped carmontelle-les-epoux-malheureux (not in genre filter or blacklisted)
2026-06-22 12:10  INFO  Skipped carmontelle-lievre (not in genre filter or blacklisted)
2026-06-22 12:10  INFO  Skipped carmontelle-maitre-de-ballets (not in genre filter or blacklisted)
2026-06-22 12:10  INFO  Skipped carmontelle-mari-absent (not in genre filter or blacklisted)
2026-06-22 12:10  INFO  Skipped carmontelle-officier-du-gobelet (not in genre filter or blacklisted)
2026-06-22 12:10  INFO  Skipped carmontelle-pari (not in genre filter or blacklisted)
2026-06-22 12:10  INFO  Skipped carmontelle-peintre-en-cul-de-sac (not in genre filter or blacklisted)
2026-06-22 12:10  INFO  Skipped carmontelle-petit-maitre-par-philosophie (not in genre filter or blacklisted)
2026-06-22 12:10  INFO  Skipped carmontelle-petit-poucet (not in genre filter or blacklisted)
2026-06-22 12:10  INFO  Skipped carmontelle-pleureurs-d-homere (not in genre filter or blacklisted)
2026-06-22 12:10  INFO  Skipped carmontelle-portrait (not in genre filter or blacklisted)
2026-06-22 12:10  INFO  Skipped carmontelle-poulet (not in genre filter or blacklisted)
2026-06-22 12:10  INFO  Skipped carmontelle-recommandation (not in genre filter or blacklisted)
2026-06-22 12:10  INFO  Skipped carmontelle-secondes-loges (not in genre filter or blacklisted)
2026-06-22 12:10  INFO  Skipped carmontelle-seigneur-auteur (not in genre filter or blacklisted)
2026-06-22 12:10  INFO  Skipped carmontelle-sortie-de-la-comedie (not in genre filter or blacklisted)
2026-06-22 12:10  INFO  Skipped carmontelle-sourd (not in genre filter or blacklisted)
2026-06-22 12:10  INFO  Skipped carmontelle-statue (not in genre filter or blacklisted)
2026-06-22 12:10  INFO  Skipped carmontelle-suisse-de-porte (not in genre filter or blacklisted)
2026-06-22 12:10  INFO  Skipped carmontelle-suisse-malade (not in genre filter or blacklisted)
2026-06-22 12:10  INFO  Skipped carmontelle-veuve-avare (not in genre filter or blacklisted)
2026-06-22 12:10  INFO  Skipped carmontelle-voyageurs (not in genre filter or blacklisted)
2026-06-22 12:10  INFO  Skipped carmontellle-dame-jeanne (not in genre filter or blacklisted)
2026-06-22 12:10  INFO  Skipped carrance-l-emeraude (not in genre filter or blacklisted)
2026-06-22 12:10  INFO  Skipped carrance-la-prostituee (not in genre filter or blacklisted)
2026-06-22 12:10  INFO  Skipped carrance-le-divorce (not in genre filter or blacklisted)
2026-06-22 12:10  INFO  Skipped carrance-maison-a-louer (not in genre filter or blacklisted)
2026-06-22 12:10  INFO  Skipped carrion-nizas-dialogue-entre-la-maire-de-rodez-et-un-marguillier (not in genre filter or blacklisted)
2026-06-22 12:10  INFO  Loaded carrion-nizas-pierre-le-grand (Tragedy)
2026-06-22 12:10  INFO  Skipped carriere-doisin-journee-de-titus (not in genre filter or blacklisted)
2026-06-22 12:10  INFO  Loaded de-caux-marius (Tragedy)
2026-06-22 12:10  INFO  Skipped ceillier-cousin-edgar (not in genre filter or blacklisted)
2026-06-22 12:10  INFO  Loaded chabanon-eudoxie (Tragedy)
2026-06-22 12:10  INFO  Loaded chabanon-faux-noble (Comedy)
2026-06-22 12:10  INFO  Skipped chalmeton-a-jean-racine (not in genre filter or blacklisted)
2026-06-22 12:10  INFO  Skipped chalmeton-a-moliere (not in genre filter or blacklisted)
2026-06-22 12:10  INFO  Skipped chalmeton-clermont-ferrand (not in genre filter or blacklisted)
2026-06-22 12:10  INFO  Skipped chalmeton-clermont-royat (not in genre filter or blacklisted)
2026-06-22 12:10  INFO  Skipped chalmeton-la-bourboule (not in genre filter or blacklisted)
2026-06-22 12:10  INFO  Skipped chalmeton-la-mort-c-est-la-vie (not in genre filter or blacklisted)
2026-06-22 12:10  INFO  Loaded chamfort-mustapha-zeangir (Tragedy)
2026-06-22 12:10  INFO  Loaded champrepus-ulysse (Tragedy)
2026-06-22 12:10  INFO  Skipped chappuzeau-armetzar (not in genre filter or blacklisted)
2026-06-22 12:10  INFO  Skipped chauvin-commencement-de-la-fin (not in genre filter or blacklisted)
2026-06-22 12:10  INFO  Skipped chauvin-ruses-et-trucs (not in genre filter or blacklisted)
2026-06-22 12:10  INFO  Skipped chazet-gassicourt-finot (not in genre filter or blacklisted)
2026-06-22 12:10  INFO  Skipped chevalier-cartel-de-guillot (not in genre filter or blacklisted)
2026-06-22 12:10  INFO  Skipped chevalier-disgrace-des-domestiques (not in genre filter or blacklisted)
2026-06-22 12:10  INFO  Loaded chevalier-pedagogue-amoureux (Comedy)
2026-06-22 12:10  INFO  Loaded chevreau-avocat-dupe (Comedy)
2026-06-22 12:10  INFO  Loaded chevreau-coriolan (Tragedy)
2026-06-22 12:10  INFO  Loaded chevreau-la-lucrece-romaine (Tragedy)
2026-06-22 12:10  INFO  Loaded chenier-charles-ix (Tragedy)
2026-06-22 12:10  INFO  Skipped chereau-en-express (not in genre filter or blacklisted)
2026-06-22 12:10  INFO  Loaded cheron-homme-a-bonnes-fortunes (Comedy)
2026-06-22 12:10  INFO  Skipped claretie-valentin (not in genre filter or blacklisted)
2026-06-22 12:10  INFO  Skipped clemenceau-le-voile-du-bonheur (not in genre filter or blacklisted)
2026-06-22 12:10  INFO  Loaded colardeau-astarbe (Tragedy)
2026-06-22 12:10  INFO  Skipped collet-l-ile-deserte (not in genre filter or blacklisted)
2026-06-22 12:10  INFO  Skipped colle-alfonse (not in genre filter or blacklisted)
2026-06-22 12:10  INFO  Skipped colle-cocatrix (not in genre filter or blacklisted)
2026-06-22 12:10  INFO  Skipped colle-esperance (not in genre filter or blacklisted)
2026-06-22 12:10  INFO  Skipped colle-ile-sonnante (not in genre filter or blacklisted)
2026-06-22 12:10  INFO  Loaded colle-l-amant-anonyme (Comedy)
2026-06-22 12:10  INFO  Skipped colle-scenes-detachees-de-la-guinguette (not in genre filter or blacklisted)
2026-06-22 12:10  INFO  Skipped colle-tanzai-et-neadarne (not in genre filter or blacklisted)
2026-06-22 12:10  INFO  Loaded constant-wallstein (Tragedy)
2026-06-22 12:10  INFO  Loaded cinq-auteurs-aveugle-de-smyrne (Comedy)
2026-06-22 12:10  INFO  Loaded cinq-auteurs-comedie-des-tuileries (Comedy)
2026-06-22 12:10  INFO  Loaded corneillep-agesilas (Tragedy)
2026-06-22 12:10  INFO  Loaded corneillep-andromede (Tragedy)
2026-06-22 12:10  INFO  Loaded corneillep-attila (Tragedy)
2026-06-22 12:10  INFO  Skipped corneillep-cid-37 (not in genre filter or blacklisted)
2026-06-22 12:10  INFO  Loaded corneillep-cid (Tragedy)
2026-06-22 12:10  INFO  Loaded corneillep-cinna-43 (Tragedy)
2026-06-22 12:10  INFO  Loaded corneillep-cinna (Tragedy)
2026-06-22 12:10  INFO  Loaded corneillep-clitandre (Tragedy)
2026-06-22 12:10  INFO  Loaded corneillep-don-sanche (Comedy)
2026-06-22 12:10  INFO  Loaded corneillep-galerie-du-palais (Comedy)
2026-06-22 12:10  INFO  Loaded corneillep-heraclius (Tragedy)
2026-06-22 12:10  INFO  Loaded corneillep-horace (Tragedy)
2026-06-22 12:10  INFO  Loaded corneillep-illusion-comique (Comedy)
2026-06-22 12:10  INFO  Loaded corneillep-medee-39 (Tragedy)
2026-06-22 12:10  INFO  Loaded corneillep-medee (Tragedy)
2026-06-22 12:10  INFO  Loaded corneillep-melite-33 (Comedy)
2026-06-22 12:10  INFO  Loaded corneillep-melite (Comedy)
2026-06-22 12:10  INFO  Loaded corneillep-menteur (Comedy)
2026-06-22 12:10  INFO  Loaded corneillep-mort-pompee (Tragedy)
2026-06-22 12:10  INFO  Loaded corneillep-nicomede (Tragedy)
2026-06-22 12:10  INFO  Loaded corneillep-oedipe (Tragedy)
2026-06-22 12:10  INFO  Loaded corneillep-othon (Tragedy)
2026-06-22 12:10  INFO  Loaded corneillep-pertharite (Tragedy)
2026-06-22 12:10  INFO  Loaded corneillep-place-royale (Comedy)
2026-06-22 12:10  INFO  Loaded corneillep-polyeucte (Tragedy)
2026-06-22 12:10  INFO  Loaded corneillep-pulcherie (Comedy)
2026-06-22 12:10  INFO  Loaded corneillep-rodogune (Tragedy)
2026-06-22 12:10  INFO  Loaded corneillep-sertorius (Tragedy)
2026-06-22 12:10  INFO  Loaded corneillep-sophonisbe (Tragedy)
2026-06-22 12:10  INFO  Loaded corneillep-suite-menteur (Comedy)
2026-06-22 12:10  INFO  Loaded corneillep-suivante (Comedy)
2026-06-22 12:10  INFO  Loaded corneillep-surena (Tragedy)
2026-06-22 12:10  INFO  Loaded corneillep-theodore (Tragedy)
2026-06-22 12:10  INFO  Loaded corneillep-tite (Comedy)
2026-06-22 12:10  INFO  Loaded corneillep-toison (Tragedy)
2026-06-22 12:10  INFO  Loaded corneillep-veuve-34 (Comedy)
2026-06-22 12:10  INFO  Loaded corneillep-veuve (Comedy)
2026-06-22 12:10  INFO  Loaded corneillet-amour-a-la-mode (Comedy)
2026-06-22 12:10  INFO  Skipped corneillet-antiochus (not in genre filter or blacklisted)
2026-06-22 12:10  INFO  Loaded corneillet-ariane (Tragedy)
2026-06-22 12:10  INFO  Loaded corneillet-baron-d-albikrac (Tragedy)
2026-06-22 12:10  INFO  Loaded corneillet-berenice (Tragedy)
2026-06-22 12:10  INFO  Skipped corneillet-berger-extravagant (not in genre filter or blacklisted)
2026-06-22 12:10  INFO  Loaded corneillet-bradamante (Tragedy)
2026-06-22 12:10  INFO  Loaded corneillet-camma (Tragedy)
2026-06-22 12:10  INFO  Loaded corneillet-charme-de-la-voix (Comedy)
2026-06-22 12:10  INFO  Loaded corneillet-comte-d-essex (Tragedy)
2026-06-22 12:10  INFO  Loaded corneillet-comtesse-orgueil (Comedy)
2026-06-22 12:10  INFO  Loaded corneillet-darius (Tragedy)
2026-06-22 12:10  INFO  Loaded corneillet-dom-bertran-de-cigarral (Comedy)
2026-06-22 12:10  INFO  Loaded corneillet-dom-cesar-d-avalos (Comedy)
2026-06-22 12:10  INFO  Loaded corneillet-engagements-du-hasard (Comedy)
2026-06-22 12:10  INFO  Loaded corneillet-feint-astrologue (Comedy)
2026-06-22 12:10  INFO  Loaded corneillet-festin-pierre (Comedy)
2026-06-22 12:10  INFO  Loaded corneillet-galant-double (Comedy)
2026-06-22 12:10  INFO  Loaded corneillet-geolier-de-sois-meme (Comedy)
2026-06-22 12:10  INFO  Loaded corneillet-illustres-ennemis (Comedy)
2026-06-22 12:10  INFO  Loaded corneillet-laodice (Tragedy)
2026-06-22 12:10  INFO  Loaded corneillet-maximian (Tragedy)
2026-06-22 12:10  INFO  Skipped corneillet-medee (not in genre filter or blacklisted)
2026-06-22 12:10  INFO  Loaded corneillet-mort-annibal (Tragedy)
2026-06-22 12:10  INFO  Loaded corneillet-mort-d-achille (Tragedy)
2026-06-22 12:10  INFO  Loaded corneillet-mort-empereur-commode (Tragedy)
2026-06-22 12:10  INFO  Loaded corneillet-persee-demetrius (Tragedy)
2026-06-22 12:10  INFO  Loaded corneillet-pyrrhus (Tragedy)
2026-06-22 12:10  INFO  Loaded corneillet-stlicon (Tragedy)
2026-06-22 12:10  INFO  Loaded corneillet-theodat (Tragedy)
2026-06-22 12:10  INFO  Loaded corneillet-timocrate (Tragedy)
2026-06-22 12:10  INFO  Skipped coupigny-barre-piis-desfontaines-hommage-racine (not in genre filter or blacklisted)
2026-06-22 12:10  INFO  Skipped coupigny-arlequin-jaloux (not in genre filter or blacklisted)
2026-06-22 12:10  INFO  Skipped courteline-a-huitaine (not in genre filter or blacklisted)
2026-06-22 12:10  INFO  Skipped courteline-chez-l-avocat (not in genre filter or blacklisted)
2026-06-22 12:10  INFO  Skipped courteline-cochon-de-cocher (not in genre filter or blacklisted)
2026-06-22 12:10  INFO  Skipped courteline-ecole-des-mufles (not in genre filter or blacklisted)
2026-06-22 12:10  INFO  Skipped courteline-ferme-ta-malle (not in genre filter or blacklisted)
2026-06-22 12:10  INFO  Skipped courteline-gora (not in genre filter or blacklisted)
2026-06-22 12:10  INFO  Skipped courteline-grandeur-d-ame (not in genre filter or blacklisted)
2026-06-22 12:10  INFO  Skipped courteline-gros-chagrins (not in genre filter or blacklisted)
2026-06-22 12:10  INFO  Skipped courteline-incendie (not in genre filter or blacklisted)
2026-06-22 12:10  INFO  Skipped courteline-l-article-330 (not in genre filter or blacklisted)
2026-06-22 12:10  INFO  Skipped courteline-l-impoli (not in genre filter or blacklisted)
2026-06-22 12:10  INFO  Skipped courteline-l-invite (not in genre filter or blacklisted)
2026-06-22 12:10  INFO  Skipped courteline-la-premiere-lecon (not in genre filter or blacklisted)
2026-06-22 12:10  INFO  Skipped courteline-la-presentation (not in genre filter or blacklisted)
2026-06-22 12:10  INFO  Skipped courteline-la-voix-d-anatole (not in genre filter or blacklisted)
2026-06-22 12:10  INFO  Skipped courteline-le-bout-de-l-an (not in genre filter or blacklisted)
2026-06-22 12:10  INFO  Skipped courteline-le-buis (not in genre filter or blacklisted)
2026-06-22 12:10  INFO  Skipped courteline-le-nez-du-general-suif (not in genre filter or blacklisted)
2026-06-22 12:10  INFO  Skipped courteline-les-balances (not in genre filter or blacklisted)
2026-06-22 12:10  INFO  Skipped courteline-les-bienfaits-de-l-education (not in genre filter or blacklisted)
2026-06-22 12:10  INFO  Skipped courteline-mois-de-prison (not in genre filter or blacklisted)
2026-06-22 12:10  INFO  Skipped courteline-mon-petit-frere (not in genre filter or blacklisted)
2026-06-22 12:10  INFO  Skipped courteline-monsieur-badin (not in genre filter or blacklisted)
2026-06-22 12:10  INFO  Skipped courteline-monsieur-fin-de-siecle (not in genre filter or blacklisted)
2026-06-22 12:10  INFO  Skipped courteline-musele (not in genre filter or blacklisted)
2026-06-22 12:10  INFO  Skipped courteline-ours (not in genre filter or blacklisted)
2026-06-22 12:10  INFO  Skipped courteline-pantheon-courcelles (not in genre filter or blacklisted)
2026-06-22 12:10  INFO  Skipped courteline-petin-contre-bougnasse (not in genre filter or blacklisted)
2026-06-22 12:10  INFO  Skipped courteline-premier-en-anglais (not in genre filter or blacklisted)
2026-06-22 12:10  INFO  Skipped courteline-principal-temoin (not in genre filter or blacklisted)
2026-06-22 12:10  INFO  Skipped courteline-quand-on-plaide-en-divorce (not in genre filter or blacklisted)
2026-06-22 12:10  INFO  Skipped courteline-quelques-livres (not in genre filter or blacklisted)
2026-06-22 12:10  INFO  Skipped courteline-rue-de-la-pompe (not in genre filter or blacklisted)
2026-06-22 12:10  INFO  Skipped courteline-une-messe (not in genre filter or blacklisted)
2026-06-22 12:10  INFO  Skipped courteline-vieux-menage (not in genre filter or blacklisted)
2026-06-22 12:10  INFO  Skipped croiset-l-air-de-la-mer (not in genre filter or blacklisted)
2026-06-22 12:10  INFO  Skipped croiset-le-chevalier-d-alsace (not in genre filter or blacklisted)
2026-06-22 12:10  INFO  Skipped cros-affaire-de-la-rue-beaubourg (not in genre filter or blacklisted)
2026-06-22 12:10  INFO  Skipped cros-autrefois (not in genre filter or blacklisted)
2026-06-22 12:10  INFO  Skipped cros-capitaliste (not in genre filter or blacklisted)
2026-06-22 12:10  INFO  Skipped cros-hareng-saur (not in genre filter or blacklisted)
2026-06-22 12:10  INFO  Skipped cros-maitre-d-armes (not in genre filter or blacklisted)
2026-06-22 12:10  INFO  Skipped cros-obsession (not in genre filter or blacklisted)
2026-06-22 12:10  INFO  Skipped cros-voyage-a-trois-etoiles (not in genre filter or blacklisted)
2026-06-22 12:10  INFO  Skipped duvauchel-samedi-soir (not in genre filter or blacklisted)
2026-06-22 12:10  INFO  Skipped cressonnois-monsieur-qui-ne-veut-pas-fumer (not in genre filter or blacklisted)
2026-06-22 12:10  INFO  Skipped crebillonf-nuit-et-le-moment (not in genre filter or blacklisted)
2026-06-22 12:10  INFO  Loaded crebillon-atree-thyeste (Tragedy)
2026-06-22 12:10  INFO  Loaded crebillon-catilina (Tragedy)
2026-06-22 12:10  INFO  Loaded crebillon-electre (Tragedy)
2026-06-22 12:10  INFO  Loaded crebillon-idomenee (Tragedy)
2026-06-22 12:10  INFO  Loaded crebillon-pyrrhus (Tragedy)
2026-06-22 12:10  INFO  Loaded crebillon-rhadamisthe (Tragedy)
2026-06-22 12:10  INFO  Loaded crebillon-semiramis (Tragedy)
2026-06-22 12:10  INFO  Loaded crebillon-triumvirat (Tragedy)
2026-06-22 12:10  INFO  Loaded crebillon-xerxes (Tragedy)
2026-06-22 12:10  INFO  Skipped cubieres-palmezeaux-dialogue (not in genre filter or blacklisted)
2026-06-22 12:10  INFO  Skipped cubieres-palmezeaux-fete-seculaire-corneille (not in genre filter or blacklisted)
2026-06-22 12:10  INFO  Skipped cubieres-palmezeaux-galathee (not in genre filter or blacklisted)
2026-06-22 12:10  INFO  Skipped cubieres-palmezeaux-oreste (not in genre filter or blacklisted)
2026-06-22 12:10  INFO  Loaded cyrano-la-mort-d-agrippine (Tragedy)
2026-06-22 12:10  INFO  Loaded cyrano-pedant-joue (Comedy)
2026-06-22 12:10  INFO  Skipped cerou-amant-auteur (not in genre filter or blacklisted)
2026-06-22 12:10  INFO  Skipped danchet-camille-reine-des-volsques (not in genre filter or blacklisted)
2026-06-22 12:10  INFO  Loaded dancourt-bourgeoises-a-la-mode (Comedy)
2026-06-22 12:10  INFO  Loaded dancourt-chevalier-a-la-mode (Comedy)
2026-06-22 12:10  INFO  Skipped dancourt-divertissement-de-sceaux (not in genre filter or blacklisted)
2026-06-22 12:10  INFO  Loaded dancourt-enfants-de-paris (Comedy)
2026-06-22 12:10  INFO  Loaded dancourt-femme-d-intrigues (Comedy)
2026-06-22 12:10  INFO  Loaded dancourt-madame-artus (Comedy)
2026-06-22 12:10  INFO  Loaded dancourt-sancho (Comedy)
2026-06-22 12:10  INFO  Loaded dancourt-trahison-punie (Comedy)
2026-06-22 12:10  INFO  Skipped rayssiguier-palinice (not in genre filter or blacklisted)
2026-06-22 12:10  INFO  Loaded delavigne-comediens (Comedy)
2026-06-22 12:10  INFO  Loaded delavigne-vepres-siciliennes (Tragedy)
2026-06-22 12:10  INFO  Skipped villiers-festin-de-pierre (not in genre filter or blacklisted)
2026-06-22 12:10  INFO  Skipped desfontaines-belisaire (not in genre filter or blacklisted)
2026-06-22 12:10  INFO  Skipped desfontaines-eurimedon (not in genre filter or blacklisted)
2026-06-22 12:10  INFO  Loaded desfontaines-perside (Tragedy)
2026-06-22 12:10  INFO  Loaded desfontaines-saint-genest (Tragedy)
2026-06-22 12:10  INFO  Loaded desfontaines-veritable-semiramis (Tragedy)
2026-06-22 12:10  INFO  Loaded deshoulieres-genseric (Tragedy)
2026-06-22 12:10  INFO  Skipped desjardins-favori (not in genre filter or blacklisted)
2026-06-22 12:10  INFO  Skipped desjardins-manlius (not in genre filter or blacklisted)
2026-06-22 12:10  INFO  Skipped desmarest-mirame (not in genre filter or blacklisted)
2026-06-22 12:10  INFO  Loaded desmarets-visionnaires (Comedy)
2026-06-22 12:10  INFO  Skipped desmares-roxelane (not in genre filter or blacklisted)
2026-06-22 12:10  INFO  Skipped diderot-entretien-d-alembert-diderot (not in genre filter or blacklisted)
2026-06-22 12:10  INFO  Skipped diderot-fils-naturel (not in genre filter or blacklisted)
2026-06-22 12:10  INFO  Skipped diderot-paradoxe-comedien (not in genre filter or blacklisted)
2026-06-22 12:10  INFO  Loaded diderot-pere-de-famille (Comedy)
2026-06-22 12:10  INFO  Skipped diderot-reve-d-alembert (not in genre filter or blacklisted)
2026-06-22 12:10  INFO  Loaded discret-noces-de-vaugirard (Comedy)
2026-06-22 12:10  INFO  Skipped donnay-eux (not in genre filter or blacklisted)
2026-06-22 12:10  INFO  Loaded donneau-de-vise-corneille-devineresse (Comedy)
2026-06-22 12:10  INFO  Loaded donneau-de-vise-dames-vengees (Comedy)
2026-06-22 12:10  INFO  Skipped donneau-de-vise-delie (not in genre filter or blacklisted)
2026-06-22 12:10  INFO  Loaded dorat-celibataire (Comedy)
2026-06-22 12:10  INFO  Skipped dorneval-jugement-de-paris (not in genre filter or blacklisted)
2026-06-22 12:10  INFO  Skipped dorneval-lesage-amours-de-nanterre (not in genre filter or blacklisted)
2026-06-22 12:10  INFO  Skipped dorneval-lesage-couplets-en-proces (not in genre filter or blacklisted)
2026-06-22 12:10  INFO  Skipped dorneval-lesage-opera-comique (not in genre filter or blacklisted)
2026-06-22 12:10  INFO  Skipped dorneval-lesage-reine-de-barostan (not in genre filter or blacklisted)
2026-06-22 12:10  INFO  Skipped archambault-on-fait-ce-qu-on-peut (not in genre filter or blacklisted)
2026-06-22 12:10  INFO  Skipped drault-le-chapeau-de-monsieur-poiret (not in genre filter or blacklisted)
2026-06-22 12:10  INFO  Skipped drault-le-mouchoir-de-chapuzot (not in genre filter or blacklisted)
2026-06-22 12:10  INFO  Skipped dreyfus-la-gifle (not in genre filter or blacklisted)
2026-06-22 12:10  INFO  Skipped dreyfus-un-crane-sous-une-tempete (not in genre filter or blacklisted)
2026-06-22 12:10  INFO  Skipped dreyfus-un-homme-en-habit-noir (not in genre filter or blacklisted)
2026-06-22 12:10  INFO  Skipped dubosc-balance-d-etat (not in genre filter or blacklisted)
2026-06-22 12:10  INFO  Skipped du-ryer-alcimedon (not in genre filter or blacklisted)
2026-06-22 12:10  INFO  Loaded du-ryer-alcionee (Tragedy)
2026-06-22 12:10  INFO  Skipped du-ryer-anaxandre (not in genre filter or blacklisted)
2026-06-22 12:10  INFO  Skipped du-ryer-argenis-poliarque (not in genre filter or blacklisted)
2026-06-22 12:10  INFO  Skipped du-ryer-berenice (not in genre filter or blacklisted)
2026-06-22 12:10  INFO  Skipped du-ryer-clarigene (not in genre filter or blacklisted)
2026-06-22 12:10  INFO  Skipped du-ryer-cleomedon (not in genre filter or blacklisted)
2026-06-22 12:10  INFO  Skipped du-ryer-clitophon (not in genre filter or blacklisted)
2026-06-22 12:10  INFO  Skipped du-ryer-dynamis (not in genre filter or blacklisted)
2026-06-22 12:10  INFO  Loaded du-ryer-esther (Tragedy)
2026-06-22 12:10  INFO  Skipped du-ryer-lisandre-caliste (not in genre filter or blacklisted)
2026-06-22 12:10  INFO  Loaded du-ryer-lucrece (Tragedy)
2026-06-22 12:10  INFO  Skipped du-ryer-nitocris (not in genre filter or blacklisted)
2026-06-22 12:10  INFO  Loaded du-ryer-saul (Tragedy)
2026-06-22 12:10  INFO  Loaded du-ryer-scevole (Tragedy)
2026-06-22 12:10  INFO  Loaded du-ryer-themistocle (Tragedy)
2026-06-22 12:10  INFO  Loaded du-ryer-vendanges-de-suresnes (Comedy)
2026-06-22 12:10  INFO  Loaded duche-absalon (Tragedy)
2026-06-22 12:10  INFO  Skipped duflot-desarbres-deux-hommes-pour-un-placard (not in genre filter or blacklisted)
2026-06-22 12:10  INFO  Loaded dufresny-faux-sincere (Comedy)
2026-06-22 12:10  INFO  Loaded dufresny-jaloux-honteux (Comedy)
2026-06-22 12:10  INFO  Loaded dufresny-joueuse (Comedy)
2026-06-22 12:10  INFO  Loaded dufresny-malade-sans-maladie (Comedy)
2026-06-22 12:10  INFO  Loaded dufresny-reconciliation-normande (Comedy)
2026-06-22 12:10  INFO  Skipped duhomme-chapelle-boileau (not in genre filter or blacklisted)
2026-06-22 12:10  INFO  Skipped dumaniant-dragon-de-thionville (not in genre filter or blacklisted)
2026-06-22 12:10  INFO  Skipped aigueberre-pan-et-doris (not in genre filter or blacklisted)
2026-06-22 12:10  INFO  Skipped aigueberre-polixene (not in genre filter or blacklisted)
2026-06-22 12:10  INFO  Skipped aigueberre-prologue (not in genre filter or blacklisted)
2026-06-22 12:10  INFO  Skipped dumas-don-juan (not in genre filter or blacklisted)
2026-06-22 12:10  INFO  Skipped dupaty-arlequin-tout-seul (not in genre filter or blacklisted)
2026-06-22 12:10  INFO  Skipped durant-a-bon-chat-bon-rat (not in genre filter or blacklisted)
2026-06-22 12:10  INFO  Skipped durant-a-laver-la-tete (not in genre filter or blacklisted)
2026-06-22 12:10  INFO  Skipped durant-bonne-renommee (not in genre filter or blacklisted)
2026-06-22 12:10  INFO  Skipped durant-jours-se-suivent (not in genre filter or blacklisted)
2026-06-22 12:10  INFO  Skipped durant-oisivete (not in genre filter or blacklisted)
2026-06-22 12:10  INFO  Skipped durant-on-ne-connait-pas-le-vin (not in genre filter or blacklisted)
2026-06-22 12:10  INFO  Skipped durant-pour-un-plaisir-mille-douleurs (not in genre filter or blacklisted)
2026-06-22 12:10  INFO  Skipped durant-qui-court-deux-lievres (not in genre filter or blacklisted)
2026-06-22 12:10  INFO  Skipped durant-tel-maitre-tel-valet (not in genre filter or blacklisted)
2026-06-22 12:10  INFO  Skipped durant-voyage-de-campagne (not in genre filter or blacklisted)
2026-06-22 12:10  INFO  Skipped durval-agarite (not in genre filter or blacklisted)
2026-06-22 12:10  INFO  Skipped depret-le-marquis-ernest (not in genre filter or blacklisted)
2026-06-22 12:10  INFO  Skipped depret-monsieur-cambrefort (not in genre filter or blacklisted)
2026-06-22 12:10  INFO  Skipped ecker-franc-macon-prisonnier (not in genre filter or blacklisted)
2026-06-22 12:10  INFO  Skipped euripide-cyclope (not in genre filter or blacklisted)
2026-06-22 12:10  INFO  Skipped fabre-d-eglantine-augusta (not in genre filter or blacklisted)
2026-06-22 12:10  INFO  Loaded fabre-d-eglantine-philinte-de-moliere (Comedy)
2026-06-22 12:10  INFO  Skipped fagan-isabelle-arlequin (not in genre filter or blacklisted)
2026-06-22 12:10  INFO  Skipped fagan-momus-a-paris (not in genre filter or blacklisted)
2026-06-22 12:10  INFO  Skipped fagan-pupille (not in genre filter or blacklisted)
2026-06-22 12:10  INFO  Skipped fagan-sylphe-suppose (not in genre filter or blacklisted)
2026-06-22 12:10  INFO  Skipped favart-acajou (not in genre filter or blacklisted)
2026-06-22 12:10  INFO  Skipped favart-amant-deguise (not in genre filter or blacklisted)
2026-06-22 12:10  INFO  Skipped favart-la-fille-mal-gardee (not in genre filter or blacklisted)
2026-06-22 12:10  INFO  Skipped favart-parmentier-hipolyte-aricie (not in genre filter or blacklisted)
2026-06-22 12:10  INFO  Skipped favart-voisenon-la-petite-iphigenie (not in genre filter or blacklisted)
2026-06-22 12:10  INFO  Skipped ferrier-larme-d-auvergnat (not in genre filter or blacklisted)
2026-06-22 12:10  INFO  Skipped feydeau-amour-et-piano (not in genre filter or blacklisted)
2026-06-22 12:10  INFO  Skipped feydeau-antipodes (not in genre filter or blacklisted)
2026-06-22 12:10  INFO  Skipped feydeau-billet-de-mille (not in genre filter or blacklisted)
2026-06-22 12:10  INFO  Skipped feydeau-celebres (not in genre filter or blacklisted)
2026-06-22 12:10  INFO  Skipped feydeau-colis (not in genre filter or blacklisted)
2026-06-22 12:10  INFO  Skipped feydeau-complainte-du-pauv-prorietaire (not in genre filter or blacklisted)
2026-06-22 12:10  INFO  Skipped feydeau-enfants (not in genre filter or blacklisted)
2026-06-22 12:10  INFO  Skipped feydeau-gibier-de-potence (not in genre filter or blacklisted)
2026-06-22 12:10  INFO  Skipped feydeau-homme-qui-n-aimait-pas-les-monologues (not in genre filter or blacklisted)
2026-06-22 12:10  INFO  Skipped feydeau-j-ai-mal-aux-dents (not in genre filter or blacklisted)
2026-06-22 12:10  INFO  Skipped feydeau-jure (not in genre filter or blacklisted)
2026-06-22 12:10  INFO  Skipped feydeau-l-homme-integre (not in genre filter or blacklisted)
2026-06-22 12:10  INFO  Skipped feydeau-le-volontaire (not in genre filter or blacklisted)
2026-06-22 12:10  INFO  Skipped feydeau-monsieur-qui-est-condamne (not in genre filter or blacklisted)
2026-06-22 12:10  INFO  Skipped feydeau-mouchoir (not in genre filter or blacklisted)
2026-06-22 12:10  INFO  Skipped feydeau-notre-futur (not in genre filter or blacklisted)
2026-06-22 12:10  INFO  Skipped feydeau-patte-en-l-air (not in genre filter or blacklisted)
2026-06-22 12:10  INFO  Skipped feydeau-petit-menage (not in genre filter or blacklisted)
2026-06-22 12:10  INFO  Skipped feydeau-petite-revoltee (not in genre filter or blacklisted)
2026-06-22 12:10  INFO  Skipped feydeau-potache (not in genre filter or blacklisted)
2026-06-22 12:10  INFO  Skipped feydeau-tout-a-brown-sequard (not in genre filter or blacklisted)
2026-06-22 12:10  INFO  Skipped feydeau-trop-vieux (not in genre filter or blacklisted)
2026-06-22 12:10  INFO  Skipped feydeau-un-coup-de-tete-1883 (not in genre filter or blacklisted)
2026-06-22 12:10  INFO  Skipped feydeau-un-coup-de-tete (not in genre filter or blacklisted)
2026-06-22 12:10  INFO  Skipped florian-bon-pere (not in genre filter or blacklisted)
2026-06-22 12:10  INFO  Skipped florian-deux-billets (not in genre filter or blacklisted)
2026-06-22 12:10  INFO  Skipped florian-hero-leandre (not in genre filter or blacklisted)
2026-06-22 12:10  INFO  Skipped florian-jumeaux-de-bergame (not in genre filter or blacklisted)
2026-06-22 12:10  INFO  Loaded folard-themistocle (Tragedy)
2026-06-22 12:10  INFO  Skipped fontenelle-endymion (not in genre filter or blacklisted)
2026-06-22 12:10  INFO  Skipped framery-la-colonie (not in genre filter or blacklisted)
2026-06-22 12:10  INFO  Skipped fuzelier-enfer-galant (not in genre filter or blacklisted)
2026-06-22 12:10  INFO  Skipped fuzelier-legrand-animaux-raisonnables (not in genre filter or blacklisted)
2026-06-22 12:10  INFO  Skipped fuzelier-orphee (not in genre filter or blacklisted)
2026-06-22 12:10  INFO  Skipped fuzelier-scaramouche-pedant (not in genre filter or blacklisted)
2026-06-22 12:10  INFO  Loaded fenelon-alexandre (Tragedy)
2026-06-22 12:10  INFO  Skipped gabriel-laboullaye-josephine (not in genre filter or blacklisted)
2026-06-22 12:10  INFO  Skipped villard-clown (not in genre filter or blacklisted)
2026-06-22 12:10  INFO  Skipped galoppe-amour-pris-aux-cheveux (not in genre filter or blacklisted)
2026-06-22 12:10  INFO  Skipped garniert-adelaide (not in genre filter or blacklisted)
2026-06-22 12:10  INFO  Skipped garniert-belle-mere (not in genre filter or blacklisted)
2026-06-22 12:10  INFO  Skipped garniert-bienfait-recompense (not in genre filter or blacklisted)
2026-06-22 12:10  INFO  Skipped garniert-bon-papa (not in genre filter or blacklisted)
2026-06-22 12:10  INFO  Skipped garniert-bon-pere (not in genre filter or blacklisted)
2026-06-22 12:10  INFO  Skipped garniert-bourse (not in genre filter or blacklisted)
2026-06-22 12:10  INFO  Skipped garniert-brunon (not in genre filter or blacklisted)
2026-06-22 12:10  INFO  Skipped garniert-dedit (not in genre filter or blacklisted)
2026-06-22 12:10  INFO  Skipped garniert-deux-pates (not in genre filter or blacklisted)
2026-06-22 12:10  INFO  Skipped garniert-dissipatrice (not in genre filter or blacklisted)
2026-06-22 12:10  INFO  Skipped garniert-epreuve (not in genre filter or blacklisted)
2026-06-22 12:10  INFO  Skipped garniert-etrennes (not in genre filter or blacklisted)
2026-06-22 12:10  INFO  Skipped garniert-joueuses (not in genre filter or blacklisted)
2026-06-22 12:10  INFO  Skipped garniert-marianne (not in genre filter or blacklisted)
2026-06-22 12:10  INFO  Skipped garniert-passe-dix (not in genre filter or blacklisted)
2026-06-22 12:10  INFO  Skipped garniert-saignee (not in genre filter or blacklisted)
2026-06-22 12:10  INFO  Skipped garniert-soeurs-de-lait (not in genre filter or blacklisted)
2026-06-22 12:10  INFO  Skipped garniert-trois-damis (not in genre filter or blacklisted)
2026-06-22 12:10  INFO  Skipped garniert-vocation-forcee (not in genre filter or blacklisted)
2026-06-22 12:10  INFO  Skipped garnier-bradamante (not in genre filter or blacklisted)
2026-06-22 12:10  INFO  Skipped gautiert-la-juive-de-constantine (not in genre filter or blacklisted)
2026-06-22 12:10  INFO  Skipped gautiert-pierre-corneille (not in genre filter or blacklisted)
2026-06-22 12:10  INFO  Skipped gautiert-une-larme-du-diable (not in genre filter or blacklisted)
2026-06-22 12:10  INFO  Loaded genest-joseph (Tragedy)
2026-06-22 12:10  INFO  Loaded genest-penelope (Tragedy)
2026-06-22 12:10  INFO  Loaded genest-zelonide (Tragedy)
2026-06-22 12:10  INFO  Skipped genlis-agar (not in genre filter or blacklisted)
2026-06-22 12:10  INFO  Loaded genlis-amant-anonyme (Comedy)
2026-06-22 12:10  INFO  Skipped genlis-belle-et-la-bete (not in genre filter or blacklisted)
2026-06-22 12:10  INFO  Skipped genlis-cinquieme-dialogue (not in genre filter or blacklisted)
2026-06-22 12:10  INFO  Skipped genlis-colombe (not in genre filter or blacklisted)
2026-06-22 12:10  INFO  Skipped genlis-curieuse (not in genre filter or blacklisted)
2026-06-22 12:10  INFO  Skipped genlis-enfant-gate (not in genre filter or blacklisted)
2026-06-22 12:10  INFO  Skipped genlis-flacons (not in genre filter or blacklisted)
2026-06-22 12:10  INFO  Loaded genlis-mere-rivale (Comedy)
2026-06-22 12:10  INFO  Skipped genlis-premier-dialogue (not in genre filter or blacklisted)
2026-06-22 12:10  INFO  Skipped genlis-quatrieme-dialogue (not in genre filter or blacklisted)
2026-06-22 12:10  INFO  Skipped genlis-ruth-noemi (not in genre filter or blacklisted)
2026-06-22 12:10  INFO  Skipped genlis-second-dialogue (not in genre filter or blacklisted)
2026-06-22 12:10  INFO  Skipped genlis-sixieme-dialogue (not in genre filter or blacklisted)
2026-06-22 12:10  INFO  Skipped genlis-troisieme-dialogue (not in genre filter or blacklisted)
2026-06-22 12:10  INFO  Skipped genlis-veuve-de-sarepte (not in genre filter or blacklisted)
2026-06-22 12:10  INFO  Skipped gerny-cyrano-a-la-foire (not in genre filter or blacklisted)
2026-06-22 12:10  INFO  Skipped giffard-manuscrit (not in genre filter or blacklisted)
2026-06-22 12:10  INFO  Skipped gilbert-rodogune (not in genre filter or blacklisted)
2026-06-22 12:10  INFO  Loaded gilbert-semiramis (Tragedy)
2026-06-22 12:10  INFO  Skipped gilbert-telephonte (not in genre filter or blacklisted)
2026-06-22 12:10  INFO  Skipped girard-derniere-nuit-de-camille-desmoulins (not in genre filter or blacklisted)
2026-06-22 12:10  INFO  Skipped goetschy-professeur-de-declamation (not in genre filter or blacklisted)
2026-06-22 12:10  INFO  Skipped gonnet-angelique (not in genre filter or blacklisted)
2026-06-22 12:10  INFO  Skipped gonnet-clementine (not in genre filter or blacklisted)
2026-06-22 12:10  INFO  Skipped gonnet-eugenie (not in genre filter or blacklisted)
2026-06-22 12:10  INFO  Skipped gonnet-euphemie (not in genre filter or blacklisted)
2026-06-22 12:10  INFO  Skipped gonnet-juliette-ou-la-danseuse (not in genre filter or blacklisted)
2026-06-22 12:10  INFO  Skipped gonnet-lisette (not in genre filter or blacklisted)
2026-06-22 12:10  INFO  Skipped gosse-auteur-dans-son-menage (not in genre filter or blacklisted)
2026-06-22 12:10  INFO  Skipped gouges-exclavage-des-noirs (not in genre filter or blacklisted)
2026-06-22 12:10  INFO  Skipped gouges-moliere-ninon (not in genre filter or blacklisted)
2026-06-22 12:10  INFO  Skipped goulard-agis (not in genre filter or blacklisted)
2026-06-22 12:10  INFO  Loaded graffigny-cenie (Comedy)
2026-06-22 12:10  INFO  Skipped graffigny-phaza (not in genre filter or blacklisted)
2026-06-22 12:10  INFO  Skipped grandval-eunuque (not in genre filter or blacklisted)
2026-06-22 12:10  INFO  Skipped grandval-temperament (not in genre filter or blacklisted)
2026-06-22 12:10  INFO  Skipped grenet-dancourt-la-chasse (not in genre filter or blacklisted)
2026-06-22 12:10  INFO  Skipped grenet-dancourt-paris (not in genre filter or blacklisted)
2026-06-22 12:10  INFO  Loaded gresset-edouard-iii (Tragedy)
2026-06-22 12:10  INFO  Skipped labaume-messe-de-gnide (not in genre filter or blacklisted)
2026-06-22 12:10  INFO  Skipped grosclaude-peche-a-la-ligne (not in genre filter or blacklisted)
2026-06-22 12:10  INFO  Loaded grevin-cesar (Tragedy)
2026-06-22 12:10  INFO  Loaded grevin-tresoriere (Comedy)
2026-06-22 12:10  INFO  Loaded gudin-lothaire (Tragedy)
2026-06-22 12:10  INFO  Skipped harny-sybille (not in genre filter or blacklisted)
2026-06-22 12:10  INFO  Skipped gueudeville-dialogues-de-lahontan-1704 (not in genre filter or blacklisted)
2026-06-22 12:10  INFO  Skipped gueullette-amant-cochemard (not in genre filter or blacklisted)
2026-06-22 12:10  INFO  Skipped gueullette-amant-poussif (not in genre filter or blacklisted)
2026-06-22 12:10  INFO  Skipped gueullette-chapeau-de-fortunatus (not in genre filter or blacklisted)
2026-06-22 12:10  INFO  Skipped gueullette-chaste-isabelle (not in genre filter or blacklisted)
2026-06-22 12:10  INFO  Skipped gueullette-confiance-des-cocus (not in genre filter or blacklisted)
2026-06-22 12:10  INFO  Skipped gueullette-fausses-envies (not in genre filter or blacklisted)
2026-06-22 12:10  INFO  Skipped gueullette-isabelle-grosse-par-vertu (not in genre filter or blacklisted)
2026-06-22 12:10  INFO  Skipped gueullette-leandre-fiacre (not in genre filter or blacklisted)
2026-06-22 12:10  INFO  Skipped gueullette-leandre-hongre (not in genre filter or blacklisted)
2026-06-22 12:10  INFO  Skipped gueullette-marchand-de-merde (not in genre filter or blacklisted)
2026-06-22 12:10  INFO  Skipped pixerecourt-victor (not in genre filter or blacklisted)
2026-06-22 12:10  INFO  Loaded guimont-de-la-touche-iphigenie (Tragedy)
2026-06-22 12:10  INFO  Skipped guerin-de-bouscal-dom-quixote-2 (not in genre filter or blacklisted)
2026-06-22 12:10  INFO  Skipped guerin-de-bouscal-dom-quixote (not in genre filter or blacklisted)
2026-06-22 12:10  INFO  Skipped guerin-de-bouscal-fils-desavoue (not in genre filter or blacklisted)
2026-06-22 12:10  INFO  Loaded guerin-de-bouscal-la-mort-de-brute-et-de-porcie (Tragedy)
2026-06-22 12:10  INFO  Skipped hardy-corine (not in genre filter or blacklisted)
2026-06-22 12:10  INFO  Skipped hardy-dorise (not in genre filter or blacklisted)
2026-06-22 12:10  INFO  Loaded hardy-meleagre (Tragedy)
2026-06-22 12:10  INFO  Loaded hauteroche-amant-flatte-point (Comedy)
2026-06-22 12:10  INFO  Skipped hervilly-de-calais-a-douvres (not in genre filter or blacklisted)
2026-06-22 12:10  INFO  Skipped hervilly-docteur-sans-pareil (not in genre filter or blacklisted)
2026-06-22 12:10  INFO  Skipped hervilly-la-soupiere (not in genre filter or blacklisted)
2026-06-22 12:10  INFO  Skipped hervilly-laitiere (not in genre filter or blacklisted)
2026-06-22 12:10  INFO  Skipped hervilly-les-revanches-de-l-escalier (not in genre filter or blacklisted)
2026-06-22 12:10  INFO  Skipped hervilly-magister (not in genre filter or blacklisted)
2026-06-22 12:10  INFO  Skipped hervilly-malade-reel (not in genre filter or blacklisted)
2026-06-22 12:10  INFO  Skipped hervilly-moliere-en-prison (not in genre filter or blacklisted)
2026-06-22 12:10  INFO  Skipped hervilly-pere-et-fils (not in genre filter or blacklisted)
2026-06-22 12:10  INFO  Skipped hervilly-silence-dans-les-rangs (not in genre filter or blacklisted)
2026-06-22 12:10  INFO  Skipped hervilly-soupe (not in genre filter or blacklisted)
2026-06-22 12:10  INFO  Skipped hoffman-original (not in genre filter or blacklisted)
2026-06-22 12:10  INFO  Skipped hoffman-phedre (not in genre filter or blacklisted)
2026-06-22 12:10  INFO  Skipped houssaye-la-comedie-a-la-fenetre (not in genre filter or blacklisted)
2026-06-22 12:10  INFO  Skipped hervieux-paul-et-pauline (not in genre filter or blacklisted)
2026-06-22 12:10  INFO  Skipped hugo-burgraves (not in genre filter or blacklisted)
2026-06-22 12:10  INFO  Skipped hugo-etre-aime (not in genre filter or blacklisted)
2026-06-22 12:10  INFO  Skipped hugo-hernani (not in genre filter or blacklisted)
2026-06-22 12:10  INFO  Skipped hugo-l-enroleur-politique (not in genre filter or blacklisted)
2026-06-22 12:10  INFO  Skipped hugo-les-deux-ages (not in genre filter or blacklisted)
2026-06-22 12:10  INFO  Skipped hugo-les-gueux (not in genre filter or blacklisted)
2026-06-22 12:10  INFO  Skipped hugo-prologue (not in genre filter or blacklisted)
2026-06-22 12:10  INFO  Skipped hugo-ruy-blas (not in genre filter or blacklisted)
2026-06-22 12:10  INFO  Skipped hugo-sur-la-lisiere-d-un-bois (not in genre filter or blacklisted)
2026-06-22 12:10  INFO  Skipped hugues-nuit-moliere (not in genre filter or blacklisted)
2026-06-22 12:10  INFO  Skipped hus-ingenu (not in genre filter or blacklisted)
2026-06-22 12:10  INFO  Loaded henault-marius-a-cirte (Tragedy)
2026-06-22 12:10  INFO  Skipped henault-temple-des-chimeres (not in genre filter or blacklisted)
2026-06-22 12:10  INFO  Skipped imbert-poinsinet-moliere (not in genre filter or blacklisted)
2026-06-22 12:10  INFO  Skipped jacquelin-rougemont-l-amour-al-anglaise (not in genre filter or blacklisted)
2026-06-22 12:10  INFO  Loaded jaquelin-soliman (Tragedy)
2026-06-22 12:10  INFO  Skipped jarry-ubu-roi (not in genre filter or blacklisted)
2026-06-22 12:10  INFO  Loaded jodelle-cleopatre (Tragedy)
2026-06-22 12:10  INFO  Loaded jodelle-didon (Tragedy)
2026-06-22 12:10  INFO  Loaded jodelle-eugene (Comedy)
2026-06-22 12:10  INFO  Skipped joliet-moliere (not in genre filter or blacklisted)
2026-06-22 12:10  INFO  Skipped joly-adrienne-lecouvreur (not in genre filter or blacklisted)
2026-06-22 12:10  INFO  Skipped joly-cinq-mars (not in genre filter or blacklisted)
2026-06-22 12:10  INFO  Skipped joly-fouquet-a-la-bastille (not in genre filter or blacklisted)
2026-06-22 12:10  INFO  Skipped joly-moliere (not in genre filter or blacklisted)
2026-06-22 12:10  INFO  Skipped joly-salomon (not in genre filter or blacklisted)
2026-06-22 12:10  INFO  Skipped jouy-gerny-les-bis (not in genre filter or blacklisted)
2026-06-22 12:10  INFO  Skipped jouy-les-bancs-de-la-promenade (not in genre filter or blacklisted)
2026-06-22 12:10  INFO  Skipped jouy-sermet-ah-mince (not in genre filter or blacklisted)
2026-06-22 12:10  INFO  Skipped kolb-soubrette-de-moliere (not in genre filter or blacklisted)
2026-06-22 12:10  INFO  Loaded l-estoile-belle-esclave (Comedy)
2026-06-22 12:10  INFO  Loaded l-estoile-intrigue-des-filous (Comedy)
2026-06-22 12:10  INFO  Skipped l-estoile-maistre-galimathias (not in genre filter or blacklisted)
2026-06-22 12:10  INFO  Skipped la-calprenede-bradamante (not in genre filter or blacklisted)
2026-06-22 12:10  INFO  Skipped la-calprenede-clarionte (not in genre filter or blacklisted)
2026-06-22 12:10  INFO  Loaded la-calprenede-comte-d-essex (Tragedy)
2026-06-22 12:10  INFO  Skipped la-calprenede-edouard (not in genre filter or blacklisted)
2026-06-22 12:10  INFO  Loaded la-calprenede-enfants-d-herode (Tragedy)
2026-06-22 12:10  INFO  Loaded la-calprenede-hermenegilde (Tragedy)
2026-06-22 12:10  INFO  Loaded la-calprenede-jeanne (Tragedy)
2026-06-22 12:10  INFO  Loaded la-calprenede-mort-mitrhidate (Tragedy)
2026-06-22 12:10  INFO  Loaded la-calprenede-phalante (Tragedy)
2026-06-22 12:10  INFO  Loaded la-chapelle-zaide (Tragedy)
2026-06-22 12:10  INFO  Skipped lafont-lesage-querelle-des-theatres (not in genre filter or blacklisted)
2026-06-22 12:10  INFO  Skipped la-fontaine-daphne (not in genre filter or blacklisted)
2026-06-22 12:10  INFO  Loaded la-fontaine-eunuque (Comedy)
2026-06-22 12:10  INFO  Skipped la-fontaine-galatee (not in genre filter or blacklisted)
2026-06-22 12:10  INFO  Loaded la-fontaine-ragotin (Comedy)
2026-06-22 12:10  INFO  Skipped la-fontaine-rieurs-du-beau-richard (not in genre filter or blacklisted)
2026-06-22 12:10  INFO  Loaded la-fosse-manlius (Tragedy)
2026-06-22 12:10  INFO  Loaded la-harpe-comte-de-warwick (Tragedy)
2026-06-22 12:10  INFO  Skipped la-harpe-melanie (not in genre filter or blacklisted)
2026-06-22 12:10  INFO  Skipped la-harpe-philoctete (not in genre filter or blacklisted)
2026-06-22 12:10  INFO  Loaded la-mesnardiere-alinde (Tragedy)
2026-06-22 12:10  INFO  Loaded la-motte-canente (Tragedy)
2026-06-22 12:10  INFO  Loaded la-motte-ines-de-castro (Tragedy)
2026-06-22 12:10  INFO  Loaded la-motte-machabees (Tragedy)
2026-06-22 12:10  INFO  Loaded la-motte-omphale (Tragedy)
2026-06-22 12:10  INFO  Loaded la-motte-scanderberg (Tragedy)
2026-06-22 12:10  INFO  Skipped gillet-art-de-regner (not in genre filter or blacklisted)
2026-06-22 12:10  INFO  Loaded gillet-campagnard (Comedy)
2026-06-22 12:10  INFO  Loaded gillet-deniaise (Comedy)
2026-06-22 12:10  INFO  Loaded gillet-francion (Comedy)
2026-06-22 12:10  INFO  Loaded la-thuilerie-hercule (Tragedy)
2026-06-22 12:10  INFO  Loaded la-thuilerie-soliman (Tragedy)
2026-06-22 12:10  INFO  Skipped labiche-coup-de-rasoir (not in genre filter or blacklisted)
2026-06-22 12:10  INFO  Skipped labiche-michel-deux-timides (not in genre filter or blacklisted)
2026-06-22 12:10  INFO  Skipped laforgue-nuit-de-noces (not in genre filter or blacklisted)
2026-06-22 12:10  INFO  Skipped lagarde-l-hermitte-le-politicomane (not in genre filter or blacklisted)
2026-06-22 12:10  INFO  Loaded lagrange-chancel-amasis (Tragedy)
2026-06-22 12:10  INFO  Loaded lagrange-chancel-meleagre (Tragedy)
2026-06-22 12:10  INFO  Loaded lagrange-chancel-oreste (Tragedy)
2026-06-22 12:10  INFO  Loaded laignelot-agis (Tragedy)
2026-06-22 12:10  INFO  Skipped lamy-barbier-janot-le-finaud (not in genre filter or blacklisted)
2026-06-22 12:10  INFO  Skipped launay-la-lettre-rose (not in genre filter or blacklisted)
2026-06-22 12:10  INFO  Loaded le-franc-didon (Tragedy)
2026-06-22 12:10  INFO  Loaded ouville-absent-chez-soi (Comedy)
2026-06-22 12:10  INFO  Loaded ouville-fausses-verites (Comedy)
2026-06-22 12:10  INFO  Loaded ouville-soupcons (Comedy)
2026-06-22 12:10  INFO  Skipped le-noble-cibisme (not in genre filter or blacklisted)
2026-06-22 12:10  INFO  Skipped le-noble-entretien-scarron-moliere (not in genre filter or blacklisted)
2026-06-22 12:10  INFO  Skipped le-senne-reveil-corneille (not in genre filter or blacklisted)
2026-06-22 12:10  INFO  Skipped le-tellier-dom-juan (not in genre filter or blacklisted)
2026-06-22 12:10  INFO  Loaded le-vayer-grand-selim (Tragedy)
2026-06-22 12:10  INFO  Skipped lebardin-au-clair-de-la-lune (not in genre filter or blacklisted)
2026-06-22 12:10  INFO  Loaded leclerc-iphigenie (Tragedy)
2026-06-22 12:10  INFO  Skipped leclercq-folle (not in genre filter or blacklisted)
2026-06-22 12:10  INFO  Skipped legouve-autour-d-un-berceau (not in genre filter or blacklisted)
2026-06-22 12:10  INFO  Skipped legouvee-fleur-de-tlemcen (not in genre filter or blacklisted)
2026-06-22 12:10  INFO  Loaded legouve-eteocle (Tragedy)
2026-06-22 12:10  INFO  Loaded legouve-laurence-orzano (Tragedy)
2026-06-22 12:10  INFO  Loaded legouve-polixene (Tragedy)
2026-06-22 12:10  INFO  Loaded legouve-attilie (Tragedy)
2026-06-22 12:10  INFO  Skipped lemercier-bavardes (not in genre filter or blacklisted)
2026-06-22 12:10  INFO  Skipped lemercier-la-maladroite (not in genre filter or blacklisted)
2026-06-22 12:10  INFO  Skipped lemercier-la-petite-princesse (not in genre filter or blacklisted)
2026-06-22 12:10  INFO  Skipped lemercier-oh-maman (not in genre filter or blacklisted)
2026-06-22 12:10  INFO  Skipped lemerciere-carnot-malade (not in genre filter or blacklisted)
2026-06-22 12:10  INFO  Skipped lemerciere-l-enfant-la-vieille-et-le-baudet (not in genre filter or blacklisted)
2026-06-22 12:10  INFO  Skipped lemerciere-le-miracle-rate (not in genre filter or blacklisted)
2026-06-22 12:10  INFO  Loaded lemierre-artaxerce (Tragedy)
2026-06-22 12:10  INFO  Loaded lemierre-guillaume-tell (Tragedy)
2026-06-22 12:10  INFO  Loaded lemierre-idomenee (Tragedy)
2026-06-22 12:10  INFO  Loaded lemierre-veuve-malabar (Tragedy)
2026-06-22 12:10  INFO  Skipped leroy-moliere-et-les-deux-thalies (not in genre filter or blacklisted)
2026-06-22 12:10  INFO  Skipped fuzelier-lesage-tableau-du-mariage (not in genre filter or blacklisted)
2026-06-22 12:10  INFO  Loaded lesage-turcaret (Comedy)
2026-06-22 12:10  INFO  Skipped lescarbot-neptune (not in genre filter or blacklisted)
2026-06-22 12:10  INFO  Loaded linant-alzaide (Tragedy)
2026-06-22 12:10  INFO  Skipped liquier-amour-electrique (not in genre filter or blacklisted)
2026-06-22 12:10  INFO  Skipped liquier-mon-futur (not in genre filter or blacklisted)
2026-06-22 12:10  INFO  Skipped charles-adolphe-masson-le-tir-au-pistolet (not in genre filter or blacklisted)
2026-06-22 12:10  INFO  Loaded longepierre-la-mort-de-solon (Tragedy)
2026-06-22 12:10  INFO  Loaded longepierre-medee (Tragedy)
2026-06-22 12:10  INFO  Skipped lucas-christophe-colomb (not in genre filter or blacklisted)
2026-06-22 12:10  INFO  Loaded magnon-artaxerxe (Tragedy)
2026-06-22 12:10  INFO  Loaded magnon-jeanne-de-naples (Tragedy)
2026-06-22 12:10  INFO  Skipped magnon-josaphat (not in genre filter or blacklisted)
2026-06-22 12:10  INFO  Skipped magnon-mariage-oroondate (not in genre filter or blacklisted)
2026-06-22 12:10  INFO  Loaded magnon-sejanus (Tragedy)
2026-06-22 12:11  INFO  Loaded magnon-tamerlan (Tragedy)
2026-06-22 12:11  INFO  Loaded magnon-zenobie (Tragedy)
2026-06-22 12:11  INFO  Skipped maintenon-conversations (not in genre filter or blacklisted)
2026-06-22 12:11  INFO  Skipped mairet-athenais (not in genre filter or blacklisted)
2026-06-22 12:11  INFO  Skipped mairet-illustre-corsaire (not in genre filter or blacklisted)
2026-06-22 12:11  INFO  Loaded mairet-sophonisbe (Tragedy)
2026-06-22 12:11  INFO  Skipped malezieu-polichinelle-academie (not in genre filter or blacklisted)
2026-06-22 12:11  INFO  Skipped mareschala-cour-bergere (not in genre filter or blacklisted)
2026-06-22 12:11  INFO  Skipped mareschala-dictateur-romain (not in genre filter or blacklisted)
2026-06-22 12:11  INFO  Skipped mareschala-genereuse-allemande-2 (not in genre filter or blacklisted)
2026-06-22 12:11  INFO  Skipped mareschala-genereuse-allemande (not in genre filter or blacklisted)
2026-06-22 12:11  INFO  Skipped mareschala-inconstance-d-hylas (not in genre filter or blacklisted)
2026-06-22 12:11  INFO  Loaded mareschala-jugement (Tragedy)
2026-06-22 12:11  INFO  Skipped mareschala-mauzolee (not in genre filter or blacklisted)
2026-06-22 12:11  INFO  Loaded mareschala-railleur (Comedy)
2026-06-22 12:11  INFO  Skipped mareschala-soeur-valeureuse (not in genre filter or blacklisted)
2026-06-22 12:11  INFO  Loaded mareschala-veritable-capitaine-matamore (Comedy)
2026-06-22 12:11  INFO  Loaded marivaux-annibal (Tragedy)
2026-06-22 12:11  INFO  Skipped marivaux-ile-des-esclaves (not in genre filter or blacklisted)
2026-06-22 12:11  INFO  Skipped marivaux-prejuge-vaincu (not in genre filter or blacklisted)
2026-06-22 12:11  INFO  Loaded marivaux-serments-indiscrets (Comedy)
2026-06-22 12:11  INFO  Skipped marmontel-hercule-mourant (not in genre filter or blacklisted)
2026-06-22 12:11  INFO  Skipped marolles-avaricieux (not in genre filter or blacklisted)
2026-06-22 12:11  INFO  Skipped masson-le-proces-du-baiser (not in genre filter or blacklisted)
2026-06-22 12:11  INFO  Skipped maupassant-une-repetition (not in genre filter or blacklisted)
2026-06-22 12:11  INFO  Skipped merle-a-bas-moliere (not in genre filter or blacklisted)
2026-06-22 12:11  INFO  Skipped mercier-destruction-de-la-ligue (not in genre filter or blacklisted)
2026-06-22 12:11  INFO  Skipped mercier-habitant-guadeloupe (not in genre filter or blacklisted)
2026-06-22 12:11  INFO  Skipped mercier-jenneval (not in genre filter or blacklisted)
2026-06-22 12:11  INFO  Skipped mercier-tombeaux-de-verone (not in genre filter or blacklisted)
2026-06-22 12:11  INFO  Skipped millevoye-dialogue-lucien-boileau (not in genre filter or blacklisted)
2026-06-22 12:11  INFO  Skipped millot-moliere-et-sa-servante (not in genre filter or blacklisted)
2026-06-22 12:11  INFO  Skipped minier-songe-de-moliere (not in genre filter or blacklisted)
2026-06-22 12:11  INFO  Skipped mirbeau-les-amants (not in genre filter or blacklisted)
2026-06-22 12:11  INFO  Skipped mirbeau-litterature (not in genre filter or blacklisted)
2026-06-22 12:11  INFO  Skipped mirbeau-vieux-menage (not in genre filter or blacklisted)
2026-06-22 12:11  INFO  Skipped moinaux-ah-que-les-plaisirs-sont-doux (not in genre filter or blacklisted)
2026-06-22 12:11  INFO  Skipped moinaux-bon-pere-mais-pochard (not in genre filter or blacklisted)
2026-06-22 12:11  INFO  Skipped moinaux-deux-amateurs-de-saucissons (not in genre filter or blacklisted)
2026-06-22 12:11  INFO  Skipped moinaux-l-aveugle-qui-conduit-son-chien (not in genre filter or blacklisted)
2026-06-22 12:11  INFO  Skipped moinaux-l-homme-qui-bat-les-femmes (not in genre filter or blacklisted)
2026-06-22 12:11  INFO  Skipped moinaux-l-homme-qui-joue-sa-culotte (not in genre filter or blacklisted)
2026-06-22 12:11  INFO  Skipped moinaux-l-homme-universel (not in genre filter or blacklisted)
2026-06-22 12:11  INFO  Skipped moinaux-l-oie-aux-marrons (not in genre filter or blacklisted)
2026-06-22 12:11  INFO  Skipped moinaux-la-casquette-affranchie (not in genre filter or blacklisted)
2026-06-22 12:11  INFO  Skipped moinaux-la-fiacre-cuisine (not in genre filter or blacklisted)
2026-06-22 12:11  INFO  Skipped moinaux-la-rognure-d-ongles (not in genre filter or blacklisted)
2026-06-22 12:11  INFO  Skipped moinaux-la-sauce-d-un-lapin (not in genre filter or blacklisted)
2026-06-22 12:11  INFO  Skipped moinaux-la-victime-de-la-defunte (not in genre filter or blacklisted)
2026-06-22 12:11  INFO  Skipped moinaux-le-cafe-de-la-portiere (not in genre filter or blacklisted)
2026-06-22 12:11  INFO  Skipped moinaux-le-catechisme-poissard (not in genre filter or blacklisted)
2026-06-22 12:11  INFO  Skipped moinaux-le-chantage-a-la-clarinette (not in genre filter or blacklisted)
2026-06-22 12:11  INFO  Skipped moinaux-le-grenouille-a-queue (not in genre filter or blacklisted)
2026-06-22 12:11  INFO  Skipped moinaux-le-joyeux-decroteur (not in genre filter or blacklisted)
2026-06-22 12:11  INFO  Skipped moinaux-le-lapin-de-la-portiere (not in genre filter or blacklisted)
2026-06-22 12:11  INFO  Skipped moinaux-le-mendiant-en-voiture (not in genre filter or blacklisted)
2026-06-22 12:11  INFO  Skipped moinaux-le-professeur-de-respiration (not in genre filter or blacklisted)
2026-06-22 12:11  INFO  Skipped moinaux-le-tambour-magistrat (not in genre filter or blacklisted)
2026-06-22 12:11  INFO  Skipped moinaux-les-bottes-de-tourillon (not in genre filter or blacklisted)
2026-06-22 12:11  INFO  Skipped moinaux-les-freres-hareng (not in genre filter or blacklisted)
2026-06-22 12:11  INFO  Skipped moinaux-les-gueuletons-d-une-debitrice (not in genre filter or blacklisted)
2026-06-22 12:11  INFO  Skipped moinaux-oreste-et-pylade (not in genre filter or blacklisted)
2026-06-22 12:11  INFO  Skipped moinaux-un-besoin-imperieux (not in genre filter or blacklisted)
2026-06-22 12:11  INFO  Skipped moinaux-un-brocanteur-sans-le-savoir (not in genre filter or blacklisted)
2026-06-22 12:11  INFO  Skipped moinaux-un-cercle-vicieux (not in genre filter or blacklisted)
2026-06-22 12:11  INFO  Skipped moinaux-un-enfant-derange (not in genre filter or blacklisted)
2026-06-22 12:11  INFO  Skipped moinaux-une-date-nefaste (not in genre filter or blacklisted)
2026-06-22 12:11  INFO  Skipped moinaux-une-gifle-prescrite (not in genre filter or blacklisted)
2026-06-22 12:11  INFO  Skipped moinaux-une-parente-entortillee (not in genre filter or blacklisted)
2026-06-22 12:11  INFO  Skipped moissy-comedie (not in genre filter or blacklisted)
2026-06-22 12:11  INFO  Skipped moissy-deux-medecines (not in genre filter or blacklisted)
2026-06-22 12:11  INFO  Skipped moissy-duel (not in genre filter or blacklisted)
2026-06-22 12:11  INFO  Skipped moissy-gourmandes (not in genre filter or blacklisted)
2026-06-22 12:11  INFO  Skipped moissy-goute (not in genre filter or blacklisted)
2026-06-22 12:11  INFO  Skipped moissy-habit-sans-galons (not in genre filter or blacklisted)
2026-06-22 12:11  INFO  Skipped moissy-heureux-naturel (not in genre filter or blacklisted)
2026-06-22 12:11  INFO  Skipped moissy-liaisons-dangereuses (not in genre filter or blacklisted)
2026-06-22 12:11  INFO  Skipped moissy-malheur-imprevu (not in genre filter or blacklisted)
2026-06-22 12:11  INFO  Skipped moissy-menuet (not in genre filter or blacklisted)
2026-06-22 12:11  INFO  Skipped moissy-moineaux (not in genre filter or blacklisted)
2026-06-22 12:11  INFO  Skipped moissy-petit-paysan (not in genre filter or blacklisted)
2026-06-22 12:11  INFO  Skipped moissy-petite-verole (not in genre filter or blacklisted)
2026-06-22 12:11  INFO  Skipped moissy-piece-de-vers (not in genre filter or blacklisted)
2026-06-22 12:11  INFO  Skipped moissy-poches (not in genre filter or blacklisted)
2026-06-22 12:11  INFO  Skipped moissy-poupee (not in genre filter or blacklisted)
2026-06-22 12:11  INFO  Skipped moissy-prejuges (not in genre filter or blacklisted)
2026-06-22 12:11  INFO  Skipped moissy-quiproquo (not in genre filter or blacklisted)
2026-06-22 12:11  INFO  Skipped moissy-revenants (not in genre filter or blacklisted)
2026-06-22 12:11  INFO  Skipped moissy-version (not in genre filter or blacklisted)
2026-06-22 12:11  INFO  Loaded moliere-amants-magnifiques (Comedy)
2026-06-22 12:11  INFO  Loaded moliere-avare (Comedy)
2026-06-22 12:11  INFO  Loaded moliere-bourgeois-gentilhomme (Comedy)
2026-06-22 12:11  INFO  Loaded moliere-depit-amoureux (Comedy)
2026-06-22 12:11  INFO  Skipped moliere-divertissement-chambord (not in genre filter or blacklisted)
2026-06-22 12:11  INFO  Loaded moliere-dom-garcie-de-navarre (Comedy)
2026-06-22 12:11  INFO  Loaded moliere-dom-juan (Comedy)
2026-06-22 12:11  INFO  Loaded moliere-ecole-des-femmes (Comedy)
2026-06-22 12:11  INFO  Loaded moliere-etourdi (Comedy)
2026-06-22 12:11  INFO  Loaded moliere-femmes-savantes (Comedy)
2026-06-22 12:11  INFO  Loaded moliere-festin-de-pierre (Comedy)
2026-06-22 12:11  INFO  Loaded moliere-misanthrope (Comedy)
2026-06-22 12:11  INFO  Skipped moliere-princesse-d-elide (not in genre filter or blacklisted)
2026-06-22 12:11  INFO  Skipped moliere-psyche (not in genre filter or blacklisted)
2026-06-22 12:11  INFO  Loaded moliere-tartuffe (Comedy)
2026-06-22 12:11  INFO  Skipped monnier-la-grisette-et-l-etudiant (not in genre filter or blacklisted)
2026-06-22 12:11  INFO  Skipped monnier-les-deux-gougnottes (not in genre filter or blacklisted)
2026-06-22 12:11  INFO  Skipped mons-dernier-klephte (not in genre filter or blacklisted)
2026-06-22 12:11  INFO  Skipped monselet-arene-ilote (not in genre filter or blacklisted)
2026-06-22 12:11  INFO  Skipped monselet-livre-leste (not in genre filter or blacklisted)
2026-06-22 12:11  INFO  Skipped monselet-par-la-poste (not in genre filter or blacklisted)
2026-06-22 12:11  INFO  Skipped monselet-pastilles-de-richelieu (not in genre filter or blacklisted)
2026-06-22 12:11  INFO  Skipped monselet-rhumatisme (not in genre filter or blacklisted)
2026-06-22 12:11  INFO  Skipped monselet-richard-les-trois-gendarmes (not in genre filter or blacklisted)
2026-06-22 12:11  INFO  Skipped monselet-voyage-dans-mes-poches (not in genre filter or blacklisted)
2026-06-22 12:11  INFO  Skipped pousset-de-montauban-felicie (not in genre filter or blacklisted)
2026-06-22 12:11  INFO  Loaded pousset-de-montauban-zenobie (Tragedy)
2026-06-22 12:11  INFO  Loaded monchretien-ecossaise-1604 (Tragedy)
2026-06-22 12:11  INFO  Loaded montchretien-aman (Tragedy)
2026-06-22 12:11  INFO  Loaded montchretien-carthaginoise (Tragedy)
2026-06-22 12:11  INFO  Loaded montchretien-david (Tragedy)
2026-06-22 12:11  INFO  Loaded montchretien-hector (Tragedy)
2026-06-22 12:11  INFO  Loaded montchretien-lacenes (Tragedy)
2026-06-22 12:11  INFO  Loaded montgaudier-natalie (Tragedy)
2026-06-22 12:11  INFO  Skipped mousset-zut (not in genre filter or blacklisted)
2026-06-22 12:11  INFO  Skipped musset-andre-del-sarto (not in genre filter or blacklisted)
2026-06-22 12:11  INFO  Skipped musset-ane (not in genre filter or blacklisted)
2026-06-22 12:11  INFO  Skipped musset-caprice (not in genre filter or blacklisted)
2026-06-22 12:11  INFO  Skipped musset-fantasio (not in genre filter or blacklisted)
2026-06-22 12:11  INFO  Skipped musset-il-faut-qu-une-porte-soit-ouverte-ou-fermee (not in genre filter or blacklisted)
2026-06-22 12:11  INFO  Skipped musset-il-ne-faut-jurer-de-rien (not in genre filter or blacklisted)
2026-06-22 12:11  INFO  Skipped musset-la-coupe-et-les-levres (not in genre filter or blacklisted)
2026-06-22 12:11  INFO  Skipped musset-les-nuits (not in genre filter or blacklisted)
2026-06-22 12:11  INFO  Skipped musset-lorenzaccio (not in genre filter or blacklisted)
2026-06-22 12:11  INFO  Skipped musset-on-ne-saurait-penser-a-tout (not in genre filter or blacklisted)
2026-06-22 12:11  INFO  Skipped vigny-quitte-pour-la-peur (not in genre filter or blacklisted)
2026-06-22 12:11  INFO  Skipped melandri-halle-aux-baisers (not in genre filter or blacklisted)
2026-06-22 12:11  INFO  Skipped saint-just-petite-maison (not in genre filter or blacklisted)
2026-06-22 12:11  INFO  Loaded nadal-antiochus (Tragedy)
2026-06-22 12:11  INFO  Skipped nadal-epouse-du-cantique (not in genre filter or blacklisted)
2026-06-22 12:11  INFO  Skipped nadal-esther (not in genre filter or blacklisted)
2026-06-22 12:11  INFO  Loaded nadal-herode (Tragedy)
2026-06-22 12:11  INFO  Loaded nadal-mariamne (Tragedy)
2026-06-22 12:11  INFO  Loaded nadal-osarphis-moise (Tragedy)
2026-06-22 12:11  INFO  Skipped nadal-paradis-terrestre (not in genre filter or blacklisted)
2026-06-22 12:11  INFO  Loaded nadal-saul (Tragedy)
2026-06-22 12:11  INFO  Skipped nadaud-double-aveu (not in genre filter or blacklisted)
2026-06-22 12:11  INFO  Skipped nadaud-examen (not in genre filter or blacklisted)
2026-06-22 12:11  INFO  Skipped nadaud-le-conte-du-garde (not in genre filter or blacklisted)
2026-06-22 12:11  INFO  Skipped nadaud-oraison-funebre (not in genre filter or blacklisted)
2026-06-22 12:11  INFO  Skipped nadaud-proverbe-manque (not in genre filter or blacklisted)
2026-06-22 12:11  INFO  Skipped nerval-une-repetition (not in genre filter or blacklisted)
2026-06-22 12:11  INFO  Skipped nittis-au-declin (not in genre filter or blacklisted)
2026-06-22 12:11  INFO  Loaded nivelle-ecole-des-amis (Comedy)
2026-06-22 12:11  INFO  Loaded nivelle-ecole-meres (Comedy)
2026-06-22 12:11  INFO  Loaded nivelle-gouvernante (Comedy)
2026-06-22 12:11  INFO  Loaded nivelle-prejuge-a-la-mode (Comedy)
2026-06-22 12:11  INFO  Skipped normand-claqueurs (not in genre filter or blacklisted)
2026-06-22 12:11  INFO  Skipped normand-les-petits-cadeaux (not in genre filter or blacklisted)
2026-06-22 12:11  INFO  Skipped normand-tentations-d-antoine (not in genre filter or blacklisted)
2026-06-22 12:11  INFO  Loaded nericault-glorieux (Comedy)
2026-06-22 12:11  INFO  Skipped onhet-aux-avants-postes (not in genre filter or blacklisted)
2026-06-22 12:11  INFO  Skipped pg-a-la-monaco (not in genre filter or blacklisted)
2026-06-22 12:11  INFO  Skipped pg-amour (not in genre filter or blacklisted)
2026-06-22 12:11  INFO  Skipped pg-carnaval-du-baron (not in genre filter or blacklisted)
2026-06-22 12:11  INFO  Skipped pg-fausse-invite (not in genre filter or blacklisted)
2026-06-22 12:11  INFO  Skipped pg-thesee (not in genre filter or blacklisted)
2026-06-22 12:11  INFO  Loaded pacaroni-bajazet-premier (Tragedy)
2026-06-22 12:11  INFO  Skipped pages-moliere-a-pezenas (not in genre filter or blacklisted)
2026-06-22 12:11  INFO  Skipped pain-riou-chouans (not in genre filter or blacklisted)
2026-06-22 12:11  INFO  Loaded palaprat-le-muet (Comedy)
2026-06-22 12:11  INFO  Skipped palaprat-les-sifflets (not in genre filter or blacklisted)
2026-06-22 12:11  INFO  Loaded palissot-ninus (Tragedy)
2026-06-22 12:11  INFO  Skipped panard-critique-a-l-opera-comique (not in genre filter or blacklisted)
2026-06-22 12:11  INFO  Skipped panard-le-magasin-des-modernes (not in genre filter or blacklisted)
2026-06-22 12:11  INFO  Skipped panard-le-reve (not in genre filter or blacklisted)
2026-06-22 12:11  INFO  Skipped panard-rien (not in genre filter or blacklisted)
2026-06-22 12:11  INFO  Skipped pascal-endymion (not in genre filter or blacklisted)
2026-06-22 12:11  INFO  Loaded pellegrin-tibere (Tragedy)
2026-06-22 12:11  INFO  Skipped perrault-dialogue-de-l-amour-et-de-l-amitie (not in genre filter or blacklisted)
2026-06-22 12:11  INFO  Skipped philidor-la-noce-de-village (not in genre filter or blacklisted)
2026-06-22 12:11  INFO  Skipped pic-aricie (not in genre filter or blacklisted)
2026-06-22 12:11  INFO  Skipped piis-cassandre-astrologue (not in genre filter or blacklisted)
2026-06-22 12:11  INFO  Skipped piron-arlequin-decalion (not in genre filter or blacklisted)
2026-06-22 12:11  INFO  Loaded piron-ecole-peres (Comedy)
2026-06-22 12:11  INFO  Skipped piron-fausse-alarme (not in genre filter or blacklisted)
2026-06-22 12:11  INFO  Loaded piron-gustave-wasa (Tragedy)
2026-06-22 12:11  INFO  Loaded piron-metromanie (Comedy)
2026-06-22 12:11  INFO  Skipped duvaucuel-chapeau-bleu (not in genre filter or blacklisted)
2026-06-22 12:11  INFO  Skipped pirouette-jeune-homme-bleme (not in genre filter or blacklisted)
2026-06-22 12:11  INFO  Skipped plancher-verre-d-eau (not in genre filter or blacklisted)
2026-06-22 12:11  INFO  Loaded plaute-amphitryon (Comedy)
2026-06-22 12:11  INFO  Loaded plaute-aululaire (Comedy)
2026-06-22 12:11  INFO  Loaded poinsinet-ajax (Tragedy)
2026-06-22 12:11  INFO  Skipped poinsinet-fra-maconnes (not in genre filter or blacklisted)
2026-06-22 12:11  INFO  Skipped poisson-sot-venge (not in genre filter or blacklisted)
2026-06-22 12:11  INFO  Loaded prade-arsace (Tragedy)
2026-06-22 12:11  INFO  Skipped pradel-trait-de-moliere (not in genre filter or blacklisted)
2026-06-22 12:11  INFO  Loaded pradon-mort-de-bajazet (Tragedy)
2026-06-22 12:11  INFO  Loaded pradon-phedre (Tragedy)
2026-06-22 12:11  INFO  Loaded pradon-regulus (Tragedy)
2026-06-22 12:11  INFO  Loaded pradon-scipion (Tragedy)
2026-06-22 12:11  INFO  Loaded pradon-statira (Tragedy)
2026-06-22 12:11  INFO  Skipped puget-de-la-serre-climene (not in genre filter or blacklisted)
2026-06-22 12:11  INFO  Loaded puget-de-la-serre-le-pyrame (Tragedy)
2026-06-22 12:11  INFO  Loaded puget-de-la-serre-martyre-sainte-catherine (Tragedy)
2026-06-22 12:11  INFO  Loaded puget-de-la-serre-pandoste-i (Tragedy)
2026-06-22 12:11  INFO  Loaded puget-de-la-serre-pandoste-ii (Tragedy)
2026-06-22 12:11  INFO  Loaded puget-de-la-serre-sac-de-carthage (Tragedy)
2026-06-22 12:11  INFO  Loaded puget-de-la-serre-thesee (Tragedy)
2026-06-22 12:11  INFO  Loaded puget-de-la-serre-thomas-morus (Tragedy)
2026-06-22 12:11  INFO  Skipped pure-deroute-des-precieuses (not in genre filter or blacklisted)
2026-06-22 12:11  INFO  Loaded pure-ostorius (Tragedy)
2026-06-22 12:11  INFO  Loaded pechantre-geta (Tragedy)
2026-06-22 12:11  INFO  Skipped perin-camille-desmoulins (not in genre filter or blacklisted)
2026-06-22 12:11  INFO  Skipped quinault-agrippa (not in genre filter or blacklisted)
2026-06-22 12:11  INFO  Skipped quinault-alceste (not in genre filter or blacklisted)
2026-06-22 12:11  INFO  Skipped quinault-amalasonte (not in genre filter or blacklisted)
2026-06-22 12:11  INFO  Skipped quinault-armide (not in genre filter or blacklisted)
2026-06-22 12:11  INFO  Loaded quinault-astrate (Tragedy)
2026-06-22 12:11  INFO  Loaded quinault-atys (Tragedy)
2026-06-22 12:11  INFO  Loaded quinault-bellerophon (Tragedy)
2026-06-22 12:11  INFO  Skipped quinault-cadmus-hermione (not in genre filter or blacklisted)
2026-06-22 12:11  INFO  Loaded quinault-comedie-sans-comedie (Comedy)
2026-06-22 12:11  INFO  Skipped quinault-coups-de-l-amour (not in genre filter or blacklisted)
2026-06-22 12:11  INFO  Skipped quinault-fantome-amoureux (not in genre filter or blacklisted)
2026-06-22 12:11  INFO  Skipped quinault-fetes-amour-bacchus (not in genre filter or blacklisted)
2026-06-22 12:11  INFO  Skipped quinault-genereuse-ingratitude (not in genre filter or blacklisted)
2026-06-22 12:11  INFO  Skipped quinault-grotte (not in genre filter or blacklisted)
2026-06-22 12:11  INFO  Skipped quinault-isis (not in genre filter or blacklisted)
2026-06-22 12:11  INFO  Skipped quinault-le-feint-alcibiade (not in genre filter or blacklisted)
2026-06-22 12:11  INFO  Loaded quinault-les-rivales (Comedy)
2026-06-22 12:11  INFO  Loaded quinault-mere-coquette (Comedy)
2026-06-22 12:11  INFO  Skipped quinault-persee (not in genre filter or blacklisted)
2026-06-22 12:11  INFO  Loaded quinault-proserpine (Tragedy)
2026-06-22 12:11  INFO  Skipped quinault-roland (not in genre filter or blacklisted)
2026-06-22 12:11  INFO  Skipped quinault-stratonice (not in genre filter or blacklisted)
2026-06-22 12:11  INFO  Skipped quinault-temple-de-la-paix (not in genre filter or blacklisted)
2026-06-22 12:11  INFO  Loaded quinault-thesee (Tragedy)
2026-06-22 12:11  INFO  Loaded racine-alexandre-66 (Tragedy)
2026-06-22 12:11  INFO  Loaded racine-alexandre (Tragedy)
2026-06-22 12:11  INFO  Loaded racine-andromaque-68 (Tragedy)
2026-06-22 12:11  INFO  Loaded racine-andromaque (Tragedy)
2026-06-22 12:11  INFO  Loaded racine-athalie (Tragedy)
2026-06-22 12:11  INFO  Loaded racine-bajazet (Tragedy)
2026-06-22 12:11  INFO  Loaded racine-berenice (Tragedy)
2026-06-22 12:11  INFO  Loaded racine-britannicus (Tragedy)
2026-06-22 12:11  INFO  Loaded racine-iphigenie (Tragedy)
2026-06-22 12:11  INFO  Loaded racine-mithridate (Tragedy)
2026-06-22 12:11  INFO  Loaded racine-phedre-77 (Tragedy)
2026-06-22 12:11  INFO  Loaded racine-phedre (Tragedy)
2026-06-22 12:11  INFO  Loaded racine-thebaide-64 (Tragedy)
2026-06-22 12:11  INFO  Loaded racine-thebaide (Tragedy)
2026-06-22 12:11  INFO  Skipped barre-radet-desfontaines-colombine-mannequin (not in genre filter or blacklisted)
2026-06-22 12:11  INFO  Loaded dufresny-regnard-chinois (Comedy)
2026-06-22 12:11  INFO  Skipped regnard-carnaval-de-venise (not in genre filter or blacklisted)
2026-06-22 12:11  INFO  Loaded regnard-democrite (Comedy)
2026-06-22 12:11  INFO  Loaded regnard-distrait (Comedy)
2026-06-22 12:11  INFO  Loaded regnard-joueur (Comedy)
2026-06-22 12:11  INFO  Loaded regnard-legataire (Comedy)
2026-06-22 12:11  INFO  Loaded regnard-menechmes (Comedy)
2026-06-22 12:11  INFO  Loaded regnard-sapor (Tragedy)
2026-06-22 12:11  INFO  Skipped renard-huit-jours-a-la-campagne (not in genre filter or blacklisted)
2026-06-22 12:11  INFO  Skipped renard-le-pain-du-menage (not in genre filter or blacklisted)
2026-06-22 12:11  INFO  Skipped renard-maitresse (not in genre filter or blacklisted)
2026-06-22 12:11  INFO  Skipped renard-plaisir-de-rompre (not in genre filter or blacklisted)
2026-06-22 12:11  INFO  Skipped riccoboni-romagnesi-compliments (not in genre filter or blacklisted)
2026-06-22 12:11  INFO  Skipped romagnesi-riccoboni-sauvages (not in genre filter or blacklisted)
2026-06-22 12:11  INFO  Loaded barquebois-rapiniere (Comedy)
2026-06-22 12:11  INFO  Skipped rochefort-dupeuty-livry-madame-gregoire (not in genre filter or blacklisted)
2026-06-22 12:11  INFO  Skipped rochon-heureusement (not in genre filter or blacklisted)
2026-06-22 12:11  INFO  Skipped roger-auteur-capitation (not in genre filter or blacklisted)
2026-06-22 12:11  INFO  Skipped romagnesi-rancune (not in genre filter or blacklisted)
2026-06-22 12:11  INFO  Loaded ronsin-aretaphile (Tragedy)
2026-06-22 12:11  INFO  Skipped rosimond-festin-de-pierre (not in genre filter or blacklisted)
2026-06-22 12:11  INFO  Loaded rostand-cyrano (Comedy)
2026-06-22 12:11  INFO  Skipped roswitha-abraham (not in genre filter or blacklisted)
2026-06-22 12:11  INFO  Skipped rotrou-agesilan (not in genre filter or blacklisted)
2026-06-22 12:11  INFO  Skipped rotrou-amarillis (not in genre filter or blacklisted)
2026-06-22 12:11  INFO  Skipped rotrou-amelie (not in genre filter or blacklisted)
2026-06-22 12:11  INFO  Loaded rotrou-antigone (Tragedy)
2026-06-22 12:11  INFO  Loaded rotrou-bague-de-l-oubli (Comedy)
2026-06-22 12:11  INFO  Loaded rotrou-belisaire (Tragedy)
2026-06-22 12:11  INFO  Loaded rotrou-belle-alphrede (Comedy)
2026-06-22 12:11  INFO  Loaded rotrou-captifs (Comedy)
2026-06-22 12:11  INFO  Skipped rotrou-celiane (not in genre filter or blacklisted)
2026-06-22 12:11  INFO  Skipped rotrou-cleagenor (not in genre filter or blacklisted)
2026-06-22 12:11  INFO  Loaded rotrou-cosroes (Tragedy)
2026-06-22 12:11  INFO  Loaded rotrou-crisante (Tragedy)
2026-06-22 12:11  INFO  Skipped rotrou-deux-pucelles (not in genre filter or blacklisted)
2026-06-22 12:11  INFO  Skipped rotrou-dom-bernard-de-cabrere (not in genre filter or blacklisted)
2026-06-22 12:11  INFO  Skipped rotrou-don-lope-de-cardone (not in genre filter or blacklisted)
2026-06-22 12:11  INFO  Loaded rotrou-hercule-mourant (Tragedy)
2026-06-22 12:11  INFO  Skipped rotrou-iphigenie (not in genre filter or blacklisted)
2026-06-22 12:11  INFO  Loaded rotrou-l-heureuse-constance (Comedy)
2026-06-22 12:11  INFO  Skipped rotrou-l-hypocondriaque (not in genre filter or blacklisted)
2026-06-22 12:11  INFO  Loaded rotrou-la-celimene (Comedy)
2026-06-22 12:11  INFO  Loaded rotrou-la-diane (Comedy)
2026-06-22 12:11  INFO  Skipped rotrou-la-soeur (not in genre filter or blacklisted)
2026-06-22 12:11  INFO  Skipped rotrou-laure-persecutee (not in genre filter or blacklisted)
2026-06-22 12:11  INFO  Loaded rotrou-le-filandre (Comedy)
2026-06-22 12:11  INFO  Skipped rotrou-les-occasions-perdues (not in genre filter or blacklisted)
2026-06-22 12:11  INFO  Loaded rotrou-saint-genest (Tragedy)
2026-06-22 12:11  INFO  Loaded rotrou-sosies (Comedy)
2026-06-22 12:11  INFO  Skipped rotrou-venceslas (not in genre filter or blacklisted)
2026-06-22 12:11  INFO  Skipped rousseaujb-jason (not in genre filter or blacklisted)
2026-06-22 12:11  INFO  Skipped rousseau-devin-du-village (not in genre filter or blacklisted)
2026-06-22 12:11  INFO  Skipped rousseau-engagement-temeraire (not in genre filter or blacklisted)
2026-06-22 12:11  INFO  Skipped rousseau-muses-galantes (not in genre filter or blacklisted)
2026-06-22 12:11  INFO  Skipped rousseaup-mort-de-bucephale (not in genre filter or blacklisted)
2026-06-22 12:11  INFO  Skipped roy-compliment-14-mars-1750 (not in genre filter or blacklisted)
2026-06-22 12:11  INFO  Skipped roy-compliment-7-avril-1750 (not in genre filter or blacklisted)
2026-06-22 12:11  INFO  Skipped sacy-agnes-sorel (not in genre filter or blacklisted)
2026-06-22 12:11  INFO  Skipped sacy-amour-platonique (not in genre filter or blacklisted)
2026-06-22 12:11  INFO  Skipped sacy-bavard (not in genre filter or blacklisted)
2026-06-22 12:11  INFO  Skipped sacy-benefice (not in genre filter or blacklisted)
2026-06-22 12:11  INFO  Skipped sacy-bois-rose (not in genre filter or blacklisted)
2026-06-22 12:11  INFO  Skipped sacy-contentement (not in genre filter or blacklisted)
2026-06-22 12:11  INFO  Skipped sacy-defense (not in genre filter or blacklisted)
2026-06-22 12:11  INFO  Skipped sacy-denys (not in genre filter or blacklisted)
2026-06-22 12:11  INFO  Skipped sacy-fat-de-province (not in genre filter or blacklisted)
2026-06-22 12:11  INFO  Skipped sacy-fausse-paysanne (not in genre filter or blacklisted)
2026-06-22 12:11  INFO  Skipped sacy-gascon-a-paris (not in genre filter or blacklisted)
2026-06-22 12:11  INFO  Skipped sacy-gascon-joue (not in genre filter or blacklisted)
2026-06-22 12:11  INFO  Skipped sacy-harangue (not in genre filter or blacklisted)
2026-06-22 12:11  INFO  Skipped sacy-impromptu (not in genre filter or blacklisted)
2026-06-22 12:11  INFO  Skipped sacy-jeanne-de-cosse-brissac (not in genre filter or blacklisted)
2026-06-22 12:11  INFO  Skipped sacy-l-ile-deserte (not in genre filter or blacklisted)
2026-06-22 12:11  INFO  Skipped sacy-le-menteur (not in genre filter or blacklisted)
2026-06-22 12:11  INFO  Skipped sacy-le-revenant (not in genre filter or blacklisted)
2026-06-22 12:11  INFO  Skipped sacy-lois (not in genre filter or blacklisted)
2026-06-22 12:11  INFO  Skipped sacy-medisance (not in genre filter or blacklisted)
2026-06-22 12:11  INFO  Skipped sacy-meprise (not in genre filter or blacklisted)
2026-06-22 12:11  INFO  Skipped sacy-merlin-percepteur (not in genre filter or blacklisted)
2026-06-22 12:11  INFO  Skipped sacy-modestie (not in genre filter or blacklisted)
2026-06-22 12:11  INFO  Skipped sacy-morts-vivants (not in genre filter or blacklisted)
2026-06-22 12:11  INFO  Skipped sacy-mysterieux (not in genre filter or blacklisted)
2026-06-22 12:11  INFO  Skipped sacy-noblesse (not in genre filter or blacklisted)
2026-06-22 12:11  INFO  Skipped sacy-nouvellistes (not in genre filter or blacklisted)
2026-06-22 12:11  INFO  Skipped sacy-quine (not in genre filter or blacklisted)
2026-06-22 12:11  INFO  Skipped sacy-repetition (not in genre filter or blacklisted)
2026-06-22 12:11  INFO  Skipped sacy-retour-distrait (not in genre filter or blacklisted)
2026-06-22 12:11  INFO  Skipped sacy-rivalite (not in genre filter or blacklisted)
2026-06-22 12:11  INFO  Skipped sacy-secretaire (not in genre filter or blacklisted)
2026-06-22 12:11  INFO  Skipped sacy-serpette-magique (not in genre filter or blacklisted)
2026-06-22 12:11  INFO  Skipped sacy-songes (not in genre filter or blacklisted)
2026-06-22 12:11  INFO  Skipped sacy-sympathie (not in genre filter or blacklisted)
2026-06-22 12:11  INFO  Skipped sacy-testament (not in genre filter or blacklisted)
2026-06-22 12:11  INFO  Skipped sacy-trois-ivrognes (not in genre filter or blacklisted)
2026-06-22 12:11  INFO  Skipped sacy-vanite (not in genre filter or blacklisted)
2026-06-22 12:11  INFO  Skipped sacy-vive-la-vie (not in genre filter or blacklisted)
2026-06-22 12:11  INFO  Skipped saint-roman-dialogue (not in genre filter or blacklisted)
2026-06-22 12:11  INFO  Loaded saint-aignan-martyre-marie-antoinette (Tragedy)
2026-06-22 12:11  INFO  Skipped saint-foix-hommes (not in genre filter or blacklisted)
2026-06-22 12:11  INFO  Skipped saint-foix-oracle (not in genre filter or blacklisted)
2026-06-22 12:11  INFO  Skipped saint-gilles-dialogue (not in genre filter or blacklisted)
2026-06-22 12:11  INFO  Skipped saint-gilles-feinte-heureuse (not in genre filter or blacklisted)
2026-06-22 12:11  INFO  Skipped saint-gilles-fievre-palmerin (not in genre filter or blacklisted)
2026-06-22 12:11  INFO  Skipped saint-priest-pot-au-noir-pot-aux-roses (not in genre filter or blacklisted)
2026-06-22 12:11  INFO  Skipped sallebray-belle-egyptienne (not in genre filter or blacklisted)
2026-06-22 12:11  INFO  Skipped sallebray-l-amante-ennemie (not in genre filter or blacklisted)
2026-06-22 12:11  INFO  Skipped samson-printemps-parisien (not in genre filter or blacklisted)
2026-06-22 12:11  INFO  Loaded sand-moliere (Comedy)
2026-06-22 12:11  INFO  Skipped sand-roi-attend (not in genre filter or blacklisted)
2026-06-22 12:11  INFO  Loaded saurin-amenophis (Tragedy)
2026-06-22 12:11  INFO  Skipped saurin-beverlei (not in genre filter or blacklisted)
2026-06-22 12:11  INFO  Loaded saurin-blanche-et-guiscard (Tragedy)
2026-06-22 12:11  INFO  Loaded saurin-spartacus (Tragedy)
2026-06-22 12:11  INFO  Loaded scarron-dom-japhet-d-armenie (Comedy)
2026-06-22 12:11  INFO  Skipped scarron-ecolier-de-salamanque (not in genre filter or blacklisted)
2026-06-22 12:11  INFO  Loaded scarron-fausse-apparence (Comedy)
2026-06-22 12:11  INFO  Loaded scarron-gardien-de-soi-meme (Comedy)
2026-06-22 12:11  INFO  Loaded scarron-heritier-ridicule (Comedy)
2026-06-22 12:11  INFO  Loaded scarron-jodelet-dueliste (Comedy)
2026-06-22 12:11  INFO  Loaded scarron-jodelet (Comedy)
2026-06-22 12:11  INFO  Loaded scarron-marquis-ridicule (Comedy)
2026-06-22 12:11  INFO  Loaded scarron-prince-corsaire (Comedy)
2026-06-22 12:11  INFO  Skipped schelandre-tyr-sidon-i (not in genre filter or blacklisted)
2026-06-22 12:11  INFO  Skipped schelandre-tyr-sidon-ii (not in genre filter or blacklisted)
2026-06-22 12:11  INFO  Skipped scheler-aiguilleur (not in genre filter or blacklisted)
2026-06-22 12:11  INFO  Skipped scribe-conversion (not in genre filter or blacklisted)
2026-06-22 12:11  INFO  Skipped scribe-jeune-docteur (not in genre filter or blacklisted)
2026-06-22 12:11  INFO  Skipped scribe-les-dervis (not in genre filter or blacklisted)
2026-06-22 12:11  INFO  Skipped scribe-ministre-sous-louis-xv (not in genre filter or blacklisted)
2026-06-22 12:11  INFO  Skipped scribe-potemkin (not in genre filter or blacklisted)
2026-06-22 12:11  INFO  Skipped scribe-tete-a-tete (not in genre filter or blacklisted)
2026-06-22 12:11  INFO  Skipped scudery-amour-tyran (not in genre filter or blacklisted)
2026-06-22 12:11  INFO  Loaded scudery-arminius (Tragedy)
2026-06-22 12:11  INFO  Skipped scudery-eudoxe (not in genre filter or blacklisted)
2026-06-22 12:11  INFO  Loaded scudery-fils-suppose (Comedy)
2026-06-22 12:11  INFO  Skipped scudery-ligdamon-e-lidias (not in genre filter or blacklisted)
2026-06-22 12:11  INFO  Skipped scudery-orante (not in genre filter or blacklisted)
2026-06-22 12:11  INFO  Skipped scudery-prince-deguise (not in genre filter or blacklisted)
2026-06-22 12:11  INFO  Skipped scudery-vassal-genereux (not in genre filter or blacklisted)
2026-06-22 12:11  INFO  Skipped sedaine-l-huitre-et-les-plaideurs (not in genre filter or blacklisted)
2026-06-22 12:11  INFO  Loaded sedaine-le-philosophe-sans-le-savoir (Comedy)
2026-06-22 12:11  INFO  Skipped sedaine-manteau-ecarlate (not in genre filter or blacklisted)
2026-06-22 12:11  INFO  Skipped sewrin-la-sorciere (not in genre filter or blacklisted)
2026-06-22 12:11  INFO  Skipped silvestre-sapho (not in genre filter or blacklisted)
2026-06-22 12:11  INFO  Skipped clairville-siraudin-moreau-la-societe-du-doigt-dans-l-oeil (not in genre filter or blacklisted)
2026-06-22 12:11  INFO  Skipped siraudin-delacour-choler-apres-le-bal (not in genre filter or blacklisted)
2026-06-22 12:11  INFO  Skipped siraudin-faction-de-nuit (not in genre filter or blacklisted)
2026-06-22 12:11  INFO  Skipped sivry-affaire-d-honneur (not in genre filter or blacklisted)
2026-06-22 12:11  INFO  Skipped sivry-indecision (not in genre filter or blacklisted)
2026-06-22 12:11  INFO  Loaded sommerive-bajazet (Tragedy)
2026-06-22 12:11  INFO  Skipped sorel-dialogue-des-yeux-et-de-la-bouche (not in genre filter or blacklisted)
2026-06-22 12:11  INFO  Skipped sorel-la-dispute-du-luth-et-de-la-guitare (not in genre filter or blacklisted)
2026-06-22 12:11  INFO  Skipped sorel-la-ruelle-mal-assortie (not in genre filter or blacklisted)
2026-06-22 12:11  INFO  Loaded soret-ceciliade (Tragedy)
2026-06-22 12:11  INFO  Skipped stael-agar (not in genre filter or blacklisted)
2026-06-22 12:11  INFO  Skipped stael-signora-fantastici (not in genre filter or blacklisted)
2026-06-22 12:11  INFO  Skipped supersac-la-porte-est-close (not in genre filter or blacklisted)
2026-06-22 12:11  INFO  Skipped segur-fou (not in genre filter or blacklisted)
2026-06-22 12:11  INFO  Loaded seneque-agamemnon (Tragedy)
2026-06-22 12:11  INFO  Loaded seneque-medee (Tragedy)
2026-06-22 12:11  INFO  Skipped taconet-ecosseuses (not in genre filter or blacklisted)
2026-06-22 12:11  INFO  Skipped taconet-epoux-par-chicane (not in genre filter or blacklisted)
2026-06-22 12:11  INFO  Skipped taconet-la-mort-du-boeuf-gras (not in genre filter or blacklisted)
2026-06-22 12:11  INFO  Skipped taconet-nostradamus (not in genre filter or blacklisted)
2026-06-22 12:11  INFO  Loaded tanevot-adam-et-eve (Tragedy)
2026-06-22 12:11  INFO  Skipped trianon-orfa (not in genre filter or blacklisted)
2026-06-22 12:11  INFO  Skipped trimouillat-a-trois-pas (not in genre filter or blacklisted)
2026-06-22 12:11  INFO  Loaded tristan-mort-de-chrispe (Tragedy)
2026-06-22 12:11  INFO  Loaded tristan-mort-seneque (Tragedy)
2026-06-22 12:11  INFO  Loaded tristan-osman (Tragedy)
2026-06-22 12:11  INFO  Loaded tristan-parasite (Comedy)
2026-06-22 12:11  INFO  Skipped troterel-gillette (not in genre filter or blacklisted)
2026-06-22 12:11  INFO  Loaded turnebe-contents (Comedy)
2026-06-22 12:11  INFO  Skipped vade-impromptu-du-coeur (not in genre filter or blacklisted)
2026-06-22 12:11  INFO  Skipped vade-le-suffisant (not in genre filter or blacklisted)
2026-06-22 12:11  INFO  Skipped vade-les-troqueurs (not in genre filter or blacklisted)
2026-06-22 12:11  INFO  Skipped vade-poirier (not in genre filter or blacklisted)
2026-06-22 12:11  INFO  Skipped vade-veuve-indecise (not in genre filter or blacklisted)
2026-06-22 12:11  INFO  Skipped valentin-le-soir-de-fiancailles (not in genre filter or blacklisted)
2026-06-22 12:11  INFO  Loaded vallee-fidele-esclave (Comedy)
2026-06-22 12:11  INFO  Loaded vallee-forte-romaine (Tragedy)
2026-06-22 12:11  INFO  Loaded haren-agon (Tragedy)
2026-06-22 12:11  INFO  Skipped quatrelles-la-dame-de-niort (not in genre filter or blacklisted)
2026-06-22 12:11  INFO  Skipped verconsin-adelaide-et-vermouth (not in genre filter or blacklisted)
2026-06-22 12:11  INFO  Skipped verconsin-infanterie-et-cavalerie (not in genre filter or blacklisted)
2026-06-22 12:11  INFO  Skipped verconsin-rideau (not in genre filter or blacklisted)
2026-06-22 12:11  INFO  Skipped verdie-dialogue-entre-l-illustre-don-mardi-gras (not in genre filter or blacklisted)
2026-06-22 12:11  INFO  Skipped verdie-l-amour-et-le-celibat (not in genre filter or blacklisted)
2026-06-22 12:11  INFO  Skipped veronneau-l-impuissance (not in genre filter or blacklisted)
2026-06-22 12:11  INFO  Skipped vessaire-caquire (not in genre filter or blacklisted)
2026-06-22 12:11  INFO  Loaded viau-pasiphae (Tragedy)
2026-06-22 12:11  INFO  Loaded viau-pyrame (Tragedy)
2026-06-22 12:11  INFO  Skipped vige-othello (not in genre filter or blacklisted)
2026-06-22 12:11  INFO  Skipped vige-wilhem-tell (not in genre filter or blacklisted)
2026-06-22 12:11  INFO  Skipped villiers-de-l-isle-adam-chapeau-chinois (not in genre filter or blacklisted)
2026-06-22 12:11  INFO  Loaded dalibray-le-torrismon-du-tasse (Tragedy)
2026-06-22 12:11  INFO  Skipped dalibray-soliman (not in genre filter or blacklisted)
2026-06-22 12:11  INFO  Skipped voisenon-hilas-et-zelis (not in genre filter or blacklisted)
2026-06-22 12:11  INFO  Loaded voltaire-adelaide (Tragedy)
2026-06-22 12:11  INFO  Loaded voltaire-agathocle (Tragedy)
2026-06-22 12:11  INFO  Loaded voltaire-alzire (Tragedy)
2026-06-22 12:11  INFO  Skipped voltaire-baron-d-otrante (not in genre filter or blacklisted)
2026-06-22 12:11  INFO  Loaded voltaire-brutus (Tragedy)
2026-06-22 12:11  INFO  Loaded voltaire-cafe (Comedy)
2026-06-22 12:11  INFO  Skipped voltaire-charlot (not in genre filter or blacklisted)
2026-06-22 12:11  INFO  Loaded voltaire-depositaire (Comedy)
2026-06-22 12:11  INFO  Skipped voltaire-deux-tonneaux (not in genre filter or blacklisted)
2026-06-22 12:11  INFO  Loaded voltaire-droit-du-seigneur (Comedy)
2026-06-22 12:11  INFO  Skipped voltaire-duc-d-alencon (not in genre filter or blacklisted)
2026-06-22 12:11  INFO  Loaded voltaire-enfant-prodigue (Comedy)
2026-06-22 12:11  INFO  Loaded voltaire-fanatisme (Tragedy)
2026-06-22 12:11  INFO  Skipped voltaire-fete-de-bellebat (not in genre filter or blacklisted)
2026-06-22 12:11  INFO  Loaded voltaire-guebres (Tragedy)
2026-06-22 12:11  INFO  Skipped voltaire-hote-hotesse (not in genre filter or blacklisted)
2026-06-22 12:11  INFO  Loaded voltaire-irene (Tragedy)
2026-06-22 12:11  INFO  Loaded voltaire-lois-de-minos (Tragedy)
2026-06-22 12:11  INFO  Loaded voltaire-mariamne (Tragedy)
2026-06-22 12:11  INFO  Loaded voltaire-merope (Tragedy)
2026-06-22 12:11  INFO  Loaded voltaire-oedipe-v (Tragedy)
2026-06-22 12:11  INFO  Loaded voltaire-olympie (Tragedy)
2026-06-22 12:11  INFO  Loaded voltaire-oreste (Tragedy)
2026-06-22 12:11  INFO  Loaded voltaire-orphelin-de-la-chine (Tragedy)
2026-06-22 12:11  INFO  Skipped voltaire-pandore (not in genre filter or blacklisted)
2026-06-22 12:11  INFO  Loaded voltaire-pelopides (Tragedy)
2026-06-22 12:11  INFO  Loaded voltaire-rome-sauvee (Tragedy)
2026-06-22 12:11  INFO  Skipped voltaire-samson (not in genre filter or blacklisted)
2026-06-22 12:11  INFO  Skipped voltaire-saul (not in genre filter or blacklisted)
2026-06-22 12:11  INFO  Loaded voltaire-scythes (Tragedy)
2026-06-22 12:11  INFO  Loaded voltaire-semiramis (Tragedy)
2026-06-22 12:11  INFO  Loaded voltaire-sophonisbe (Tragedy)
2026-06-22 12:11  INFO  Loaded voltaire-tancrede (Tragedy)
2026-06-22 12:11  INFO  Loaded voltaire-tanis-zelide (Tragedy)
2026-06-22 12:11  INFO  Loaded voltaire-zaire (Tragedy)
2026-06-22 12:11  INFO  Loaded voltaire-zulime (Tragedy)
2026-06-22 12:11  INFO  Skipped vondrebeck-alard-forces-de-l-amour (not in genre filter or blacklisted)
2026-06-22 12:11  INFO  Skipped zola-madeleine (not in genre filter or blacklisted)
2026-06-22 12:11  INFO  Skipped zola-therese-raquin (not in genre filter or blacklisted)
2026-06-22 12:11  INFO  Skipped anomyme-dialogue-de-la-prude-et-de-la-coquette (not in genre filter or blacklisted)
2026-06-22 12:11  INFO  Skipped anonyme-adam (not in genre filter or blacklisted)
2026-06-22 12:11  INFO  Skipped anonyme-chapelain-decoiffe-2 (not in genre filter or blacklisted)
2026-06-22 12:11  INFO  Skipped anonyme-chapelain-decoiffe (not in genre filter or blacklisted)
2026-06-22 12:11  INFO  Skipped anonyme-d-alcippe-et-de-drionice (not in genre filter or blacklisted)
2026-06-22 12:11  INFO  Skipped anonyme-deroute-des-precieuses (not in genre filter or blacklisted)
2026-06-22 12:11  INFO  Skipped anonyme-dialogue-des-yeux-et-de-la-bouche (not in genre filter or blacklisted)
2026-06-22 12:11  INFO  Skipped anonyme-dialogue-rousseau-voltaire (not in genre filter or blacklisted)
2026-06-22 12:11  INFO  Skipped anonyme-dialogue-sur-les-vacances (not in genre filter or blacklisted)
2026-06-22 12:11  INFO  Skipped anonyme-jeu-d-esmoree (not in genre filter or blacklisted)
2026-06-22 12:11  INFO  Skipped anonyme-la-complainte-de-la-femme-coupee (not in genre filter or blacklisted)
2026-06-22 12:11  INFO  Skipped anonyme-le-normand-et-le-gascon (not in genre filter or blacklisted)
2026-06-22 12:11  INFO  Skipped anonyme-matinee-comedien-francais (not in genre filter or blacklisted)
2026-06-22 12:11  INFO  Skipped anonyme-melisse (not in genre filter or blacklisted)
2026-06-22 12:11  INFO  Skipped anonyme-nouveau-catechisme-poissard (not in genre filter or blacklisted)
2026-06-22 12:11  INFO  Skipped anonyme-ouverture-de-la-seance (not in genre filter or blacklisted)
2026-06-22 12:11  INFO  Skipped anonyme-pardonneur (not in genre filter or blacklisted)
2026-06-22 12:11  INFO  Skipped anonyme-pont-aux-anes (not in genre filter or blacklisted)
2026-06-22 12:11  INFO  Skipped anonyme-prix-d-un-moment (not in genre filter or blacklisted)
2026-06-22 12:11  INFO  Skipped anonyme-reception-argenson (not in genre filter or blacklisted)
2026-06-22 12:11  INFO  Skipped anonyme-resurrection-du-sauveur (not in genre filter or blacklisted)
2026-06-22 12:11  INFO  Skipped anonyme-resurrection-jenin-landore (not in genre filter or blacklisted)
2026-06-22 12:11  INFO  Skipped anonyme-sauvages-civilises (not in genre filter or blacklisted)
2026-06-22 12:11  INFO  Skipped anonyme-serail-de-de-lys (not in genre filter or blacklisted)
2026-06-22 12:11  INFO  Skipped anonyme-sermon-joyeux (not in genre filter or blacklisted)
2026-06-22 12:11  INFO  Skipped anonyme-theatre-de-la-societe-de-la-rue-du-perron (not in genre filter or blacklisted)
2026-06-22 12:11  INFO  Skipped anonyme-vende (not in genre filter or blacklisted)
2026-06-22 12:11  INFO  Skipped anonyme-vierges-folles-vierges-sages (not in genre filter or blacklisted)
2026-06-22 12:11  INFO  Loaded thibouville-thelamire (Tragedy)
2026-06-22 12:11  INFO  Loaded aure-dipne (Tragedy)
2026-06-22 12:11  INFO  Loaded aure-genevieve-69 (Tragedy)
2026-06-22 12:11  INFO  Loaded aure-genevieve-70 (Tragedy)
2026-06-22 12:11  INFO  Skipped heilly-le-neveu-de-la-marquise (not in genre filter or blacklisted)
2026-06-22 12:11  INFO  Skipped ormoy-zelmis (not in genre filter or blacklisted)
2026-06-22 12:11  INFO  Skipped ozicourt-belizaire (not in genre filter or blacklisted)
2026-06-22 12:11  INFO  Skipped ozicourt-romeo-juliette (not in genre filter or blacklisted)
2026-06-22 12:11  INFO  Skipped urfe-sylvanire (not in genre filter or blacklisted)
2026-06-22 12:11  INFO  Skipped regnault-marie-stuard (not in genre filter or blacklisted)
2026-06-22 12:11  INFO  Loaded 420 plays
