title,title_pretty,genre,kept_characters,character_count,removed_characters,removed_characters_count,whole_density,whole_diameter,whole_average_clustering,wo1_density,wo1_diameter,wo1_average_clustering,wo2_density,wo2_diameter,wo2_average_clustering,wo3_density,wo3_diameter,wo3_average_clustering,wo4_density,wo4_diameter,wo4_average_clustering,wo5_density,wo5_diameter,wo5_average_clustering
abeille-argelie,"Argélie, Reine de Thessalie",Tragedy,"#ismene, #arcas, #phoenix, #cleon, #argelie, #clytie, #dione, #timagene",8,,,0.6071428571428571,2,0.8220238095238095,0.5714285714285714,2,0.7285714285714285,0.5714285714285714,2,0.7160714285714286,0.5714285714285714,2,0.8160714285714286,0.5714285714285714,3,0.7041666666666666,0.6071428571428571,2,0.8220238095238095
abeille-coriolan,Coriolan,Tragedy,"#sabine, #virgilie, #albin, #coriolan, #aufide, #camille",6,,,0.8,2,0.8444444444444444,0.8,2,0.8444444444444444,0.7333333333333333,2,0.7111111111111111,0.7333333333333333,2,0.8222222222222223,0.6666666666666666,2,0.8055555555555555,0.8,2,0.8444444444444444
abeille-lyncee,Lyncée,Tragedy,"#hypermestre, #danaüs, #erigone, #dirce, #lyncee, #lycaste, #iphis",7,,,0.6190476190476191,2,0.6952380952380952,0.5714285714285714,2,0.6904761904761905,0.5714285714285714,3,0.6714285714285715,0.47619047619047616,2,0.5619047619047619,0.47619047619047616,3,0.3904761904761905,0.6190476190476191,2,0.6952380952380952
arnault-lucrece,Lucrèce,Tragedy,"#collatin, #lucrece, #valerius, #albin, #horace, #les-conjures, #sextus, #tarquin, #arons, #icile, #spurius, #brutus, #mutius",13,,,0.5512820512820513,3,0.7371794871794872,0.5384615384615384,4,0.7542735042735043,0.5512820512820513,3,0.7371794871794872,0.5512820512820513,3,0.7371794871794872,0.4642857142857143,3,0.5,0.5512820512820513,3,0.7371794871794872
aubignac-pucelle-prose,La Pucelle d'Orléans,Tragedy,"#mide, #despinet, #la-pucelle, #la-comtesse, #un-soldat, #l-ange, #le-comte, #le-duc, #canchon, #dalinde, #le-baron, #le-garde, #aronte",13,,,0.5641025641025641,3,0.713924963924964,0.5512820512820513,3,0.7028804528804529,0.5641025641025641,3,0.713924963924964,0.5128205128205128,3,0.6848262848262847,0.5,3,0.6857475857475858,0.5641025641025641,3,0.713924963924964
aubignac-pucelle,La Pucelle d'Orléans,Tragedy,"#un-soldat, #destivet, #la-pucelle, #l-ange, #le-comte, #le-duc, #un-du-peuple, #mide, #canchon, #la-comtesse, #un-autre-soldat, #le-baron, #dalinde, #le-garde, #aronte",15,,,0.5619047619047619,3,0.7318622118622119,0.5523809523809524,3,0.7287900987900987,0.5619047619047619,3,0.7318622118622119,0.5128205128205128,3,0.6848262848262847,0.5142857142857142,3,0.7245391645391646,0.5619047619047619,3,0.7318622118622119
auger-mort-de-caton,La Mort de Caton,Tragedy,"#lucius, #caton, #portius, #brutus, #philante, #martia, #cornelie, #cesar, #statillius, #julie, #petrole, #magnus, #sextus",13,,,0.358974358974359,3,0.819047619047619,0.358974358974359,3,0.819047619047619,0.3484848484848485,3,0.7390873015873015,0.34615384615384615,3,0.8263736263736263,0.34545454545454546,4,0.7939393939393938,0.358974358974359,3,0.819047619047619
barbier-mort-de-cesar,La Mort de César,Tragedy,"#albin, #oracle, #cesar, #antoine, #porcie, #octavie, #julie, #brutus, #flavien, #pauline",10,,,0.3333333333333333,4,0.47333333333333333,0.28888888888888886,4,0.32999999999999996,0.3333333333333333,4,0.47333333333333333,0.3611111111111111,4,0.3148148148148148,0.3111111111111111,4,0.4333333333333333,0.3333333333333333,4,0.47333333333333333
baro-saint-eustache,Saint Eustache Martyr,Tragedy,"#un-soldat, #teopiste, #agapite, #eustache, #le-messager, #matelot, #trajan, #trajane, #ormond, #arbilan, #plotine, #amintor, #la-fortune, #placide, #teopiste-fils, #teopiste-mere, #flore, #tyrsis, #lysis, #la-fleur, #le-pere",21,,,0.319047619047619,3,0.7755668934240363,0.39215686274509803,3,0.7584181250847917,0.3105263157894737,4,0.8274603174603176,0.39705882352941174,3,0.7621042356336475,0.32748538011695905,3,0.7608011871169765,0.319047619047619,3,0.7755668934240363
benserade-cleopatre,Cléopâtre,Tragedy,"#charmion, #dircet, #cesar, #agripe, #eras, #epaphrodite, #cleopatre, #antoine, #lucile, #les-deputes, #eros",11,,,0.38181818181818183,4,0.5268398268398268,0.32727272727272727,4,0.4272727272727273,0.4444444444444444,3,0.6295238095238095,0.4,4,0.5566666666666666,0.32727272727272727,4,0.603030303030303,0.38181818181818183,4,0.5268398268398268
benserade-mort-achille,La Mort d'Achille et la Dispute de ses Armes,Tragedy,"#hecube, #paris, #polixene, #alcimede, #briseide, #agamemnon, #ajax, #priam, #deiphobe, #ulysse, #achille, #un-vsoldat",12,,,0.4393939393939394,3,0.737037037037037,0.42424242424242425,3,0.7374999999999999,0.4393939393939394,3,0.737037037037037,0.4666666666666667,3,0.8126190476190477,0.4909090909090909,3,0.7434343434343433,0.4393939393939394,3,0.737037037037037
bernard-brutus,Brutus,Tragedy,"#titus, #tiberinus, #octavius, #aquilius, #brutus, #un-garde, #valerie, #valerius, #aquilie, #marcellus, #plautine, #albine",12,,,0.3181818181818182,4,0.44166666666666665,0.3090909090909091,3,0.5,0.30303030303030304,4,0.4083333333333334,0.2878787878787879,5,0.3333333333333333,0.32727272727272727,4,0.3242424242424242,0.3181818181818182,4,0.44166666666666665
bernard-laodamie,"Laodamie, Reine D'Epire.",Tragedy,"#gelon, #la-reine, #phedre, #la-princesse, #argire, #sostrate, #phenix, #milon",8,,,0.5,3,0.6583333333333333,0.4642857142857143,3,0.6125,0.5,3,0.6583333333333333,0.4642857142857143,3,0.6416666666666667,0.39285714285714285,3,0.4125,0.5,3,0.6583333333333333
bievre-seducteur,Le Séducteur,Comedy,"#rosalie, #orphise, #zerones, #orgon, #le-domestique, #le-marquis, #darmance, #melise, #damis",9,,,0.8055555555555556,2,0.8611111111111112,0.8055555555555556,2,0.8611111111111112,0.8055555555555556,2,0.8611111111111112,0.8055555555555556,2,0.8611111111111112,0.6666666666666666,2,0.7703703703703704,0.8055555555555556,2,0.8611111111111112
blanc-druides,Les Druides,Tragedy,"#emnon, #cyndonax, #indumar, #emirene, #luthar, #clodomir, #axenoe",7,,,0.8095238095238095,2,0.8714285714285713,0.7142857142857143,2,0.8571428571428571,0.8095238095238095,2,0.8714285714285713,0.7619047619047619,2,0.8761904761904761,0.7142857142857143,2,0.819047619047619,0.8095238095238095,2,0.8714285714285713
bohaire-jesus-christ,Jésus-Christ,Tragedy,"#un-negociant, #pilate, #le-disciple, #jesus, #le-docteur, #le-peuple, #caïphe, #un-bourgeois, #madeleine, #la-femme, #un-autre-docteur, #pierre, #le-bourgeois, #un-disciple, #un-pretre, #judas, #un-membre-de-la-suite-de-caïphe, #zeline, #un-docteur, #le-pretre, #l-un-d-eux",21,,,0.1523809523809524,4,0.37037037037037035,0.15204678362573099,4,0.3476608187134503,0.13450292397660818,4,0.24248120300751877,0.16374269005847952,4,0.3721348826611985,0.16842105263157894,4,0.3888888888888889,0.1523809523809524,4,0.37037037037037035
bohaire-siege-de-paris,Le Siège de Paris,Tragedy,"#de-thou, #pothier, #premier-bourgeois, #le-bourgeois, #second-bourgeois, #henri, #mayenne, #sully, #dernier-bourgeois, #bussy, #turenne, #l-officier, #l-un-deux, #la-femme",14,,,0.18681318681318682,2,0.36904761904761907,0.21794871794871795,2,0.39743589743589747,0.22727272727272727,2,0.4305555555555556,0.10606060606060606,2,0.0,0.20512820512820512,2,0.39743589743589747,0.18681318681318682,2,0.36904761904761907
boissy-comte-de-neuilly,Le Comte de Neuilly,Comedy,"#lucie, #nelton, #le-comte, #le-marquis, #la-marquise, #leonore",6,,,0.7333333333333333,2,0.8222222222222223,0.6666666666666666,2,0.8055555555555555,0.6666666666666666,2,0.5277777777777778,0.7333333333333333,2,0.8222222222222223,0.6,3,0.7222222222222222,0.7333333333333333,2,0.8222222222222223
boissy-dehors-trompeurs,Les Dehors Trompeurs,Comedy,"#le-baron, #celiante, #le-marquis, #la-comtesse, #monsieur-de-forlis, #lisette, #champagne, #lucile, #le-laquais",9,,,0.6111111111111112,3,0.6814814814814815,0.7142857142857143,3,0.7666666666666667,0.6111111111111112,3,0.6814814814814815,0.7142857142857143,2,0.7773809523809524,0.5277777777777778,3,0.6275132275132276,0.6111111111111112,3,0.6814814814814815
boissy-homme-du-jour,L'Homme du Jour,Comedy,"#le-baron, #celiante, #le-marquis, #la-comtesse, #monsieur-de-forlis, #lisette, #champagne, #lucile, #le-laquais",9,,,0.6111111111111112,3,0.6814814814814815,0.75,2,0.8,0.6111111111111112,3,0.6814814814814815,0.7142857142857143,2,0.7773809523809524,0.5277777777777778,3,0.6275132275132276,0.6111111111111112,3,0.6814814814814815
boissy-medecin-par-occasion,Le Médecin par Occasion,Comedy,"#lisette, #la-marquise, #montval, #lucile, #cleon, #champagne, #le-baron",7,,,0.9523809523809523,2,0.9523809523809524,0.9523809523809523,2,0.9523809523809524,0.9523809523809523,2,0.9523809523809524,0.9523809523809523,2,0.9523809523809524,0.9523809523809523,2,0.9523809523809524,0.9523809523809523,2,0.9523809523809524
boursault-comedie-sans-titre,La Comédie sans Titre,Comedy,"#oronte, #merlin, #lisette, #monsieur-de-boisluisant, #beaugenie, #claire, #cecile, #le-marquis, #boniface, #du-mesnil, #madame-guillemot, #elise, #monsieur-michaut, #monsieur-sangsue, #jasmin, #monsieur-de-la-motte, #longuemain, #la-rissole, #madame-de-calville, #oriane, #monsieur-brigandeau",21,,,0.19523809523809524,3,0.6301865775549986,0.21637426900584794,3,0.6514632168656936,0.2046783625730994,3,0.6156015037593985,0.2647058823529412,2,0.6869281045751634,0.20588235294117646,3,0.5380952380952381,0.19523809523809524,3,0.6301865775549986
boursault-deux-freres-gemeaux,Les Deux Frères Gémeaux,Comedy,"#ragotin, #jacinte, #le-sergent, #robin, #le-premier-nicandre, #isidore, #ismene, #le-second-nicandre, #hipolite, #eutrope, #le-commisaire",11,,,0.7454545454545455,3,0.8383838383838385,0.7454545454545455,3,0.8383838383838385,1.0,1,1.0,0.7454545454545455,3,0.8383838383838385,0.6727272727272727,3,0.7612554112554112,0.7454545454545455,3,0.8383838383838385
boursault-esope,Esope à la Cour,Comedy,"#esope, #cleon, #trasibule, #tirrene, #arsinoe, #garde, #lais, #cresus, #leonide, #licas, #atis, #iphis, #griffet, #rhodope, #plexipe, #iphicrate",16,,,0.25,2,0.5663690476190476,0.225,3,0.506753663003663,0.2967032967032967,2,0.5070381998953427,0.3076923076923077,2,0.6508110936682365,0.20952380952380953,3,0.5135042735042735,0.25,2,0.5663690476190476
boursault-germanicus,Germanicus,Tragedy,"#pison, #drusus, #agrippine, #albin, #flavie, #germanicus, #livie",7,,,0.6666666666666666,2,0.7952380952380952,0.5714285714285714,2,0.7142857142857143,0.6190476190476191,2,0.7095238095238096,0.6666666666666666,2,0.7952380952380952,0.5714285714285714,2,0.7714285714285715,0.6666666666666666,2,0.7952380952380952
boursault-marie-stuard,Marie Stuard,Tragedy,"#marie-stuard, #norfolk, #euric, #morray, #elisabeth, #newcastle, #lancastre, #melvin, #killegre",9,,,0.5,3,0.6888888888888889,0.4166666666666667,4,0.6111111111111112,0.4722222222222222,3,0.5814814814814815,0.4722222222222222,3,0.6111111111111112,0.5357142857142857,3,0.7583333333333333,0.5,3,0.6888888888888889
boyera-caton,Caton,Tragedy,"#lucius, #sempronius, #second-chef-des-revoltes, #premier-chef-des-revoltes, #caton, #juba, #marcus, #marcie, #portius, #decius, #syphax, #lucie, #chef-de-la-revolte",13,,,0.38461538461538464,3,0.6975579975579975,0.3484848484848485,3,0.6007936507936508,0.5555555555555556,3,0.7895238095238095,0.34615384615384615,3,0.5323565323565324,0.358974358974359,3,0.7363858363858363,0.38461538461538464,3,0.6975579975579975
boyer-agamemnon,Agamemnon,Tragedy,"#cassandre, #clytemnestre, #oreste, #eurybate, #agamemnon, #arbas, #ismene, #doride, #pylade",9,,,0.3888888888888889,3,0.45185185185185184,0.3888888888888889,3,0.45185185185185184,0.3888888888888889,3,0.45185185185185184,0.3611111111111111,3,0.43333333333333335,0.3333333333333333,3,0.3111111111111111,0.3888888888888889,3,0.45185185185185184
boyer-amours-jupiter-semele,Les Amours de Jupiter et de Sémélé,Tragedy,"#hymenee, #alcmeon, #les-heures, #semele, #la-reine, #dirce, #le-roi, #atys, #un-des-amours, #junon, #venus, #la-jeunesse, #aurore, #momus, #jupiter, #l-amour, #dimas, #jalousie",18,,,0.2222222222222222,3,0.6220967304300637,0.2222222222222222,3,0.6220967304300637,0.26666666666666666,3,0.7369312169312169,0.24166666666666667,4,0.5903950216450217,0.22794117647058823,3,0.6148459383753502,0.2222222222222222,3,0.6220967304300637
boyer-aristodeme,Aristodème,Tragedy,"#le-roi, #merope, #argie, #alcmene, #epebole, #cresphonte, #alcidamas, #aristodeme, #tisis",9,,,0.6666666666666666,3,0.7793650793650794,0.6111111111111112,3,0.7767195767195767,0.6388888888888888,3,0.8444444444444444,0.5555555555555556,3,0.7174603174603175,0.6111111111111112,3,0.7407407407407408,0.6666666666666666,3,0.7793650793650794
boyer-artaxerce,Artaxerce,Tragedy,"#aspasie, #nitocris, #le-roi, #oronte, #tiribaze, #darius, #mindate, #barsine, #cleone",9,,,0.3888888888888889,4,0.37777777777777777,0.42857142857142855,4,0.4875,0.3611111111111111,4,0.30000000000000004,0.4642857142857143,3,0.4583333333333333,0.3333333333333333,4,0.2296296296296296,0.3888888888888889,4,0.37777777777777777
boyer-clotilde,Clotilde,Tragedy,"#lucinde, #clotilde, #le-roi, #clidamant, #sigile, #deuthere, #clodomire, #theosile",8,,,0.6428571428571429,2,0.7821428571428571,0.6071428571428571,2,0.7345238095238096,0.6428571428571429,2,0.7821428571428571,0.5714285714285714,2,0.7285714285714285,0.6666666666666666,2,0.7952380952380952,0.6428571428571429,2,0.7821428571428571
boyer-jeune-marius,Le Jeune Marius,Tragedy,"#sylla, #cecilie, #maxime, #marius, #marcelle, #octave, #sabine, #pison, #pompee",9,,,0.4444444444444444,2,0.753968253968254,0.3888888888888889,3,0.5947089947089946,0.5,2,0.75,0.4166666666666667,2,0.8240740740740741,0.4444444444444444,2,0.753968253968254,0.4444444444444444,2,0.753968253968254
boyer-judith,Judith,Tragedy,"#holoferne, #misaël, #abra, #betulien, #judith, #officier-assyrien, #ozias, #officier, #achior, #vagao, #officier-assysien",11,,,0.4,3,0.6324675324675325,0.4,3,0.6324675324675325,0.6071428571428571,3,0.8833333333333333,0.38181818181818183,3,0.5506493506493506,0.3090909090909091,4,0.4636363636363636,0.4,3,0.6324675324675325
boyer-mort-enfants-brute,La Mort des Enfants de Brute,Tragedy,"#vitelle, #brute, #marcelle, #tullie, #tibere, #tite, #junie, #julie, #marcellin, #livie",10,,,0.6666666666666666,2,0.7964285714285715,0.6666666666666666,2,0.7964285714285715,0.6444444444444445,2,0.7926984126984127,0.4888888888888889,2,0.8371428571428572,0.6111111111111112,3,0.8121693121693121,0.6666666666666666,2,0.7964285714285715
boyer-oropaste,Oropaste ou Le Faux Tonaxare,Tragedy,"#darie, #zopire, #cleone, #oropaste, #le-garde, #hesione, #mitrobate, #megabise, #araminte, #patisite",10,,,0.6444444444444445,2,0.8376984126984126,0.6,2,0.8373809523809523,0.6444444444444445,2,0.8376984126984126,0.6,2,0.8361904761904763,0.7222222222222222,2,0.8391534391534391,0.6444444444444445,2,0.8376984126984126
boyer-porcie-romaine,La Porcie Romaine,Tragedy,"#maxime, #brute, #valere, #octave, #porcie, #julie, #philipe, #cassie, #tite",9,,,0.3888888888888889,4,0.4592592592592592,0.3888888888888889,4,0.4592592592592592,0.3055555555555556,4,0.26296296296296295,0.3611111111111111,4,0.462962962962963,0.6,2,0.5555555555555555,0.3888888888888889,4,0.4592592592592592
boyer-porus,Porus,Tragedy,"#porus, #arsacide, #clairance, #argire, #phradate, #oraxene, #alexandre, #perdiccas, #clarice, #oronte",10,,,0.7555555555555555,2,0.8265873015873015,0.7555555555555555,2,0.8265873015873015,0.7555555555555555,2,0.8265873015873015,0.7111111111111111,2,0.8281746031746031,0.7777777777777778,2,0.7650793650793651,0.7555555555555555,2,0.8265873015873015
boyer-tiridate,Tyridate,Tragedy,"#berenice, #ariarathe, #arsinoe, #anthiochide, #euridice, #le-roi, #tyridate, #oronte, #la-reine",9,,,0.7777777777777778,2,0.8174603174603176,0.5833333333333334,3,0.6761904761904761,0.75,2,0.8132275132275133,0.7777777777777778,2,0.8174603174603176,0.5833333333333334,3,0.5925925925925926,0.7777777777777778,2,0.8174603174603176
brosse-aveugle-clairvoyant,L'Aveugle Clairvoyant,Comedy,"#olimpe, #nerine, #melice, #thelame, #cleanthe, #lucille, #sylvestre, #lidamas",8,,,0.6428571428571429,3,0.725,0.6428571428571429,3,0.725,0.6428571428571429,3,0.725,0.6428571428571429,3,0.725,0.5714285714285714,3,0.7125,0.6428571428571429,3,0.725
brosse-turne,Le Turne de Virgile,Tragedy,"#latinus, #lavinie, #amata, #sidon, #juturne, #turne, #enee, #tyrene, #acate",9,,,0.6111111111111112,3,0.7407407407407408,0.5833333333333334,3,0.7354497354497354,0.7142857142857143,2,0.8482142857142857,0.7142857142857143,3,0.7666666666666667,0.5,3,0.6555555555555556,0.6111111111111112,3,0.7407407407407408
cailhava-egoisme,L'Egoïsme,Comedy,"#clermon, #polidor, #marton, #durand, #constance, #le-chevalier, #le-notaire, #philemon, #florimon, #la-pierre, #madame-florimon",11,,,0.6909090909090909,3,0.7651515151515151,0.6545454545454545,3,0.7813852813852814,0.6909090909090909,3,0.7651515151515151,0.6909090909090909,3,0.7651515151515151,0.5777777777777777,2,0.6735714285714286,0.6909090909090909,3,0.7651515151515151
caminade-chatenay-alcidiade,Alcibiade,Tragedy,"#alcibiade, #clearque, #hypparette, #theone, #amestris, #proxenes, #pharnabaze, #callias, #megabyse",9,,,0.8055555555555556,2,0.8693121693121693,0.8055555555555556,2,0.8693121693121693,0.8055555555555556,2,0.8693121693121693,0.7222222222222222,2,0.855026455026455,0.5555555555555556,2,0.7957671957671958,0.8055555555555556,2,0.8693121693121693
campistron-adrien,Adrien,Tragedy,"#sergeste, #valerie, #diocletien, #adrien, #marcellin, #julie, #sebaste",7,,,0.6666666666666666,2,0.6666666666666667,0.5714285714285714,2,0.6904761904761905,0.6666666666666666,2,0.6666666666666667,0.5714285714285714,2,0.5809523809523809,0.6666666666666666,2,0.6666666666666667,0.6666666666666666,2,0.6666666666666667
campistron-alcibiade,Alcibiade,Tragedy,"#artaxerce, #alcibiade, #artemise, #pharnabaze, #palmis, #memnon, #barsine, #amestris, #amintas",9,,,0.4444444444444444,3,0.48148148148148145,0.5357142857142857,3,0.5916666666666667,0.3888888888888889,3,0.36666666666666664,0.4444444444444444,3,0.48148148148148145,0.3888888888888889,3,0.4444444444444444,0.4444444444444444,3,0.48148148148148145
campistron-andronic,Andronic,Tragedy,"#l-empereur, #leon, #eudoxe, #andronic, #aspar, #irene, #crispe, #marcene, #narcee, #leonce, #martian, #marsene, #gelas",13,,,0.24358974358974358,4,0.365018315018315,0.1794871794871795,5,0.10769230769230768,0.24358974358974358,4,0.365018315018315,0.21794871794871795,4,0.38644688644688646,0.21794871794871795,4,0.2620879120879121,0.24358974358974358,4,0.365018315018315
campistron-arminiusc,Arminius,Tragedy,"#segeste, #arminius, #sigismond, #barsine, #varus, #polixene, #tullus, #ismenie, #sunnon, #sinorix",10,,,0.6,3,0.7764285714285715,0.5777777777777777,3,0.7547619047619047,0.4888888888888889,3,0.7023809523809523,0.4888888888888889,2,0.6895238095238095,0.5111111111111111,3,0.6352380952380952,0.6,3,0.7764285714285715
campistron-juba,"Juba, Roi de Mauritanie",Tragedy,"#juba, #merope, #barce, #petreius, #theocle, #narbal, #oppius",7,,,0.5238095238095238,3,0.7333333333333333,0.5238095238095238,3,0.7333333333333333,0.47619047619047616,3,0.5904761904761904,0.5238095238095238,3,0.7333333333333333,0.5333333333333333,2,0.4444444444444444,0.5238095238095238,3,0.7333333333333333
campistron-phocion,Phocion,Tragedy,"#licas, #alcinous, #agnonide, #clitus, #chrisis, #phocion, #arcas, #cleon, #dione",9,,,0.4444444444444444,3,0.6164021164021164,0.4166666666666667,3,0.5148148148148147,0.3333333333333333,3,0.3111111111111111,0.3888888888888889,3,0.5576719576719577,0.5357142857142857,2,0.7226190476190476,0.4444444444444444,3,0.6164021164021164
campistron-pompeia,Pompeia,Tragedy,"#rufus, #pompeia, #philla, #messala, #tullus, #julie, #clodius, #felix, #plotine, #messalla, #albin",11,,,0.4,4,0.5995670995670995,0.34545454545454546,4,0.5056277056277056,0.4666666666666667,3,0.6761904761904762,0.4222222222222222,3,0.7061904761904761,0.3333333333333333,4,0.4619047619047619,0.4,4,0.5995670995670995
campistron-tiridate,Tiridate,Tragedy,"#talestris, #arsace, #mitrane, #tiridate, #artaban, #abradate, #erinice, #timagene, #barsine, #orasie",10,,,0.5111111111111111,4,0.6333333333333333,0.4666666666666667,4,0.5338095238095237,0.6111111111111112,3,0.7481481481481481,0.4888888888888889,4,0.5485714285714286,0.35555555555555557,4,0.5166666666666666,0.5111111111111111,4,0.6333333333333333
campistron-virginie,Virginie,Tragedy,"#virginie, #plautie, #pison, #clodius, #appius, #camille, #icile, #severe, #fabian, #fulvie",10,,,0.4666666666666667,3,0.6816666666666666,0.4444444444444444,3,0.6866666666666666,0.5277777777777778,3,0.7640211640211639,0.4444444444444444,3,0.6933333333333334,0.4166666666666667,3,0.5444444444444445,0.4666666666666667,3,0.6816666666666666
carrion-nizas-pierre-le-grand,Pierre le Grand,Tragedy,"#orloff, #gleboff, #catherine, #pierre, #lefort, #menzikoff, #boris, #foedor, #alexis, #hermann",10,,,0.6222222222222222,2,0.7918253968253969,0.6,2,0.7442857142857143,0.6,2,0.7823809523809524,0.5333333333333333,2,0.6597619047619048,0.5555555555555556,2,0.815952380952381,0.6222222222222222,2,0.7918253968253969
de-caux-marius,Marius,Tragedy,"#caïus-marius, #marius, #arisbe, #marius-fils, #hiempsal, #nerbal, #phenice, #cethegus, #numerius",9,,,0.4166666666666667,3,0.5666666666666667,0.4642857142857143,2,0.6607142857142857,0.4166666666666667,3,0.5666666666666667,0.4166666666666667,3,0.5666666666666667,0.3333333333333333,4,0.2296296296296296,0.4166666666666667,3,0.5666666666666667
chabanon-eudoxie,Eudoxie,Tragedy,"#eudoxie, #gontharis, #flavus, #arbate, #leonce, #aspar, #adonal, #maxime, #elise",9,,,0.3333333333333333,3,0.3915343915343915,0.35714285714285715,3,0.35833333333333334,0.35714285714285715,2,0.6011904761904762,0.3055555555555556,3,0.3862433862433863,0.3333333333333333,3,0.3915343915343915,0.3333333333333333,3,0.3915343915343915
chabanon-faux-noble,Le Faux Noble,Comedy,"#le-duc, #stemmate, #le-marquis, #le-maitre-d-hotel, #le-comte, #hortense, #aurelie, #cleonte, #davon, #clenard, #le-baron, #blondel, #le-valet-de-chambre, #dimanche, #le-suisse, #lise",16,,,0.3416666666666667,3,0.6395802114552115,0.32967032967032966,3,0.6246031746031745,0.3523809523809524,3,0.6347619047619049,0.3333333333333333,3,0.6412139943389943,0.30833333333333335,3,0.5803932178932178,0.3416666666666667,3,0.6395802114552115
chamfort-mustapha-zeangir,Mustapha et Zéangir,Tragedy,"#zeangir, #achmet, #soliman, #osman, #roxelane, #azemire, #felime, #le-prince, #ali",9,,,0.4722222222222222,4,0.5888888888888889,0.4642857142857143,4,0.525,0.5357142857142857,3,0.6625,0.4444444444444444,4,0.5518518518518518,0.4722222222222222,4,0.5888888888888889,0.4722222222222222,4,0.5888888888888889
champrepus-ulysse,Ulysse,Tragedy,"#panarete, #floridan, #telemaque, #philete, #eumee, #ulysse, #penelope, #le-messager, #pallas, #arlangin, #laerte, #telegon",12,,,0.2727272727272727,3,0.5717592592592592,0.2909090909090909,2,0.6287878787878788,0.28888888888888886,3,0.5190476190476191,0.3090909090909091,3,0.6237373737373737,0.2727272727272727,4,0.5021645021645021,0.2727272727272727,3,0.5717592592592592
chevalier-pedagogue-amoureux,Le Pédagogue Amoureux,Comedy,"#judith, #isidore, #croquet, #albert, #clarice, #elise, #cleonte, #clitandre, #clemence, #ragotin, #isabelle, #celiane, #maurice",13,,,0.6538461538461539,3,0.8204240204240205,0.5769230769230769,3,0.7224664224664225,0.6282051282051282,3,0.7991896991896993,0.6538461538461539,3,0.8204240204240205,0.4090909090909091,4,0.6428571428571429,0.6538461538461539,3,0.8204240204240205
chevreau-avocat-dupe,L'Avocat Dupé,Comedy,"#mainalte, #philemon, #flaminie, #sicandre, #polydas, #isidore, #atalante, #calliante, #tharzinte",9,,,0.5833333333333334,3,0.8380952380952381,0.5555555555555556,3,0.8878306878306879,0.5555555555555556,3,0.7375661375661375,0.5833333333333334,3,0.8380952380952381,0.4722222222222222,3,0.6666666666666666,0.5833333333333334,3,0.8380952380952381
chevreau-coriolan,Coriolan,Tragedy,"#verginie, #camille, #un-volque, #un-lieutenant, #un-second-senateur, #un-senateur, #coriolan, #un-soldat-des-volques, #un-autre-lieutenant, #sicinie, #un-autre-senateur, #aufidie, #sancine, #velumnie, #lieutenant-des-volques",15,,,0.23809523809523808,4,0.706031746031746,0.24175824175824176,4,0.6683673469387755,0.23809523809523808,4,0.706031746031746,0.22857142857142856,4,0.7504761904761904,0.4166666666666667,3,0.6888888888888889,0.23809523809523808,4,0.706031746031746
chevreau-la-lucrece-romaine,La Lucrèce Romaine,Tragedy,"#colatin, #brute, #sexte, #melixene, #tullie, #lucretie, #maxime, #lucrece, #cecilie, #tarquin, #misene",11,,,0.43636363636363634,4,0.5904761904761905,0.36363636363636365,3,0.4454545454545455,0.41818181818181815,4,0.5666666666666667,0.43636363636363634,4,0.5904761904761905,0.2909090909090909,4,0.4393939393939394,0.43636363636363634,4,0.5904761904761905
chenier-charles-ix,Charles Ix ou L'Ecole des Rois,Tragedy,"#le-chancelier, #le-roi-de-navarre, #la-reine-mere, #le-duc, #le-roi-de-france, #le-cardinal, #l-amiral",7,,,1.0,1,1.0,1.0,1,1.0,0.9523809523809523,2,0.9523809523809524,0.8571428571428571,2,0.8333333333333334,0.9523809523809523,2,0.9523809523809524,1.0,1,1.0
cheron-homme-a-bonnes-fortunes,L'Homme à Sentiments,Comedy,"#florville, #sudmer, #marton, #gercour, #julie, #madame-gercour, #valsain, #le-laquais, #lafleur",9,,,0.6111111111111112,2,0.8428571428571429,0.7142857142857143,2,0.8797619047619047,0.6111111111111112,2,0.8428571428571429,0.6785714285714286,2,0.8714285714285714,0.5,3,0.7645502645502645,0.6111111111111112,2,0.8428571428571429
colardeau-astarbe,Astarbe,Tragedy,"#astarbe, #narbal, #orcan, #bacazar, #leuxis, #arsace, #zopire, #pigmalion, #nador",9,,,0.5555555555555556,3,0.6486772486772486,0.7619047619047619,2,0.8095238095238095,0.5555555555555556,3,0.6486772486772486,0.5555555555555556,3,0.6486772486772486,0.4722222222222222,3,0.5222222222222223,0.5555555555555556,3,0.6486772486772486
colle-l-amant-anonyme,"L'Amant Anonyme, Comédie",Comedy,"#leontine, #le-vicomte, #dorothee, #rosalie, #ophemon, #tous, #picard, #jeannette, #colin",9,,,0.8888888888888888,2,0.9365079365079365,0.8888888888888888,2,0.9365079365079365,0.6666666666666666,2,0.8402116402116402,0.8888888888888888,2,0.9365079365079365,1.0,1,1.0,0.8888888888888888,2,0.9365079365079365
constant-wallstein,Wallstein,Tragedy,"#geraldin, #wallstein, #l-officier, #thecla, #un-troisieme-soldat, #isolan, #illo, #buttler, #un-soldat, #un-second-soldat, #tersky, #elise, #alfred, #gallas, #harald",15,,,0.42857142857142855,3,0.8342775742775743,0.4095238095238095,3,0.8056980056980056,0.4835164835164835,3,0.8980313337456194,0.5909090909090909,3,0.8068783068783069,0.4065934065934066,3,0.7080498866213152,0.42857142857142855,3,0.8342775742775743
cinq-auteurs-aveugle-de-smyrne,L'Aveugle de Smyrne,Comedy,"#pauline, #eliane, #philiste, #aristee, #silene, #philarque, #olinthe, #terfile, #alcinon, #atlante, #oracle",11,,,0.6909090909090909,2,0.8604617604617605,0.7555555555555555,2,0.8884920634920634,0.6909090909090909,2,0.8604617604617605,0.7777777777777778,2,0.8692857142857143,0.5818181818181818,2,0.839033189033189,0.6909090909090909,2,0.8604617604617605
cinq-auteurs-comedie-des-tuileries,La Comédie des Thuileries,Comedy,"#asphalte, #arbaze, #aglante, #le-gardeur-des-lions, #melinde, #florine, #nerice, #cleonice, #orphise, #toinet, #megate, #janot, #echo, #philene, #un-des-braves",15,,,0.47619047619047616,3,0.7240740740740741,0.6060606060606061,3,0.7596560846560846,0.47619047619047616,3,0.7240740740740741,0.5641025641025641,3,0.82991452991453,0.3956043956043956,4,0.6996598639455783,0.47619047619047616,3,0.7240740740740741
corneillep-agesilas,Agésilas,Tragedy,"#mandane, #aglatide, #spitridate, #agesilas, #cleon, #cotys, #lysander, #elpinice, #xenocles",9,,,0.6111111111111112,3,0.7259259259259259,0.4444444444444444,3,0.5777777777777778,0.6111111111111112,3,0.7259259259259259,0.5,3,0.6084656084656085,0.5,3,0.626984126984127,0.6111111111111112,3,0.7259259259259259
corneillep-andromede,Andromède,Tragedy,"#cassiope, #aglante, #timante, #andromede, #liriope, #eole, #phinee, #page, #persee, #jupiter, #junon, #neptune, #le-choeur, #venus, #voix, #ephyre, #cydippe, #cephee, #cephalie, #cymodoce, #mercure, #ammon, #phorbas",23,,,0.2608695652173913,5,0.7190814016900973,0.2736842105263158,5,0.6952200577200578,0.3333333333333333,3,0.7261010918905656,0.2490118577075099,5,0.689526174308783,0.2736842105263158,3,0.7838095238095237,0.2608695652173913,5,0.7190814016900973
corneillep-attila,Attila,Tragedy,"#ardaric, #octar, #attila, #valamir, #honorie, #flavie, #ildione",7,,,0.6666666666666666,2,0.7999999999999999,0.5714285714285714,2,0.6904761904761905,0.6666666666666666,2,0.7999999999999999,0.6666666666666666,2,0.7999999999999999,0.6190476190476191,2,0.619047619047619,0.6666666666666666,2,0.7999999999999999
corneillep-cid,Le Cid,Tragedy,"#chimene, #don-sanche, #don-diegue, #don-arias, #don-fernand, #leonor, #page, #l-infante, #le-comte, #don-rodrigue, #elvire, #don-alonse",12,,,0.3787878787878788,3,0.6075396825396825,0.36363636363636365,4,0.6787878787878788,0.36363636363636365,3,0.5313492063492063,0.36363636363636365,3,0.5313492063492063,0.3484848484848485,4,0.6194444444444445,0.3787878787878788,3,0.6075396825396825
corneillep-cinna-43,Cinna,Tragedy,"#livie, #emilie, #cinna, #auguste, #polyclete, #maxime, #euphorbe, #fulvie, #evandre",9,,,0.4722222222222222,3,0.674074074074074,0.4722222222222222,3,0.674074074074074,0.4444444444444444,3,0.7370370370370369,0.5,3,0.5958333333333333,0.3611111111111111,4,0.47777777777777775,0.4722222222222222,3,0.674074074074074
corneillep-cinna,Cinna (1682),Tragedy,"#livie, #emilie, #cinna, #auguste, #polyclete, #maxime, #euphorbe, #fulvie, #evandre",9,,,0.4722222222222222,3,0.674074074074074,0.4722222222222222,3,0.674074074074074,0.4444444444444444,3,0.7370370370370369,0.5,3,0.5958333333333333,0.3611111111111111,4,0.47777777777777775,0.4722222222222222,3,0.674074074074074
corneillep-clitandre,Clitandre,Tragedy,"#rosidor, #dorise, #alcandre, #floridan, #clitandre, #premier-archer, #second-archer, #second-veneur, #cleon, #pymante, #geronte, #lysarque, #premier-veneur, #caliste, #le-geolier, #lycaste",16,,,0.3,4,0.5513888888888889,0.3516483516483517,4,0.48639455782312924,0.3,4,0.5513888888888889,0.3076923076923077,4,0.49387755102040815,0.23333333333333334,5,0.4979166666666667,0.3,4,0.5513888888888889
corneillep-don-sanche,Don Sanche d'Aragon,Comedy,"#blanche, #isabelle, #carlos, #alvar, #elvire, #un-garde, #manrique, #leonor, #raymond, #lope",10,,,0.7111111111111111,2,0.8456349206349205,0.7111111111111111,2,0.8456349206349205,0.7111111111111111,2,0.8456349206349205,0.6666666666666666,2,0.8321428571428571,0.6785714285714286,2,0.763095238095238,0.7111111111111111,2,0.8456349206349205
corneillep-galerie-du-palais,La Galerie du Palais,Comedy,"#dorimant, #lysandre, #aronte, #celidee, #mercier, #lingere, #cleante, #libraire, #pleirante, #hippolyte, #florice, #chrysante",12,,,0.7272727272727273,2,0.8301106301106301,0.7272727272727273,2,0.8301106301106301,0.7272727272727273,2,0.8301106301106301,0.6212121212121212,2,0.8374338624338624,0.6060606060606061,3,0.7667989417989417,0.7272727272727273,2,0.8301106301106301
corneillep-heraclius,"Héraclius, Empereur d'Orient",Tragedy,"#eudoxe, #heraclius, #pulcherie, #amyntas, #exupere, #leontine, #page, #martian, #phocas, #crispe",10,,,0.7111111111111111,3,0.8595238095238095,0.8333333333333334,2,0.8915343915343915,0.6888888888888889,3,0.8595238095238095,0.6,3,0.8059523809523809,0.5333333333333333,3,0.7023809523809523,0.7111111111111111,3,0.8595238095238095
corneillep-horace,Horace,Tragedy,"#le-vieil-horace, #horace, #curiace, #camille, #tulle, #sabine, #valere, #julie, #flavian, #procule",10,,,0.5333333333333333,3,0.63,0.5555555555555556,3,0.6925925925925926,0.5111111111111111,3,0.6204761904761905,0.6111111111111112,3,0.7296296296296296,0.5,3,0.6037037037037037,0.5333333333333333,3,0.63
corneillep-illusion-comique,L'Illusion Comique,Comedy,"#pridamant, #alcandre, #isabelle, #le-geolier, #eraste, #clindor, #matamore, #geronte, #lyse, #adraste, #dorante, #page",12,,,0.42424242424242425,3,0.8017195767195767,0.41818181818181815,4,0.7766233766233767,0.41818181818181815,3,0.7943722943722943,0.43636363636363634,3,0.7937229437229437,0.41818181818181815,2,0.8792207792207791,0.42424242424242425,3,0.8017195767195767
corneillep-medee-39,Médée,Tragedy,"#cleone, #jason, #medee, #nerine, #creon, #pollux, #theudas, #creuse, #aegee",9,,,0.4444444444444444,3,0.5111111111111111,0.3611111111111111,4,0.4592592592592592,0.4166666666666667,3,0.4037037037037037,0.3611111111111111,4,0.4259259259259259,0.5357142857142857,3,0.5916666666666667,0.4444444444444444,3,0.5111111111111111
corneillep-medee,Médée (1682),Tragedy,"#cleone, #jason, #medee, #nerine, #creon, #pollux, #theudas, #creuse, #aegee",9,,,0.4444444444444444,3,0.5111111111111111,0.3611111111111111,4,0.4592592592592592,0.4166666666666667,3,0.4037037037037037,0.3611111111111111,4,0.4259259259259259,0.5357142857142857,3,0.5916666666666667,0.4444444444444444,3,0.5111111111111111
corneillep-melite-33,Mélite ou Les Fausses Lettres,Comedy,"#cloris, #tirsis, #la-nourrice, #eraste, #melite, #cliton, #philandre, #lisis",8,,,0.75,2,0.7625,0.75,2,0.7625,0.7619047619047619,2,0.7571428571428571,0.6428571428571429,2,0.6291666666666667,0.75,2,0.7625,0.75,2,0.7625
corneillep-melite,Mélite,Comedy,"#cliton, #lisis, #tircis, #eraste, #cloris, #melite, #la-nourrice, #nourrice, #philandre",9,,,0.7777777777777778,2,0.8031746031746032,0.75,2,0.830952380952381,0.7777777777777778,2,0.8031746031746032,0.75,2,0.7916666666666666,0.6111111111111112,2,0.6656084656084656,0.7777777777777778,2,0.8031746031746032
corneillep-menteur,Le Menteur,Comedy,"#dorante, #geronte, #alcippe, #sabine, #clarice, #lucrece, #cliton, #philiste, #isabelle, #lycas",10,,,0.6666666666666666,2,0.7761904761904762,0.8055555555555556,2,0.8809523809523809,0.6444444444444445,2,0.7793650793650794,0.6666666666666666,2,0.7761904761904762,0.5333333333333333,2,0.7304761904761905,0.6666666666666666,2,0.7761904761904762
corneillep-mort-pompee,La Mort de Pompée,Tragedy,"#philipe, #cornelie, #achoree, #cleopatre, #achillas, #septime, #charmion, #cesar, #antoine, #philippe, #photin, #ptolemee",12,,,0.3484848484848485,3,0.6305555555555555,0.3333333333333333,4,0.5416666666666666,0.34545454545454546,4,0.7939393939393938,0.3484848484848485,3,0.6305555555555555,0.4,3,0.61,0.3484848484848485,3,0.6305555555555555
corneillep-nicomede,Nicomède,Tragedy,"#laodice, #attale, #prusias, #araspe, #nicomede, #arsinoe, #flaminius, #cleone",8,,,0.7857142857142857,2,0.9035714285714286,0.7857142857142857,2,0.9035714285714286,0.7142857142857143,2,0.8482142857142857,0.7857142857142857,2,0.9035714285714286,0.5714285714285714,3,0.6166666666666667,0.7857142857142857,2,0.9035714285714286
corneillep-oedipe,Oedipe,Tragedy,"#thesee, #jocaste, #dymas, #phorbas, #cleante, #dirce, #nerine, #page, #oedipe, #megare, #iphicrate",11,,,0.4727272727272727,3,0.7880952380952381,0.45454545454545453,3,0.7805194805194805,0.45454545454545453,3,0.7811688311688312,0.43636363636363634,3,0.8365800865800866,0.4444444444444444,3,0.6407407407407407,0.4727272727272727,3,0.7880952380952381
corneillep-othon,Othon,Tragedy,"#plautine, #atticus, #lacus, #galba, #othon, #albin, #martian, #camille, #fl6ao, #vinius, #rutile, #albiane, #flavie",13,,,0.4230769230769231,3,0.77002442002442,0.3974358974358974,3,0.7589133089133089,0.38461538461538464,4,0.6703296703296703,0.3974358974358974,4,0.725030525030525,0.3090909090909091,3,0.5406926406926407,0.4230769230769231,3,0.77002442002442
corneillep-pertharite,Pertharite,Tragedy,"#grimoald, #edwige, #rodelinde, #pertharite, #unulphe, #garibalde, #soldat",7,,,0.7619047619047619,2,0.8095238095238095,0.7619047619047619,2,0.8095238095238095,0.7142857142857143,2,0.7571428571428571,0.7619047619047619,2,0.8095238095238095,0.8666666666666667,2,0.9,0.7619047619047619,2,0.8095238095238095
corneillep-place-royale,La Place Royale,Comedy,"#doraste, #philis, #angelique, #alidor, #lysis, #cleandre, #lycante, #polymas",8,,,0.5357142857142857,3,0.6916666666666667,0.6190476190476191,2,0.7380952380952381,0.5357142857142857,3,0.6916666666666667,0.5357142857142857,3,0.6916666666666667,0.47619047619047616,3,0.38095238095238093,0.5357142857142857,3,0.6916666666666667
corneillep-polyeucte,Polyeucte Martyr,Tragedy,"#pauline, #felix, #polyeucte, #severe, #fabian, #albin, #stratonice, #nearque, #cleon",9,,,0.3333333333333333,4,0.3814814814814815,0.3055555555555556,4,0.25555555555555554,0.3333333333333333,4,0.3814814814814815,0.3333333333333333,4,0.3814814814814815,0.2777777777777778,4,0.3851851851851852,0.3333333333333333,4,0.3814814814814815
corneillep-pulcherie,Pulchérie,Comedy,"#justine, #aspar, #pulcherie, #leon, #martian, #irene",6,,,0.9333333333333333,2,0.9333333333333332,0.7333333333333333,2,0.8222222222222223,0.9333333333333333,2,0.9333333333333332,0.8666666666666667,2,0.9,0.9333333333333333,2,0.9333333333333332,0.9333333333333333,2,0.9333333333333332
corneillep-rodogune,"Rodogune, Princesse des Parthes",Tragedy,"#oronte, #rodogune, #laonice, #cleopatre, #antiochus, #seleucus, #timagene",7,,,0.7619047619047619,2,0.8476190476190476,0.7619047619047619,2,0.8476190476190476,0.7142857142857143,2,0.8428571428571429,0.7619047619047619,2,0.8476190476190476,0.47619047619047616,3,0.21428571428571427,0.7619047619047619,2,0.8476190476190476
corneillep-sertorius,Sertorius,Tragedy,"#aufide, #sertorius, #perpenna, #aristie, #viriate, #pompee, #thamire, #celsus, #arcas",9,,,0.5277777777777778,3,0.6878306878306879,0.5277777777777778,3,0.6878306878306879,0.5,3,0.6566137566137566,0.4722222222222222,3,0.6957671957671958,0.47619047619047616,2,0.7999999999999999,0.5277777777777778,3,0.6878306878306879
corneillep-sophonisbe,Sophonisbe,Tragedy,"#eryxe, #page, #mezetulle, #sophonisbe, #lelius, #albin, #lepide, #massinisse, #syphax, #barcee, #bocchar, #herminie",12,,,0.3484848484848485,3,0.49563492063492065,0.4,3,0.5562770562770563,0.3181818181818182,3,0.44206349206349205,0.34545454545454546,3,0.5303030303030303,0.2909090909090909,3,0.37489177489177483,0.3484848484848485,3,0.49563492063492065
corneillep-suite-menteur,La Suite du Menteur,Comedy,"#cleandre, #cliton, #philiste, #dorante, #lyse, #melisse, #prevot",7,,,0.7619047619047619,2,0.8666666666666666,0.7619047619047619,2,0.8666666666666666,0.7619047619047619,2,0.8666666666666666,0.7619047619047619,2,0.8666666666666666,0.7142857142857143,2,0.8380952380952381,0.7619047619047619,2,0.8666666666666666
corneillep-suivante,La Suivante,Comedy,"#daphnis, #celie, #florame, #clarimond, #amarante, #cleon, #damon, #geraste, #polemon, #theante",10,,,0.4444444444444444,3,0.660952380952381,0.4444444444444444,3,0.660952380952381,0.5,3,0.6677248677248677,0.4722222222222222,4,0.5666666666666667,0.4444444444444444,3,0.5555555555555556,0.4444444444444444,3,0.660952380952381
corneillep-surena,Suréna,Tragedy,"#pacorus, #eurydice, #palmis, #ormene, #orode, #surena, #sillace",7,,,0.5714285714285714,3,0.6476190476190476,0.6,2,0.6777777777777777,0.5714285714285714,3,0.6476190476190476,0.5714285714285714,3,0.6476190476190476,0.42857142857142855,4,0.23809523809523808,0.5714285714285714,3,0.6476190476190476
corneillep-theodore,Théodore Vierge et Martyre,Tragedy,"#marcelle, #valens, #paulin, #placide, #theodore, #cleobule, #lycante, #didyme, #stephanie",9,,,0.75,2,0.7976190476190477,0.6666666666666666,2,0.719047619047619,0.7222222222222222,2,0.7349206349206349,0.6388888888888888,3,0.746031746031746,0.5277777777777778,3,0.7661375661375661,0.75,2,0.7976190476190477
corneillep-tite,Tite et Bérénice,Comedy,"#domitian, #albin, #flavian, #tite, #berenice, #domitie, #plautine, #philon",8,,,0.35714285714285715,3,0.25,0.35714285714285715,3,0.25,0.32142857142857145,4,0.16666666666666666,0.35714285714285715,3,0.25,0.35714285714285715,3,0.25,0.35714285714285715,3,0.25
corneillep-toison,La Conquête de la Toison d'or,Tragedy,"#junon, #amour, #orphee, #pelee, #jason, #medee, #hypsipyle, #zethes, #calais, #jupiter, #glauque, #absyrte, #iphite, #iris, #soleil, #aaete, #sirenes, #pallas, #chalciope, #voix",20,,,0.3473684210526316,3,0.7612654012654013,0.35294117647058826,3,0.7383557800224466,0.38011695906432746,3,0.8070736281262597,0.3742690058479532,3,0.7544841123788493,0.38333333333333336,3,0.7801635864135864,0.3473684210526316,3,0.7612654012654013
corneillep-veuve-34,La Veuve ou Le Traître Trahi,Comedy,"#alcidon, #celidan, #doris, #chrysante, #clarice, #doraste, #polymas, #la-nourrice, #listor, #philiste, #geron, #lycas",12,,,0.4696969696969697,2,0.8168109668109668,0.45454545454545453,3,0.7531746031746032,0.4090909090909091,3,0.7185185185185184,0.4727272727272727,3,0.833982683982684,0.3787878787878788,3,0.7074074074074074,0.4696969696969697,2,0.8168109668109668
corneillep-veuve,La Veuve,Comedy,"#alcidon, #celidan, #doris, #chrysante, #clarice, #doraste, #polymas, #la-nourrice, #listor, #philiste, #geron, #lycas",12,,,0.4393939393939394,2,0.7244949494949494,0.42424242424242425,3,0.6574074074074073,0.3939393939393939,3,0.6944444444444445,0.5111111111111111,3,0.8185714285714285,0.36363636363636365,3,0.6222222222222222,0.4393939393939394,2,0.7244949494949494
corneillet-amour-a-la-mode,L'Amour à la Mode,Comedy,"#lucie, #oronte, #dorotee, #florame, #eraste, #listor, #cliton, #lisette, #argante, #licas",10,,,0.6888888888888889,3,0.7714285714285715,0.8333333333333334,2,0.8941798941798942,0.6666666666666666,3,0.7516666666666667,0.7222222222222222,3,0.7523809523809524,0.5777777777777777,3,0.7228571428571429,0.6888888888888889,3,0.7714285714285715
corneillet-ariane,Ariane,Tragedy,"#ariane, #pirithous, #arcas, #oenarus, #nerine, #phedre, #thesee",7,,,0.8095238095238095,2,0.8714285714285713,0.8095238095238095,2,0.8714285714285713,0.7619047619047619,2,0.8476190476190476,0.7619047619047619,2,0.8476190476190476,0.5714285714285714,3,0.6,0.8095238095238095,2,0.8714285714285713
corneillet-baron-d-albikrac,Le Baron d'Albikrac,Tragedy,"#lisette, #philipin, #leandre, #la-montagne, #cascaret, #oronte, #la-tante, #angelique",8,,,0.9642857142857143,2,0.9642857142857142,0.9642857142857143,2,0.9642857142857142,0.9642857142857143,2,0.9642857142857142,0.9642857142857143,2,0.9642857142857142,0.8928571428571429,2,0.9285714285714286,0.9642857142857143,2,0.9642857142857142
corneillet-berenice,Bérénice,Tragedy,"#philoxene, #cleophis, #berenice, #anaxaris, #araxe, #le-roi, #philoclee, #clitie, #iphite, #hesione",10,,,0.5555555555555556,3,0.733095238095238,0.5333333333333333,3,0.7252380952380952,0.5555555555555556,3,0.733095238095238,0.5333333333333333,3,0.6430952380952382,0.5,3,0.6074074074074074,0.5555555555555556,3,0.733095238095238
corneillet-bradamante,Bradamante,Tragedy,"#roger, #marphise, #leon, #timante, #ismene, #doralise, #bradamante",7,,,0.5714285714285714,3,0.7619047619047619,0.5714285714285714,3,0.7619047619047619,0.5714285714285714,3,0.7619047619047619,0.5238095238095238,3,0.819047619047619,0.5238095238095238,3,0.619047619047619,0.5714285714285714,3,0.7619047619047619
corneillet-camma,"Camma, Reine de Galatie",Tragedy,"#camma, #sosime, #sinorix, #phaedime, #phenice, #sostrate, #hesione",7,,,0.7619047619047619,2,0.8476190476190476,0.7142857142857143,2,0.8428571428571429,0.7142857142857143,2,0.8142857142857143,0.7142857142857143,2,0.819047619047619,0.6190476190476191,3,0.7142857142857143,0.7619047619047619,2,0.8476190476190476
corneillet-charme-de-la-voix,Le Charme de la Voix,Comedy,"#carlos, #la-duchesse, #camille, #laure, #fenise, #federic, #le-duc, #fabrice",8,,,0.9285714285714286,2,0.9190476190476191,0.8571428571428571,2,0.8952380952380953,0.9285714285714286,2,0.9190476190476191,0.8928571428571429,2,0.8839285714285714,0.8928571428571429,2,0.8839285714285714,0.9285714285714286,2,0.9190476190476191
corneillet-comte-d-essex,Le Comte d'Essex,Tragedy,"#tilney, #elisabeth, #cecile, #la-duchesse, #salsbury, #le-comte, #crommer",7,,,0.6190476190476191,2,0.6952380952380952,0.6666666666666666,2,0.4444444444444444,0.6190476190476191,2,0.6952380952380952,0.5238095238095238,3,0.6523809523809524,0.6190476190476191,2,0.6952380952380952,0.6190476190476191,2,0.6952380952380952
corneillet-comtesse-orgueil,La Comtesse d'Orgueil,Comedy,"#oronte, #le-chevalier, #lise, #anselme, #carlin, #virgine, #olimpe, #lucrece, #le-marquis, #cascaret",10,,,0.8444444444444444,2,0.9253968253968254,0.8444444444444444,2,0.9253968253968254,0.8444444444444444,2,0.9253968253968254,0.7333333333333333,2,0.9333333333333333,0.8,2,0.8778571428571429,0.8444444444444444,2,0.9253968253968254
corneillet-darius,Darius,Tragedy,"#darius, #statira, #megabise, #amestris, #oropaste, #ochus, #bagoas, #barsine",8,,,0.5714285714285714,3,0.625,0.5357142857142857,3,0.6083333333333334,0.5714285714285714,3,0.625,0.5,3,0.575,0.5714285714285714,3,0.625,0.5714285714285714,3,0.625
corneillet-dom-bertran-de-cigarral,Don Bertran de Cigarral,Comedy,"#don-bertran, #leonor, #guzman, #jacinte, #don-felix, #isabelle, #don-garcie, #mendoce, #don-alvar, #don-bertan, #gusman",11,,,0.7818181818181819,2,0.9111111111111111,0.6909090909090909,2,0.8498556998556999,0.8666666666666667,2,0.95,0.8888888888888888,2,0.9444444444444444,0.7818181818181819,2,0.9111111111111111,0.7818181818181819,2,0.9111111111111111
corneillet-dom-cesar-d-avalos,Don César d'Avalos,Comedy,"#enrique, #don-pascal, #don-cesar, #carlin, #isabelle, #beatrix, #don-fernand, #guzman, #sganarelle",9,,,0.8055555555555556,2,0.8809523809523809,0.8055555555555556,2,0.8809523809523809,0.8055555555555556,2,0.8809523809523809,0.8928571428571429,2,0.9285714285714286,0.7222222222222222,2,0.8407407407407407,0.8055555555555556,2,0.8809523809523809
corneillet-engagements-du-hasard,Les Engagements du Hasard,Comedy,"#leonel, #don-felix, #isabelle, #don-fadrique, #elvire, #celie, #beatrix, #alonse, #clarin, #don-cesar",10,,,0.8222222222222222,2,0.880952380952381,0.8,2,0.8785714285714284,0.7777777777777778,2,0.8746031746031745,0.7333333333333333,2,0.8530952380952381,0.6666666666666666,2,0.7678571428571429,0.8222222222222222,2,0.880952380952381
corneillet-feint-astrologue,Le Feint Astrologue,Comedy,"#don-juan, #philipin, #lucrece, #mendoce, #don-fernand, #beatrix, #leonard, #leonor, #don-lope, #don-louys, #jacinte",11,,,0.6909090909090909,3,0.850937950937951,0.6545454545454545,3,0.8088023088023089,0.6,3,0.6454545454545454,0.6545454545454545,3,0.8470418470418469,0.5454545454545454,3,0.7317460317460317,0.6909090909090909,3,0.850937950937951
corneillet-festin-pierre,Le Festin de Pierre,Comedy,"#elvire, #sganarelle, #don-juan, #maturine, #leonor, #la-violette, #gusman, #therese, #don-carlos, #alonse, #pierrot, #charlotte, #monsieur-dimanche, #don-louis, #pascale, #la-statue, #la-ramee",17,,,0.25735294117647056,3,0.8183581124757595,0.32051282051282054,3,0.7848484848484849,0.31868131868131866,2,0.7938727938727939,0.2761904761904762,3,0.732012432012432,0.25833333333333336,3,0.825091575091575,0.25735294117647056,3,0.8183581124757595
corneillet-galant-double,Le Galant Doublé,Comedy,"#guzman, #jacinte, #don-fernand, #don-diegue, #don-juan, #isabelle, #beatrix, #leonor, #l-exempt",9,,,0.8611111111111112,2,0.9404761904761904,0.8611111111111112,2,0.9404761904761904,0.8611111111111112,2,0.9404761904761904,1.0,1,1.0,0.6111111111111112,2,0.7333333333333333,0.8611111111111112,2,0.9404761904761904
corneillet-geolier-de-sois-meme,Le Geôlier de Soi-Même,Comedy,"#le-roi, #jodelet, #isabelle, #sanche, #laure, #julie, #edouard, #pascal, #enrique, #federic, #octave, #alfonse, #flore, #un-garde, #un-soldat",15,,,0.4095238095238095,3,0.6635978835978836,0.42857142857142855,3,0.6505668934240363,0.38095238095238093,3,0.6251322751322751,0.37142857142857144,3,0.5893121693121693,0.4230769230769231,3,0.6512820512820513,0.4095238095238095,3,0.6635978835978836
corneillet-illustres-ennemis,Les Illustres Ennemis,Comedy,"#cassandre, #don-sanche, #jacinte, #don-alvar, #don-lope, #brave-1er, #brave-2eme, #alonse, #enrique, #flore, #don-louis, #brave-3eme, #blanche, #don-ramire",14,,,0.38461538461538464,3,0.5969387755102041,0.37362637362637363,3,0.6143990929705215,0.5555555555555556,4,0.6703703703703704,0.3516483516483517,3,0.509920634920635,0.3626373626373626,4,0.5555555555555556,0.38461538461538464,3,0.5969387755102041
corneillet-laodice,"Laodice, Reine de Cappadoce",Tragedy,"#anaxandre, #ariarate, #aquilius, #laodice, #axiane, #phradate, #cleone, #theodot, #alcine",9,,,0.5555555555555556,3,0.744973544973545,0.6428571428571429,3,0.7666666666666666,0.5277777777777778,3,0.6444444444444444,0.3888888888888889,3,0.6058201058201058,0.4722222222222222,3,0.6888888888888889,0.5555555555555556,3,0.744973544973545
corneillet-maximian,Maximian,Tragedy,"#maxime, #constantin, #fauste, #flavie, #constance, #licine, #severe, #maximian, #martian, #lucie",10,,,0.5111111111111111,3,0.6238095238095238,0.5833333333333334,3,0.7216931216931217,0.4444444444444444,3,0.5257142857142857,0.5111111111111111,3,0.6238095238095238,0.4888888888888889,4,0.5771428571428572,0.5111111111111111,3,0.6238095238095238
corneillet-mort-annibal,La Mort d'Annibal,Tragedy,"#prusias, #annibal, #attale, #alcine, #flaminius, #elise, #araxe, #nicomede, #procule",9,,,0.6388888888888888,3,0.7566137566137566,0.6388888888888888,3,0.7566137566137566,0.6111111111111112,3,0.7185185185185186,0.5833333333333334,3,0.7227513227513227,0.4722222222222222,3,0.5518518518518518,0.6388888888888888,3,0.7566137566137566
corneillet-mort-d-achille,La Mort d'Achille,Tragedy,"#achille, #briseis, #alcime, #phenice, #pyrrhus, #polixene, #antilochus, #ilione",8,,,0.4642857142857143,3,0.6125,0.4642857142857143,3,0.6125,0.4642857142857143,3,0.6125,0.42857142857142855,3,0.5625,0.42857142857142855,3,0.35714285714285715,0.4642857142857143,3,0.6125
corneillet-mort-empereur-commode,La Mort de l'Empereur Commode,Tragedy,"#helvie, #julie, #laetus, #marcia, #electus, #flavian, #commode, #lucie",8,,,0.6428571428571429,2,0.8363095238095238,0.6071428571428571,2,0.8220238095238095,0.6428571428571429,2,0.8363095238095238,0.6071428571428571,2,0.7428571428571429,0.5357142857142857,3,0.6458333333333333,0.6428571428571429,2,0.8363095238095238
corneillet-persee-demetrius,Persée et Démétrius,Tragedy,"#onomaste, #philippe, #persee, #demetrius, #didas, #erixene, #antigonus, #phenice",8,,,0.6428571428571429,2,0.8392857142857143,0.6428571428571429,2,0.8392857142857143,0.5714285714285714,2,0.799404761904762,0.6428571428571429,2,0.8392857142857143,0.5357142857142857,3,0.6083333333333334,0.6428571428571429,2,0.8392857142857143
corneillet-pyrrhus,"Pyrrhus, Roi d'Epire",Tragedy,"#deidamie, #neree, #hippias, #pyrrhus, #neoptolemus, #antigone, #androclide, #gelon, #camille",9,,,0.6944444444444444,2,0.8029100529100529,0.6666666666666666,2,0.7703703703703704,0.6666666666666666,2,0.7735449735449735,0.6666666666666666,2,0.7735449735449735,0.5555555555555556,4,0.6111111111111112,0.6944444444444444,2,0.8029100529100529
corneillet-stlicon,Stilicon,Tragedy,"#placidie, #lucile, #mutian, #honorius, #stilicon, #marcellin, #eucherius, #thermantie, #zenon",9,,,0.6111111111111112,3,0.7767195767195767,0.7142857142857143,2,0.8023809523809524,0.4722222222222222,3,0.6000000000000001,0.5833333333333334,3,0.8455026455026454,0.5833333333333334,3,0.8380952380952381,0.6111111111111112,3,0.7767195767195767
corneillet-theodat,Théodat,Tragedy,"#valmire, #ildegonde, #amalasonte, #honoric, #gepilde, #ataulphe, #theodat, #euthar",8,,,0.42857142857142855,3,0.6833333333333333,0.42857142857142855,3,0.6833333333333333,0.35714285714285715,3,0.3958333333333333,0.42857142857142855,3,0.6833333333333333,0.42857142857142855,3,0.6833333333333333,0.42857142857142855,3,0.6833333333333333
corneillet-timocrate,Timocrate,Tragedy,"#timocrate, #eriphile, #arcas, #doride, #la-reine, #cleomene, #cresphonte, #leontidas, #nicandre, #trasille, #trasile, #cleone",12,,,0.5,3,0.8105820105820105,0.5,3,0.8105820105820105,0.48484848484848486,3,0.8078042328042327,0.4909090909090909,3,0.8102453102453103,0.4727272727272727,3,0.7118326118326118,0.5,3,0.8105820105820105
crebillon-atree-thyeste,Atrée et Thyeste,Tragedy,"#plisthene, #thyeste, #thessandre, #theodamie, #atree, #eusysthene, #leonide, #alcimedon",8,,,0.39285714285714285,3,0.39166666666666666,0.47619047619047616,3,0.47619047619047616,0.39285714285714285,3,0.39166666666666666,0.35714285714285715,3,0.2875,0.39285714285714285,3,0.39166666666666666,0.39285714285714285,3,0.39166666666666666
crebillon-catilina,Catilina,Tragedy,"#catilina, #caton, #crassus, #ciceron, #tullie, #sunnon, #gontran, #probus, #lucius, #lentulus, #fulvie, #cethegus",12,,,0.24242424242424243,4,0.35912698412698413,0.22727272727272727,4,0.3005952380952381,0.3111111111111111,3,0.43571428571428567,0.23636363636363636,5,0.25541125541125537,0.2545454545454545,4,0.46428571428571425,0.24242424242424243,4,0.35912698412698413
crebillon-electre,Electre,Tragedy,"#tydee, #iphianasse, #palamede, #itys, #oreste, #melite, #clytemnestre, #electre, #arcas, #antenor, #egisthe",11,,,0.4,3,0.5614718614718615,0.4444444444444444,3,0.6907142857142857,0.34545454545454546,4,0.47878787878787876,0.4,3,0.5614718614718615,0.3090909090909091,4,0.41385281385281386,0.4,3,0.5614718614718615
crebillon-idomenee,Idoménée,Tragedy,"#idamante, #idomenee, #egesippe, #ismene, #polyclete, #erixene, #sophronyme",7,,,0.47619047619047616,3,0.5904761904761904,0.42857142857142855,3,0.4714285714285714,0.47619047619047616,3,0.5904761904761904,0.38095238095238093,3,0.42857142857142855,0.47619047619047616,3,0.5904761904761904,0.47619047619047616,3,0.5904761904761904
crebillon-pyrrhus,Pyrrhus,Tragedy,"#neoptoleme, #pyrrhus, #androclide, #illyrus, #glaucias, #ericie, #cyneas, #helenus, #ismene",9,,,0.4722222222222222,3,0.5518518518518518,0.4444444444444444,3,0.5,0.4444444444444444,3,0.4962962962962963,0.4642857142857143,4,0.49166666666666664,0.42857142857142855,4,0.4458333333333333,0.4722222222222222,3,0.5518518518518518
crebillon-rhadamisthe,Rhadamisthe et Zénobie,Tragedy,"#pharasmane, #hydaspe, #arsame, #mitrane, #rhadamisthe, #zenobie, #hieron, #phenice",8,,,0.42857142857142855,3,0.5083333333333333,0.39285714285714285,3,0.3833333333333333,0.42857142857142855,3,0.5083333333333333,0.42857142857142855,3,0.5083333333333333,0.47619047619047616,3,0.47619047619047616,0.42857142857142855,3,0.5083333333333333
crebillon-semiramis,Sémiramis,Tragedy,"#ninias, #mermecide, #belus, #semiramis, #tenesis, #agenor, #madate, #mirame, #phenice",9,,,0.4722222222222222,3,0.5222222222222223,0.4722222222222222,3,0.5222222222222223,0.4444444444444444,3,0.4962962962962963,0.3611111111111111,3,0.35185185185185186,0.4166666666666667,3,0.4740740740740741,0.4722222222222222,3,0.5222222222222223
crebillon-triumvirat,Le Triumvirat,Tragedy,"#ciceron, #philippe, #sextus, #lepide, #tullie, #octave, #mecene, #clodomir",8,,,0.5357142857142857,3,0.775,0.5,3,0.6708333333333334,0.42857142857142855,3,0.625,0.4642857142857143,3,0.6333333333333333,0.5357142857142857,3,0.775,0.5357142857142857,3,0.775
crebillon-xerxes,Xercès,Tragedy,"#darius, #artaban, #tysapherne, #barsine, #xerces, #artaxerce, #amestris, #cleone, #merodate, #arsace, #phenice",11,,,0.4,4,0.4454545454545455,0.5555555555555556,3,0.6111111111111112,0.4666666666666667,4,0.53,0.38181818181818183,4,0.4272727272727273,0.3090909090909091,4,0.3969696969696969,0.4,4,0.4454545454545455
cyrano-la-mort-d-agrippine,La Mort d'Agrippine,Tragedy,"#agrippine, #cornelie, #livilla, #sejanus, #tibere, #nerva, #terentius",7,,,0.5238095238095238,3,0.6285714285714287,0.5238095238095238,3,0.6285714285714287,0.47619047619047616,3,0.5904761904761904,0.47619047619047616,3,0.47619047619047616,0.42857142857142855,3,0.44761904761904764,0.5238095238095238,3,0.6285714285714287
cyrano-pedant-joue,Le Pédant Joué,Comedy,"#granger, #paquier, #genevote, #granger-le-jeune, #chasteaufort, #granger-le-pere, #la-tremblaye, #gareau, #corbineli, #corbinelli, #fleury, #manon, #charlot, #un-cuistre",14,,,0.5824175824175825,2,0.8207570207570207,0.5494505494505495,2,0.8727716727716727,0.5714285714285714,2,0.8198412698412698,0.6410256410256411,2,0.825912975912976,0.44871794871794873,2,0.718931068931069,0.5824175824175825,2,0.8207570207570207
dancourt-bourgeoises-a-la-mode,Les Bourgeoises à la Mode.,Comedy,"#angelique, #frontin, #jamsin, #lisette, #mariane, #araminte, #madame-amelin, #le-chevalier, #monsieur-simon, #monsieur-josse, #monsieur-griffard",11,,,0.7272727272727273,2,0.8798701298701299,0.7272727272727273,2,0.8798701298701299,0.7090909090909091,2,0.8890331890331891,0.7272727272727273,2,0.8798701298701299,0.5111111111111111,2,0.7155555555555556,0.7272727272727273,2,0.8798701298701299
dancourt-chevalier-a-la-mode,Le Chevalier à la Mode,Comedy,"#la-baronne, #lucile, #la-brie, #le-chevalier, #monsieur-migaud, #lisette, #madame-patin, #le-cocher, #crispin, #guillemin, #monsieur-serrefort",11,,,0.6363636363636364,2,0.8501443001443001,0.6,2,0.8455266955266955,0.7111111111111111,2,0.8577777777777778,0.6181818181818182,2,0.8538961038961038,0.5111111111111111,2,0.821984126984127,0.6363636363636364,2,0.8501443001443001
dancourt-enfants-de-paris,Les Enfants de Paris,Comedy,"#angelique, #monsieur-vilain, #climene, #valere, #monsieur-harpin, #merlin, #madame-brichonne, #clitandre, #finette, #madame-argante, #un-laquais",11,,,0.8727272727272727,2,0.8963203463203463,0.8727272727272727,2,0.8963203463203463,0.6545454545454545,2,0.8393217893217894,0.8727272727272727,2,0.8963203463203463,0.8,2,0.8628571428571428,0.8727272727272727,2,0.8963203463203463
dancourt-femme-d-intrigues,La Femme D'Intrigues.,Comedy,"#la-brie, #gabrillon, #dorante, #madame-thibaut, #le-maitre-a-danser, #jolicoeur, #la-ramee, #un-laquais, #lisette, #le-maitre-a-chanter, #ardalise, #orgon, #le-commissaire, #le-marquis, #melinde, #araminte, #leandre, #le-chevalier, #angelique, #eraste, #cascaret, #champagne, #le-cocher, #dorise, #monsieur-dubois, #le-petit-dragon, #monsieur-de-la-protase, #madame-torquette",28,,,0.15608465608465608,3,0.7691211333018055,0.1623931623931624,3,0.7994172977833108,0.17786561264822134,3,0.7358210842865575,0.1857707509881423,3,0.7017703120677948,0.18181818181818182,3,0.7256493506493507,0.15608465608465608,3,0.7691211333018055
dancourt-madame-artus,Madame Artus,Comedy,"#massine, #madame-artus, #monsieur-ludet, #merlin, #madame-argante, #dorante, #celide, #damis, #finette, #eraste",10,,,0.8888888888888888,2,0.9032539682539683,0.8666666666666667,2,0.89,0.8666666666666667,2,0.9095238095238095,0.8444444444444444,2,0.8826190476190476,0.6,2,0.6854761904761905,0.8888888888888888,2,0.9032539682539683
dancourt-sancho,"Sancho Pança, Gouverneur",Comedy,"#le-docteur, #l-etranger, #don-quichot, #sancho, #le-maitre-d-hotel, #don-lope, #le-duc, #leonor, #la-bohemienne, #madame-rodrigue, #mendoce, #archelaüs, #dulcinee, #madian, #la-duchesse, #carisal, #le-paysan, #basile, #fabrice, #altisidore, #carlos, #elvire, #tous-ensemble, #don-carlos, #peralte, #federic, #le-courrier, #henrique, #le-cuirassier, #ignez",30,,,0.3080459770114943,2,0.7677037564163468,0.31527093596059114,2,0.7636651226034167,0.3046153846153846,3,0.7525261440419813,0.3504273504273504,2,0.7669110097180273,0.4069264069264069,2,0.7981007554536966,0.3080459770114943,2,0.7677037564163468
dancourt-trahison-punie,La Trahison Punie,Comedy,"#leonor, #don-garcie, #don-felix, #jacinte, #don-andre, #isabelle, #fabrice, #don-juan, #ignez, #beatrix, #un-laquais, #plusieurs-voix",12,,,0.6212121212121212,3,0.8537037037037036,0.6363636363636364,2,0.86002886002886,0.6212121212121212,3,0.8537037037037036,0.6212121212121212,3,0.8537037037037036,0.6727272727272727,3,0.8856421356421357,0.6212121212121212,3,0.8537037037037036
delavigne-comediens,Les Comédiens,Comedy,"#belrose, #victor, #madame-blinval, #estelle, #blinval, #le-laquais, #floridore, #granville, #bernard, #lucile, #pembrock, #tous",12,,,0.8333333333333334,2,0.8958333333333334,0.8222222222222222,2,0.8908730158730158,0.8333333333333334,2,0.8958333333333334,0.803030303030303,2,0.8684102934102934,0.7727272727272727,2,0.8695165945165946,0.8333333333333334,2,0.8958333333333334
delavigne-vepres-siciliennes,Les Vêpres Siciliennes,Tragedy,"#philippe-d-aquila, #salvati, #salviati, #procida, #amelie, #elfride, #loredan, #gaston, #oddo, #montfort",10,,,0.4666666666666667,3,0.7819047619047619,0.4666666666666667,3,0.7819047619047619,0.4222222222222222,4,0.6495238095238095,0.5,3,0.7291666666666666,0.4444444444444444,3,0.6842857142857143,0.4666666666666667,3,0.7819047619047619
desfontaines-perside,Perside,Tragedy,"#soliman, #haly, #pirrus, #eraste, #perside, #ormane, #herminie, #alcomire, #achmat",9,,,0.7222222222222222,2,0.819047619047619,0.6944444444444444,2,0.8105820105820105,0.6666666666666666,3,0.726984126984127,0.6666666666666666,2,0.765079365079365,0.6071428571428571,2,0.8345238095238096,0.7222222222222222,2,0.819047619047619
desfontaines-saint-genest,L'Illustre Comédien ou Le Martyre de Saint-Genest.,Tragedy,"#un-garde, #rutile, #genest, #pamphilie, #anthenor, #aristide, #luciane, #diocletian, #aquillin",9,,,0.8611111111111112,2,0.9404761904761904,0.8611111111111112,2,0.9404761904761904,0.8611111111111112,2,0.9404761904761904,0.8611111111111112,2,0.9404761904761904,0.8611111111111112,2,0.9404761904761904,0.8611111111111112,2,0.9404761904761904
desfontaines-veritable-semiramis,La Véritable Sémiramis,Tragedy,"#zenophire, #merzabane, #ninus, #semiramis, #oronclide, #melistrate, #palmedon, #prazimene, #cambises",9,,,0.5277777777777778,3,0.7862433862433862,0.5,3,0.7772486772486773,0.6190476190476191,3,0.6761904761904762,0.5,3,0.762962962962963,0.5,3,0.7957671957671958,0.5277777777777778,3,0.7862433862433862
deshoulieres-genseric,Genseric,Tragedy,"#sophronie, #trasimond, #eudoxe, #l-imperatrice, #justine, #genseric, #ispar, #narbal, #camile, #huneric, #amilcar",11,,,0.45454545454545453,3,0.6402597402597402,0.43636363636363634,3,0.5632034632034633,0.45454545454545453,3,0.6402597402597402,0.34545454545454546,3,0.532034632034632,0.38181818181818183,3,0.5458874458874459,0.45454545454545453,3,0.6402597402597402
desmarets-visionnaires,Les Visionnaires,Comedy,"#amidor, #melisse, #filidan, #artabaze, #lysandre, #alcidon, #hesperie, #phalante, #sestiane",9,,,0.8333333333333334,2,0.8941798941798942,0.7222222222222222,2,0.8513227513227514,0.8055555555555556,2,0.8955026455026456,0.7222222222222222,2,0.8423280423280423,0.6666666666666666,2,0.68994708994709,0.8333333333333334,2,0.8941798941798942
diderot-pere-de-famille,Le Père de Famille,Comedy,"#monsieur-le-bon, #philippe, #deschamps, #madame-hebert, #l-exempt, #le-pere-de-famille, #le-commandeur, #la-brie, #cecile-germeuil, #cecile, #mademoiselle-clairet, #saint-albin, #sophie, #le-pere-de-germeuil, #fille-de-boutique, #madame-papillon, #germeuil",17,,,0.5735294117647058,2,0.8503512827042239,0.6,3,0.8124046324046325,0.5735294117647058,2,0.8503512827042239,0.625,2,0.8679806304806305,0.45714285714285713,3,0.7744677544677544,0.5735294117647058,2,0.8503512827042239
discret-noces-de-vaugirard,Les Noces de Vaugirard ou Les Naïvetés Champêtres.,Comedy,"#lidiane, #la-fortune, #echo, #polydas, #le-juge, #le-procureur, #pysandre, #cleanide, #amarille, #floridon, #luciane, #pancrace, #premier-pecheur, #second-pecheur, #le-greffier",15,,,0.5904761904761905,2,0.8644710844710844,0.6282051282051282,2,0.8862470862470863,0.580952380952381,2,0.8821978021978023,0.5904761904761905,2,0.8644710844710844,0.7818181818181819,2,0.9111111111111111,0.5904761904761905,2,0.8644710844710844
donneau-de-vise-corneille-devineresse,La Devineresse,Comedy,"#madame-jobin, #madame-des-roches, #du-verdier, #le-marquis, #la-comtesse, #maturine, #picard, #madame-noblet, #la-marquise, #la-paysanne, #la-tete, #madame-de-clerimont, #la-giraudiere, #le-chevalier, #monsieur-de-troufignac, #monsieur-gosselin, #du-clos, #monsieur-gilet, #le-financier, #mademoiselle-du-buisson, #madame-de-la-jubliniere, #dame-françoise, #mademoiselle-du-verdier",23,,,0.21739130434782608,3,0.6614216701173222,0.28104575163398693,3,0.6321428571428571,0.22510822510822512,3,0.634688995215311,0.24285714285714285,2,0.7632116004296454,0.21637426900584794,3,0.5991658066735466,0.21739130434782608,3,0.6614216701173222
donneau-de-vise-dames-vengees,Les Dames Vengées,Comedy,"#lisandre, #marton, #alcippe, #silvanire, #lisette, #pasquin, #orasie, #monsieur-polidor, #henriette, #hortense",10,,,0.8,2,0.894047619047619,0.5777777777777777,3,0.7538095238095238,0.8,2,0.894047619047619,0.8,2,0.894047619047619,0.6888888888888889,3,0.824047619047619,0.8,2,0.894047619047619
dorat-celibataire,Le Célibataire,Comedy,"#terville, #nerine, #montbrisson, #saingerans, #verseuil, #le-valet, #lafleur, #madame-de-verseuil, #julie",9,,,0.6666666666666666,3,0.8042328042328042,0.6666666666666666,3,0.8042328042328042,0.6666666666666666,3,0.8042328042328042,0.6388888888888888,3,0.7142857142857143,0.5555555555555556,3,0.7042328042328042,0.6666666666666666,3,0.8042328042328042
du-ryer-alcionee,Alcionée,Tragedy,"#lydie, #theoxene, #dioclee, #alcionee, #achate, #callisthene, #alcire, #le-roi",8,,,0.5357142857142857,3,0.7333333333333333,0.5357142857142857,3,0.7333333333333333,0.5,3,0.7916666666666666,0.5,3,0.6375,0.5,3,0.7291666666666666,0.5357142857142857,3,0.7333333333333333
du-ryer-esther,Esther,Tragedy,"#esther, #mardochee, #le-roi, #zethar, #vasthi, #haman, #thamar, #tharsis, #thares",9,,,0.5277777777777778,3,0.7121693121693122,0.4722222222222222,3,0.6000000000000001,0.3888888888888889,3,0.6931216931216931,0.6428571428571429,3,0.825,0.5,3,0.7031746031746031,0.5277777777777778,3,0.7121693121693122
du-ryer-lucrece,Lucrèce,Tragedy,"#procule, #cornelie, #lucrece, #collatin, #livie, #le-pere, #libane, #tarquin, #brute",9,,,0.5833333333333334,3,0.7386243386243385,0.5555555555555556,3,0.7444444444444445,0.5,4,0.6555555555555556,0.6785714285714286,2,0.763095238095238,0.5357142857142857,3,0.7666666666666666,0.5833333333333334,3,0.7386243386243385
du-ryer-saul,Saül,Tragedy,"#abner, #saül, #la-pythonisse, #phalti, #michol, #jonathas, #achas, #l-ombre, #l-ecuyer",9,,,0.5277777777777778,3,0.7068783068783069,0.5277777777777778,3,0.7068783068783069,0.7142857142857143,2,0.8428571428571429,0.5277777777777778,3,0.7068783068783069,0.6666666666666666,2,0.7333333333333334,0.5277777777777778,3,0.7068783068783069
du-ryer-scevole,Scévole,Tragedy,"#fulvie, #junie, #tarquin, #marcile, #arons, #porsenne, #licine, #scevole",8,,,0.75,2,0.875,0.7142857142857143,2,0.7773809523809524,0.75,2,0.875,0.7142857142857143,2,0.8398809523809524,0.75,2,0.875,0.75,2,0.875
du-ryer-themistocle,Thémistocle,Tragedy,"#le-roi, #themistocle, #palmis, #artabaze, #roxane, #xerces, #hydaspe, #pharnaspe, #mandane",9,,,0.5555555555555556,3,0.6190476190476191,0.6428571428571429,3,0.7,0.5714285714285714,3,0.6125,0.5555555555555556,3,0.6190476190476191,0.5,3,0.6047619047619048,0.5555555555555556,3,0.6190476190476191
du-ryer-vendanges-de-suresnes,Les Vendanges de Suresnes,Comedy,"#dorimene, #tirsis, #doripe, #crisere, #olenie, #polidor, #guillaume, #ormin, #philemon, #lisette, #florice",11,,,0.8545454545454545,2,0.9101010101010101,0.8181818181818182,2,0.9040404040404041,0.8545454545454545,2,0.9101010101010101,0.8181818181818182,2,0.9065656565656565,0.6444444444444445,2,0.7540476190476191,0.8545454545454545,2,0.9101010101010101
duche-absalon,Absalon,Tragedy,"#joab, #thares, #absalon, #achitophel, #la-reine, #cisai, #david, #zamri, #l-israelite, #thamar",10,,,0.5777777777777777,3,0.7061904761904761,0.5777777777777777,3,0.7061904761904761,0.6111111111111112,3,0.8084656084656084,0.5555555555555556,3,0.6971428571428572,0.4888888888888889,3,0.7019047619047619,0.5777777777777777,3,0.7061904761904761
dufresny-faux-sincere,Le Faux Sincère,Comedy,"#le-chevalier, #monsieur-franchard, #madame-argant, #dorante, #laurette, #angelique, #rapin, #un-commis, #mariane, #la-marquise, #un-laquais",11,,,0.6727272727272727,2,0.8552669552669553,0.7777777777777778,2,0.8768253968253967,0.6363636363636364,2,0.837085137085137,0.6545454545454545,2,0.8416305916305916,0.5818181818181818,2,0.7814574314574315,0.6727272727272727,2,0.8552669552669553
dufresny-jaloux-honteux,Le Jaloux Honteux,Comedy,"#monsieur-argan, #frontin, #lucie, #thibaut, #damis, #la-presidente, #hortence, #le-president, #lisette",9,,,0.8333333333333334,2,0.8915343915343915,0.8333333333333334,2,0.8915343915343915,0.7777777777777778,2,0.9047619047619047,0.8333333333333334,2,0.8915343915343915,0.6944444444444444,2,0.8423280423280423,0.8333333333333334,2,0.8915343915343915
dufresny-joueuse,La Joueuse,Comedy,"#triolet, #le-chevalier, #dorante, #jacinte, #lisette, #la-marquise, #orgon, #la-joueuse, #champagne, #frosine",10,,,0.8222222222222222,2,0.8876984126984127,0.7555555555555555,2,0.859920634920635,0.8222222222222222,2,0.8876984126984127,0.8222222222222222,2,0.8876984126984127,0.8,2,0.8509523809523809,0.8222222222222222,2,0.8876984126984127
dufresny-malade-sans-maladie,La Malade sans Maladie,Comedy,"#valere, #faussinvillle, #lucinde, #la-malade, #lisette, #angelique, #lavalee",7,,,1.0,1,1.0,0.9523809523809523,2,0.9523809523809524,1.0,1,1.0,1.0,1,1.0,0.8571428571428571,2,0.8333333333333334,1.0,1,1.0
dufresny-reconciliation-normande,La Réconciliation Normande,Comedy,"#le-chevalier, #dorante, #le-comte, #pyrante, #angelique, #la-marquise, #nerine, #falaise, #un-laquais",9,,,0.8055555555555556,2,0.8955026455026456,0.8055555555555556,2,0.8955026455026456,0.7777777777777778,2,0.9047619047619047,0.7777777777777778,2,0.9047619047619047,0.6666666666666666,2,0.837037037037037,0.8055555555555556,2,0.8955026455026456
fabre-d-eglantine-philinte-de-moliere,Le Philinte de Molière,Comedy,"#l-avocat, #le-commissaire, #le-procureur, #philinte, #l-huissier, #alceste, #dubois, #eliante",8,,,0.7857142857142857,2,0.8761904761904762,0.7857142857142857,2,0.8761904761904762,0.7142857142857143,2,0.7773809523809524,0.8,2,0.9,0.75,2,0.8666666666666667,0.7857142857142857,2,0.8761904761904762
folard-themistocle,Thémistocle,Tragedy,"#xerxes, #hydaspe, #parmenis, #artaban, #miltiade, #aristide, #themistocle, #roxane",8,,,0.75,2,0.8833333333333333,0.75,2,0.8833333333333333,0.7142857142857143,2,0.8547619047619048,0.75,2,0.8833333333333333,0.5714285714285714,2,0.7160714285714286,0.75,2,0.8833333333333333
fenelon-alexandre,Alexandre,Tragedy,"#le-soldat, #philotas, #statira, #zaminte, #sysigambis, #alexandre, #sitalce, #ophis, #zonime, #ephestion, #le-capitaine, #nicandre",12,,,0.4696969696969697,3,0.7608465608465608,0.43636363636363634,3,0.7098845598845599,0.4393939393939394,3,0.7145502645502645,0.4696969696969697,3,0.7608465608465608,0.3787878787878788,3,0.6057539682539682,0.4696969696969697,3,0.7608465608465608
genest-joseph,Joseph,Tragedy,"#juda, #joseph, #thermutis, #azaneth, #thiamis, #benjamin, #ruben, #officier, #simeon, #hely, #pharaon",11,,,0.43636363636363634,2,0.7131313131313131,0.41818181818181815,2,0.6353535353535353,0.4,2,0.7583333333333333,0.4888888888888889,2,0.7861111111111111,0.43636363636363634,2,0.7131313131313131,0.43636363636363634,2,0.7131313131313131
genest-penelope,Pénélope,Tragedy,"#iphise, #argine, #eumee, #penelope, #arcas, #antinous, #eurimaque, #ericlee, #ulysse, #eurinome, #telemaque",11,,,0.38181818181818183,4,0.6411255411255411,0.35555555555555557,3,0.625,0.38181818181818183,4,0.6411255411255411,0.36363636363636365,4,0.6322510822510823,0.34545454545454546,4,0.5818181818181818,0.38181818181818183,4,0.6411255411255411
genest-zelonide,Zélonide Princesse de Sparte,Tragedy,"#phillus, #mandricidas, #argesime, #officier, #archidamie, #zelonide, #acorate, #dianasse, #phebide, #lisimacus",10,,,0.35555555555555557,3,0.4166666666666667,0.25,3,0.2037037037037037,0.35555555555555557,3,0.4166666666666667,0.35555555555555557,3,0.4166666666666667,0.3333333333333333,3,0.42857142857142855,0.35555555555555557,3,0.4166666666666667
genlis-amant-anonyme,L'Amant Anonyme,Comedy,"#leontine, #le-vicomte, #dorothee, #rosalie, #picard, #jeannette, #colin, #ophemon",8,,,1.0,1,1.0,1.0,1,1.0,0.7142857142857143,2,0.8571428571428572,1.0,1,1.0,1.0,1,1.0,1.0,1,1.0
genlis-mere-rivale,"La Mère Rivale, Comédie",Comedy,"#le-chevalier, #melite, #aglae, #henriette, #le-marquis, #celanie, #un-maitre-d-hotel, #emilie",8,,,0.8214285714285714,2,0.9404761904761905,1.0,1,1.0,0.8214285714285714,2,0.9404761904761905,0.8214285714285714,2,0.9404761904761905,0.7142857142857143,3,0.8583333333333334,0.8214285714285714,2,0.9404761904761905
gilbert-semiramis,Sémiramis,Tragedy,"#ninus, #semiramis, #sosarme, #orphise, #ctesiphonte, #menon, #orondate, #phorbas, #orante, #barsine, #cambise",11,,,0.41818181818181815,3,0.5780663780663781,0.4666666666666667,3,0.659047619047619,0.38181818181818183,3,0.4772727272727273,0.4888888888888889,3,0.6461904761904762,0.4642857142857143,3,0.475,0.41818181818181815,3,0.5780663780663781
graffigny-cenie,Cénie,Comedy,"#dorimond, #orphise, #lisette, #cenie, #mericourt, #clerval, #dorsainville",7,,,0.8571428571428571,2,0.8333333333333334,0.7142857142857143,2,0.6428571428571429,0.8571428571428571,2,0.8333333333333334,0.8095238095238095,2,0.7857142857142857,0.7619047619047619,2,0.7142857142857143,0.8571428571428571,2,0.8333333333333334
gresset-edouard-iii,Edouard Iii,Tragedy,"#eugenie, #volfax, #vorcestre, #edouard, #alzonde, #glaston, #amelie, #arondel, #ismene",9,,,0.5555555555555556,3,0.6370370370370371,0.5277777777777778,3,0.6074074074074074,0.5,4,0.5666666666666667,0.4722222222222222,3,0.5037037037037037,0.5357142857142857,3,0.5916666666666667,0.5555555555555556,3,0.6370370370370371
grevin-cesar,César,Tragedy,"#decime-brute, #cassius, #marc-antoine, #le-quatrieme-soldat, #le-premier-soldat, #le-second-soldat, #marc-brute, #le-messager, #calpurnie, #le-troisieme-soldat, #la-nourrice, #cesar",12,,,0.4393939393939394,4,0.7892857142857143,0.4393939393939394,4,0.7892857142857143,0.36363636363636365,3,0.8253968253968255,0.4909090909090909,3,0.8307359307359307,0.2727272727272727,3,0.7694444444444444,0.4393939393939394,4,0.7892857142857143
grevin-tresoriere,La Trésorière,Comedy,"#constante, #le-protonotaire, #le-tresorier, #richard, #sulpice, #loys, #marie, #boniface, #thomas",9,,,0.5555555555555556,3,0.8063492063492064,0.5,3,0.6751322751322751,0.5555555555555556,3,0.8063492063492064,0.5357142857142857,3,0.775,0.5555555555555556,3,0.8063492063492064,0.5555555555555556,3,0.8063492063492064
gudin-lothaire,Lothaire et Valrade,Tragedy,"#valrade, #lothaire, #raimond, #emirene, #gontier, #arsene, #morange",7,,,0.6190476190476191,3,0.7142857142857143,0.6190476190476191,3,0.7142857142857143,0.6190476190476191,3,0.7142857142857143,0.6190476190476191,3,0.7142857142857143,0.6190476190476191,3,0.7142857142857143,0.6190476190476191,3,0.7142857142857143
guimont-de-la-touche-iphigenie,Iphigénie en Tauride,Tragedy,"#oreste, #iphigenie, #arbas, #eumene, #ismenie, #pylade, #thoas, #l-esclave",8,,,0.4642857142857143,2,0.8273809523809523,0.4642857142857143,2,0.8273809523809523,0.4642857142857143,2,0.8273809523809523,0.5238095238095238,2,0.8571428571428571,0.42857142857142855,2,0.6952380952380952,0.4642857142857143,2,0.8273809523809523
guerin-de-bouscal-la-mort-de-brute-et-de-porcie,La Mort de Brute et de Porcie,Tragedy,"#marc-antoine, #troisieme-chef, #les-deux-amis, #porcie, #octave, #antoine, #l-un-des-amis, #brute, #premier-chef, #second-chef, #le-soldat, #titine, #pindare, #l-autre-ami, #straton, #un-de-la-suite, #suite, #la-compagne, #premier-des-amis, #cassie, #le-medecin, #un-de-la-suite-d-antoine, #demetrie, #le-genie",24,,,0.15579710144927536,6,0.6924242424242424,0.16842105263157894,6,0.5927777777777778,0.1523809523809524,6,0.6238095238095238,0.14855072463768115,6,0.7313131313131312,0.19298245614035087,7,0.62953216374269,0.15579710144927536,6,0.6924242424242424
hardy-meleagre,Méléagre,Tragedy,"#choeur-de-peuple, #aristandre, #troupe-de-paysans, #plexipe, #toxee, #meleagre, #veneur, #pirithois, #atalante, #choeur, #messager, #choeur-de-filles, #thesee, #lyncee, #idmon, #altee, #premier-veneur, #second-veneur, #nourrice",19,,,0.3567251461988304,4,0.8199376646745068,0.3464052287581699,4,0.8346832180165513,0.33986928104575165,3,0.9010548093881428,0.3157894736842105,4,0.8273568536726431,0.4264705882352941,3,0.8239639445521798,0.3567251461988304,4,0.8199376646745068
hauteroche-amant-flatte-point,L'Amant qui ne Flatte Point,Comedy,"#philipin, #lucrece, #anselme, #florence, #geraste, #licaste, #florame, #kerlonte, #lisidan, #ariste",10,,,0.8444444444444444,2,0.8924603174603174,0.8444444444444444,2,0.8924603174603174,0.7777777777777778,2,0.9027777777777779,0.8444444444444444,2,0.8924603174603174,0.6944444444444444,2,0.7817460317460317,0.8444444444444444,2,0.8924603174603174
henault-marius-a-cirte,Marius à Cirte,Tragedy,"#arisbe, #marius, #hiempsal, #caius-marius, #phenice, #nerbal, #nemurius, #cethegus, #numerius",9,,,0.3888888888888889,3,0.674074074074074,0.47619047619047616,2,0.6095238095238095,0.3888888888888889,3,0.674074074074074,0.3888888888888889,3,0.674074074074074,0.3055555555555556,4,0.37037037037037035,0.3888888888888889,3,0.674074074074074
jaquelin-soliman,Soliman,Tragedy,"#roxelane, #bajazet, #soliman, #acomat, #aspasie, #le-capigi, #ibrahim, #un-capigi, #hazan, #le-mufti",10,,,0.4666666666666667,2,0.7066666666666667,0.4222222222222222,2,0.8311111111111111,0.4666666666666667,2,0.7066666666666667,0.4444444444444444,2,0.7705555555555555,0.3611111111111111,2,0.6865079365079365,0.4666666666666667,2,0.7066666666666667
jodelle-cleopatre,Cléopâtre Captive,Tragedy,"#choeur-de-femmes-alexandrines, #cleopatre, #eras, #octavien, #seleuque, #le-choeur, #charmium, #proculee, #agrippe, #l-ombre-d-antoine",10,,,0.4444444444444444,2,0.7628571428571428,0.4444444444444444,2,0.6698412698412698,0.4444444444444444,2,0.8253968253968255,0.4444444444444444,2,0.7628571428571428,0.4444444444444444,2,0.7628571428571428,0.4444444444444444,2,0.7628571428571428
jodelle-didon,Didon se Sacrifiant,Tragedy,"#le-choeur, #achate, #anne, #palinure, #enee, #barce, #le-choeur-des-troyens, #ascaigne, #didon",9,,,0.6111111111111112,3,0.8380952380952381,0.6111111111111112,3,0.8380952380952381,0.5277777777777778,3,0.8809523809523809,0.5833333333333334,3,0.8380952380952381,0.6111111111111112,3,0.8380952380952381,0.6111111111111112,3,0.8380952380952381
jodelle-eugene,L'Eugène,Comedy,"#florimond, #arnault, #messire-jean, #alix, #pierre, #helene, #eugene, #matthieu, #guillaume",9,,,0.8888888888888888,2,0.9365079365079365,0.8888888888888888,2,0.9365079365079365,0.8055555555555556,2,0.8611111111111112,0.8888888888888888,2,0.9365079365079365,0.5833333333333334,2,0.8738095238095238,0.8888888888888888,2,0.9365079365079365
l-estoile-belle-esclave,La Belle Esclave,Comedy,"#clarice, #alphonse, #haly, #selim, #la-reine, #le-roi, #fernand",7,,,0.6666666666666666,3,0.7142857142857143,0.6666666666666666,3,0.7142857142857143,0.6666666666666666,3,0.7142857142857143,0.8666666666666667,2,0.9,0.6666666666666666,3,0.7142857142857143,0.6666666666666666,3,0.7142857142857143
l-estoile-intrigue-des-filous,L'Intrigue des Filous,Comedy,"#le-borgne, #beronte, #ragonde, #lucidor, #olympe, #le-balafre, #le-bras-de-fer, #clorise, #tersandre, #florinde",10,,,0.5111111111111111,3,0.8280952380952382,0.4666666666666667,3,0.8247619047619047,0.5111111111111111,3,0.8280952380952382,0.5111111111111111,3,0.8280952380952382,0.4666666666666667,3,0.8300000000000001,0.5111111111111111,3,0.8280952380952382
la-calprenede-comte-d-essex,Le Comte d'Essex,Tragedy,"#le-capitaine-des-gardes, #elisabeth, #madame-cecile, #le-comte-d-essex, #raleig, #popham, #alix, #leonore, #cecile, #le-capitaine, #le-comte-de-salisbury, #le-comte-de-soubtantonne, #l-huissier",13,,,0.3717948717948718,3,0.6992673992673992,0.3939393939393939,3,0.6545634920634921,0.3333333333333333,3,0.6777777777777777,0.3939393939393939,3,0.7583333333333333,0.3787878787878788,3,0.7489417989417989,0.3717948717948718,3,0.6992673992673992
la-calprenede-enfants-d-herode,La Mort des Enfants d'Hérode,Tragedy,"#alexandre, #pherore, #melas, #glaphira, #herode, #salome, #aristobule, #diophante, #rachel, #antipatre",10,,,0.5777777777777777,2,0.7076984126984127,0.5333333333333333,2,0.7340476190476191,0.5111111111111111,2,0.7912698412698413,0.4666666666666667,3,0.6095238095238095,0.5111111111111111,2,0.7522222222222222,0.5777777777777777,2,0.7076984126984127
la-calprenede-hermenegilde,Herménégilde,Tragedy,"#un-huissier, #godomar, #recarede, #levigilde, #goisinte, #indegonde, #mathilde, #sigeric, #hermenegilde, #gontran, #atalaric, #hildegarde",12,,,0.5151515151515151,3,0.7486772486772487,0.509090909090909,3,0.732034632034632,0.4696969696969697,3,0.7073412698412698,0.48484848484848486,3,0.7188492063492063,0.509090909090909,3,0.7393939393939394,0.5151515151515151,3,0.7486772486772487
la-calprenede-jeanne,Jeanne Reine d'Angleterre,Tragedy,"#marie, #elisabeth, #eleonor, #gilfort, #le-chancelier, #le-marquis-de-vincetre, #jeanne, #le-soldat, #le-duc-de-northbelant, #le-duc-de-nolfoc, #le-comte-d-arondel, #le-comte-de-clocestre, #le-capitaine-des-gardes, #un-anglais, #le-comte-d-erby, #l-huissier-du-cabinet",16,,,0.38333333333333336,3,0.7487599206349206,0.375,3,0.7206890331890332,0.3626373626373626,3,0.7842403628117914,0.3619047619047619,3,0.738994708994709,0.4095238095238095,3,0.7434391534391535,0.38333333333333336,3,0.7487599206349206
la-calprenede-mort-mitrhidate,La Mort de Mitridate,Tragedy,"#hypsicratee, #berenice, #pharnace, #menandre, #nise, #mithridate, #emile, #mithridatie, #pompee, #un-soldat",10,,,0.4666666666666667,2,0.6733333333333333,0.5555555555555556,2,0.7587301587301587,0.4444444444444444,3,0.6319047619047619,0.37777777777777777,3,0.5633333333333332,0.4222222222222222,3,0.5023809523809524,0.4666666666666667,2,0.6733333333333333
la-calprenede-phalante,Phalante,Tragedy,"#cleone, #helene, #philoxene, #arate, #cleomede, #timandre, #aminte, #phalante, #arbante, #un-huissier",10,,,0.6666666666666666,2,0.8242857142857144,0.6666666666666666,2,0.8242857142857144,0.6444444444444445,2,0.8203174603174602,0.5333333333333333,3,0.7604761904761904,0.5555555555555556,2,0.7997619047619048,0.6666666666666666,2,0.8242857142857144
la-chapelle-zaide,Zaïde,Tragedy,"#abderamen, #fatime, #zulemar, #abendax, #alamir, #osmar, #zindarise, #gazul",8,,,0.42857142857142855,3,0.4166666666666667,0.5238095238095238,3,0.5238095238095238,0.42857142857142855,3,0.4166666666666667,0.42857142857142855,3,0.5142857142857143,0.42857142857142855,3,0.4166666666666667,0.42857142857142855,3,0.4166666666666667
la-fontaine-eunuque,L'Eunuque,Comedy,"#cheree, #pamphile, #chremes, #syrisce, #damis, #parmenon, #donax, #sanga, #phedrie, #gnaton, #thrason, #dorus, #pythie, #dorie, #thais",15,,,0.580952380952381,2,0.843923113923114,0.5714285714285714,2,0.8444089244089243,0.5523809523809524,2,0.8462078662078663,0.7727272727272727,2,0.8775853775853776,0.3484848484848485,4,0.6595238095238095,0.580952380952381,2,0.843923113923114
la-fontaine-ragotin,Ragotin ou Le Roman Comique,Comedy,"#isabelle, #l-etoile, #la-rancune, #le-destin, #blaise-bouvillon, #tous-ensemble, #ragotin, #de-mousseverte, #de-preraze, #troisieme-porteur, #la-baguenaudiere, #l-olive, #le-charretier, #premier-porteur, #de-boiscoupe, #le-decorateur, #cleopatre, #eros, #charmion, #des-lentilles, #mademoiselle-la-caverne, #mademoiselle-l-etoile, #le-page, #second-porteur, #madame-bouvillon, #antoine, #le-laquais",27,,,0.30484330484330485,3,0.7792158675199611,0.2962962962962963,3,0.7681175116847632,0.25846153846153846,4,0.794815233785822,0.4025974025974026,2,0.8019030805795512,0.3046153846153846,3,0.8123361456357407,0.30484330484330485,3,0.7792158675199611
la-fosse-manlius,Manlius Capitolinus,Tragedy,"#manlius, #valerius, #rutile, #servilius, #albin, #valerie, #tullie, #proculus",8,,,0.42857142857142855,3,0.6083333333333333,0.42857142857142855,3,0.6083333333333333,0.42857142857142855,3,0.6083333333333333,0.42857142857142855,3,0.6083333333333333,0.35714285714285715,4,0.45,0.42857142857142855,3,0.6083333333333333
la-harpe-comte-de-warwick,Le Comte de Warwik,Tragedy,"#l-officier, #warwik, #marguerite, #elisabeth, #edouard, #nevil, #suffolk, #summer",8,,,0.4642857142857143,3,0.525,0.42857142857142855,4,0.4791666666666667,0.4642857142857143,3,0.525,0.39285714285714285,3,0.3833333333333333,0.42857142857142855,3,0.4166666666666667,0.4642857142857143,3,0.525
la-mesnardiere-alinde,Alinde,Tragedy,"#arcade, #chrysane, #ortalque, #perside, #isaspe, #phenix, #evandre, #phocas, #alinde, #leontin, #iris, #canope",12,,,0.7424242424242424,2,0.8269179894179893,0.7272727272727273,2,0.8168650793650793,0.696969696969697,3,0.8340608465608467,0.7424242424242424,2,0.8269179894179893,0.5333333333333333,2,0.6685714285714286,0.7424242424242424,2,0.8269179894179893
la-motte-canente,Canente,Tragedy,"#canente, #picus, #saturne, #nerine, #circe, #un-ruisseau, #le-tibre, #l-hymen, #le-choeur, #choeur-d-amours-et-de-graces, #choeur-des-graces, #choeur-des-ministres, #les-furies, #tous, #choeurs-des-peuples, #la-nuit, #choeur, #un-dieu-de-la-troupe, #l-amour, #choeur-des-peuples, #choeur-de-l-age-de-fer",21,,,0.2714285714285714,3,0.7369252440681012,0.32679738562091504,3,0.7110808944142277,0.30718954248366015,2,0.7211439794773128,0.30409356725146197,3,0.7178175625544047,0.28104575163398693,2,0.7339506172839506,0.2714285714285714,3,0.7369252440681012
la-motte-ines-de-castro,Inès de Castro,Tragedy,"#ines, #la-reine, #constance, #alphonse, #garde, #l-ambassadeur, #don-pedre, #henrique, #rodrigue",9,,,0.4444444444444444,2,0.7761904761904762,0.4642857142857143,2,0.7440476190476191,0.4166666666666667,2,0.7314814814814814,0.5714285714285714,2,0.6761904761904762,0.4444444444444444,2,0.7761904761904762,0.4444444444444444,2,0.7761904761904762
la-motte-machabees,Les Machabées,Tragedy,"#antigone, #cephise, #salmonee, #thares, #barses, #misael, #antiochus, #arsace, #hidaspe",9,,,0.3611111111111111,3,0.4592592592592593,0.42857142857142855,3,0.55,0.3055555555555556,4,0.2777777777777778,0.42857142857142855,3,0.55,0.3333333333333333,3,0.34444444444444444,0.3611111111111111,3,0.4592592592592593
la-motte-omphale,Omphale,Tragedy,"#les-lydiens, #le-grand-pretre, #omphale, #choeur-de-magiciens, #argine, #le-choeur, #iphis, #cephise, #le-thebain, #la-thebaine, #l-ombre, #alcide, #les-pretres, #doris",14,,,0.43956043956043955,3,0.8202020202020203,0.5636363636363636,2,0.838095238095238,0.42857142857142855,3,0.847041847041847,0.5,2,0.8407407407407407,0.43956043956043955,3,0.8202020202020203,0.43956043956043955,3,0.8202020202020203
la-motte-scanderberg,Scanderberg,Tragedy,"#scanderberg, #osman, #roxane, #servilie, #le-choeur, #le-vizir, #choeur-des-janissaires, #bostangis, #ensemble, #sultanes, #une-grecque, #amurat, #choeur-des-grecques, #la-grecque, #une-asiatique, #une-odalisque, #l-aga-des-janissaires, #deux-scythes, #une-sultane, #le-muphti, #une-italienne, #choeur-de-peuples",22,,,0.23809523809523808,3,0.8038564970383152,0.2631578947368421,3,0.7850611376927167,0.27485380116959063,3,0.7727255200939411,0.2573099415204678,3,0.7592010328852434,0.28654970760233917,3,0.837745879851143,0.23809523809523808,3,0.8038564970383152
gillet-campagnard,Le Campagnard,Comedy,"#jodelet, #philis, #leandre, #phenice, #anselme, #lise, #le-campagnard, #cliton, #bazile, #le-page, #alcipe",11,,,0.6727272727272727,2,0.8533910533910535,0.8611111111111112,2,0.9026455026455026,0.6727272727272727,2,0.8533910533910535,0.6727272727272727,2,0.8533910533910535,0.6666666666666666,2,0.8371428571428572,0.6727272727272727,2,0.8533910533910535
gillet-deniaise,Le Déniaisé,Comedy,"#lisette, #climante, #pancrace, #premier-violon, #second-violon, #ariste, #olympe, #l-exempt, #troisieme-violon, #oronte, #jodelet, #le-caporal",12,,,0.6666666666666666,2,0.8166666666666668,0.6666666666666666,2,0.8166666666666668,0.7818181818181819,2,0.9030303030303031,0.8055555555555556,2,0.8611111111111112,0.6727272727272727,2,0.8045454545454546,0.6666666666666666,2,0.8166666666666668
gillet-francion,La Comédie de Francion,Comedy,"#anselme, #catherine, #francion, #laurette, #la-servante, #l-hotesse, #valantin, #marsault, #lubin, #olivier, #le-prevot, #petit-jacques, #bertrand, #leonard, #le-procureur",15,,,0.3904761904761905,4,0.8239153439153439,0.38095238095238093,4,0.8292063492063492,0.3904761904761905,4,0.8239153439153439,0.38095238095238093,4,0.8292063492063492,0.4888888888888889,4,0.6876190476190476,0.3904761904761905,4,0.8239153439153439
la-thuilerie-hercule,Hercule,Tragedy,"#philoctete, #iole, #dirce, #dejanire, #cleon, #agis, #hercule, #phenice, #lycas",9,,,0.4166666666666667,3,0.6444444444444444,0.4166666666666667,3,0.6444444444444444,0.3888888888888889,3,0.5444444444444445,0.4642857142857143,2,0.7708333333333334,0.3333333333333333,4,0.37777777777777777,0.4166666666666667,3,0.6444444444444444
la-thuilerie-soliman,Soliman,Tragedy,"#soliman, #asterie, #roxelane, #celonide, #le-capigi, #achomat, #ibrahim, #zatime, #zaïde, #rustan",10,,,0.4666666666666667,4,0.5666666666666667,0.4666666666666667,4,0.5666666666666667,0.5714285714285714,3,0.6833333333333333,0.5277777777777778,3,0.647089947089947,0.4666666666666667,4,0.5666666666666667,0.4222222222222222,4,0.5542857142857143
lagrange-chancel-amasis,Amasis,Tragedy,"#menes, #amasis, #arthenice, #nitocris, #phanes, #canope, #sesostris, #phares, #ammon, #micerine",10,,,0.4666666666666667,3,0.6128571428571428,0.5277777777777778,3,0.6211640211640211,0.4444444444444444,3,0.6033333333333333,0.4444444444444444,3,0.5933333333333334,0.4444444444444444,3,0.574074074074074,0.4666666666666667,3,0.6128571428571428
lagrange-chancel-meleagre,Méléagre,Tragedy,"#athalante, #althee, #dejanire, #thelame, #meleagre, #plexippe, #elise, #dione",8,,,0.6071428571428571,3,0.8125,0.5357142857142857,3,0.6791666666666667,0.5714285714285714,3,0.7166666666666667,0.5357142857142857,3,0.6958333333333333,0.6071428571428571,3,0.8125,0.6071428571428571,3,0.8125
lagrange-chancel-oreste,Oreste et Pylade,Tragedy,"#thomiris, #oreste, #iphigenie, #pylade, #thoas, #taxis, #anthenor, #hidaspe, #erine, #cyane",10,,,0.4444444444444444,3,0.5557142857142857,0.4444444444444444,3,0.5557142857142857,0.37777777777777777,3,0.5347619047619048,0.37777777777777777,4,0.52,0.4222222222222222,3,0.4576190476190476,0.4444444444444444,3,0.5557142857142857
laignelot-agis,Agis,Tragedy,"#agis, #amphares, #le-chef, #leonidas, #lysander, #agesistrate, #chelonis, #troisieme-ephore, #un-senateur, #second-ephore, #le-soldat, #un-spartiate",12,,,0.5151515151515151,3,0.8462962962962962,0.5151515151515151,3,0.8462962962962962,0.4909090909090909,3,0.8094516594516594,0.8214285714285714,2,0.9404761904761905,0.5151515151515151,3,0.8462962962962962,0.5151515151515151,3,0.8462962962962962
le-franc-didon,Didon,Tragedy,"#didon, #elise, #achate, #madherbal, #barce, #iarbe, #zama, #enee",8,,,0.4642857142857143,3,0.6125,0.5714285714285714,2,0.7952380952380952,0.4642857142857143,3,0.6125,0.39285714285714285,4,0.425,0.42857142857142855,3,0.5583333333333333,0.4642857142857143,3,0.6125
ouville-absent-chez-soi,L'Absent chez Soi,Comedy,"#geraste, #diane, #clorimant, #julie, #ormin, #elise, #pauline, #polemas, #octave, #clitandre",10,,,1.0,1,1.0,1.0,1,1.0,0.9777777777777777,2,0.9777777777777779,1.0,1,1.0,0.9111111111111111,2,0.9301587301587301,1.0,1,1.0
ouville-fausses-verites,Les Fausses Vérités,Comedy,"#fabrice, #leandre, #un-valet, #nerine, #lidamant, #orasie, #lisis, #tomire, #florimonde, #julie",10,,,0.7777777777777778,2,0.8769841269841269,0.7777777777777778,2,0.8769841269841269,0.7555555555555555,2,0.8496825396825397,0.7555555555555555,2,0.8651587301587302,0.6666666666666666,3,0.7391534391534391,0.7777777777777778,2,0.8769841269841269
ouville-soupcons,Les Soupçons sur les Apparences,Comedy,"#leandre, #le-voisin, #orphise, #filemon, #valentin, #sylvain, #hyppolite, #astree, #alcipe, #picard",10,,,0.6888888888888889,3,0.8633333333333333,0.6888888888888889,3,0.8633333333333333,0.6888888888888889,3,0.8633333333333333,0.6888888888888889,3,0.8633333333333333,0.5777777777777777,3,0.8078571428571429,0.6888888888888889,3,0.8633333333333333
le-vayer-grand-selim,Le Grand Sélim ou Le Couronnement Tragique,Tragedy,"#corchut, #l-aga, #selim, #haly, #bajazet, #achmet, #l-esclave, #herzegoglis, #la-sultane, #un-esclave, #izaïde",11,,,0.41818181818181815,3,0.6852813852813853,0.4444444444444444,3,0.6676190476190477,0.4888888888888889,3,0.7728571428571429,0.4,3,0.6900000000000001,0.38181818181818183,4,0.6688311688311688,0.41818181818181815,3,0.6852813852813853
leclerc-iphigenie,Iphigénie,Tragedy,"#phenice, #clytemnestre, #agamemnon, #menelas, #iphigenie, #achille, #clytie, #ulysse, #oronte",9,,,0.4722222222222222,3,0.6587301587301587,0.4166666666666667,3,0.5814814814814815,0.5,2,0.6875,0.5,3,0.6708333333333334,0.3888888888888889,3,0.35555555555555557,0.4722222222222222,3,0.6587301587301587
legouve-eteocle,Etéocle,Tragedy,"#eteocle, #jocaste, #antigone, #hemon, #polinice, #acaste, #oedipe",7,,,0.8095238095238095,2,0.8666666666666666,0.8095238095238095,2,0.8666666666666666,0.8095238095238095,2,0.8666666666666666,0.7142857142857143,2,0.8428571428571429,0.8,2,0.8444444444444444,0.8095238095238095,2,0.8666666666666666
legouve-laurence-orzano,Laurence et Orzano,Tragedy,"#le-messager, #gradonigue, #quirini, #orzano, #laurence, #le-commandant, #montano, #l-officier, #le-vieillard, #ziani, #lucile",11,,,0.36363636363636365,3,0.494949494949495,0.4222222222222222,2,0.5711111111111111,0.4222222222222222,3,0.5523809523809524,0.3111111111111111,3,0.3904761904761905,0.34545454545454546,3,0.4439393939393939,0.36363636363636365,3,0.494949494949495
legouve-polixene,Polixène,Tragedy,"#phenix, #pyrrhus, #calchas, #hecube, #ulysse, #polixene, #idas",7,,,0.6666666666666666,3,0.7142857142857143,0.6666666666666666,3,0.7142857142857143,0.7333333333333333,2,0.8388888888888889,0.5238095238095238,3,0.619047619047619,0.6190476190476191,3,0.6761904761904762,0.6666666666666666,3,0.7142857142857143
legouve-attilie,Attilie,Tragedy,"#albin, #placide, #adrien, #maxime, #pauline, #justin, #attilie",7,,,0.7619047619047619,2,0.8571428571428571,0.7142857142857143,2,0.8285714285714285,0.7142857142857143,2,0.8571428571428571,0.7142857142857143,2,0.8571428571428571,0.6666666666666666,2,0.7999999999999999,0.7619047619047619,2,0.8571428571428571
lemierre-artaxerce,Artaxerce,Tragedy,"#arbace, #artaxerce, #elise, #emirene, #artaban, #un-officier, #megabise",7,,,0.42857142857142855,3,0.39999999999999997,0.5333333333333333,3,0.5,0.42857142857142855,3,0.39999999999999997,0.42857142857142855,3,0.39999999999999997,0.42857142857142855,3,0.39999999999999997,0.42857142857142855,3,0.39999999999999997
lemierre-guillaume-tell,Guillaume Tell,Tragedy,"#tell, #gesler, #melchtal, #furst, #werner, #cleofe, #ulric",7,,,0.6666666666666666,2,0.7952380952380952,0.6666666666666666,2,0.7952380952380952,0.6666666666666666,2,0.7952380952380952,0.6666666666666666,2,0.7952380952380952,0.6666666666666666,2,0.7952380952380952,0.6666666666666666,2,0.7952380952380952
lemierre-idomenee,Idoménée,Tragedy,"#idomenee, #nausicrate, #sophronime, #erigone, #idamante, #le-grand-pretre",6,,,0.6666666666666666,2,0.6944444444444445,0.6666666666666666,2,0.6944444444444445,0.6,3,0.6388888888888888,0.9,2,0.9,0.6666666666666666,2,0.6944444444444445,0.6666666666666666,2,0.6944444444444445
lemierre-veuve-malabar,La Veuve du Malabar,Tragedy,"#le-jeune-bramine, #fatime, #le-general, #le-grand-bramine, #un-bramine, #l-officier, #la-veuve, #le-bramine",8,,,0.5,3,0.7583333333333333,0.5,3,0.7583333333333333,0.5238095238095238,3,0.6523809523809524,0.5,3,0.7583333333333333,0.4642857142857143,3,0.7375,0.5,3,0.7583333333333333
lesage-turcaret,Turcaret,Comedy,"#madame-turcaret, #frontin, #monsieur-furet, #lisette, #madame-jacob, #le-marquis, #monsieur-turcaret, #la-baronne, #le-chevalier, #marine, #flamand, #jasmin, #monsieur-rafle",13,,,0.5769230769230769,2,0.7570818070818071,0.5769230769230769,2,0.7570818070818071,0.6515151515151515,2,0.8084716209716211,0.6212121212121212,2,0.7615921115921115,0.42424242424242425,3,0.6518518518518518,0.5769230769230769,2,0.7570818070818071
linant-alzaide,Alzaïde,Tragedy,"#alzaïde, #zaraes, #nisus, #ezire, #amenophis, #menos, #osiris, #pheres",8,,,0.42857142857142855,3,0.55,0.6,2,0.6777777777777777,0.42857142857142855,3,0.55,0.35714285714285715,3,0.5666666666666667,0.42857142857142855,3,0.55,0.42857142857142855,3,0.55
longepierre-la-mort-de-solon,La Mort de Solon,Tragedy,"#solon, #pisistrate, #policrite, #celinte, #cephise, #ariston, #licurgue, #clitie, #cleante, #artamas, #arcas",11,,,0.32727272727272727,3,0.35584415584415585,0.5,3,0.5625,0.37777777777777777,3,0.4314285714285714,0.32727272727272727,3,0.35584415584415585,0.2909090909090909,3,0.2545454545454545,0.32727272727272727,3,0.35584415584415585
longepierre-medee,Médée,Tragedy,"#second-enfant, #medee, #creuse, #cydippe, #premier-enfant, #rhodope, #creon, #jason, #iphite",9,,,0.3611111111111111,3,0.7333333333333333,0.3333333333333333,3,0.6222222222222222,0.3611111111111111,3,0.7333333333333333,0.38095238095238093,3,0.5047619047619047,0.39285714285714285,3,0.5708333333333333,0.3611111111111111,3,0.7333333333333333
magnon-artaxerxe,Artaxerxe,Tragedy,"#darie, #aspasie, #tiribaze, #artaxerxe, #ochus, #tissapherne, #amestris",7,,,0.9523809523809523,2,0.9523809523809524,0.9523809523809523,2,0.9523809523809524,0.9523809523809523,2,0.9523809523809524,0.9523809523809523,2,0.9523809523809524,1.0,1,1.0,0.9523809523809523,2,0.9523809523809524
magnon-jeanne-de-naples,Jeanne de Naples,Tragedy,"#la-reine, #le-roi-de-naples, #un-garde, #le-comte, #le-senechal, #le-roi, #la-catanoise, #le-roi-d-hongrie, #le-capitaine-des-gardes",9,,,0.6388888888888888,2,0.8261904761904763,0.6388888888888888,2,0.8261904761904763,0.6388888888888888,2,0.8261904761904763,0.6388888888888888,2,0.8261904761904763,0.6785714285714286,2,0.8422619047619048,0.6388888888888888,2,0.8261904761904763
magnon-sejanus,Séjanus,Tragedy,"#druze, #regulus, #fulvie, #sejan, #apicata, #tibere, #voluzie, #terence, #livie, #apitaca, #macron",11,,,0.5818181818181818,3,0.7463203463203463,0.5454545454545454,4,0.6636363636363636,0.4909090909090909,3,0.7300865800865801,0.4666666666666667,3,0.61,0.5818181818181818,3,0.7463203463203463,0.5818181818181818,3,0.7463203463203463
magnon-tamerlan,Tamerlan,Tragedy,"#mansor, #tamerlan, #dorize, #roxalie, #selim, #bajazet, #themir, #indarthize, #zilim, #orcazie, #un-garde, #le-soldat",12,,,0.3939393939393939,4,0.5043650793650793,0.36363636363636365,4,0.48849206349206353,0.45454545454545453,4,0.5664502164502164,0.36363636363636365,4,0.5203463203463203,0.45454545454545453,3,0.5805194805194805,0.3939393939393939,4,0.5043650793650793
magnon-zenobie,"Zénobie, Reine de Palmire",Tragedy,"#timagene, #aurelian, #zenobie, #ilione, #odenie, #martian, #rutile, #dioree, #zabas, #un-garde",10,,,0.6666666666666666,2,0.7797619047619048,0.6222222222222222,2,0.7484920634920635,0.75,2,0.8968253968253967,0.6444444444444445,2,0.7584126984126984,0.6444444444444445,2,0.7793650793650794,0.6666666666666666,2,0.7797619047619048
mairet-sophonisbe,Sophonisbe,Tragedy,"#scipion, #lelie, #philon, #syphax, #caliodore, #sophonisbe, #corisbe, #phenice, #massinisse, #philippe, #ariston",11,,,0.36363636363636365,4,0.583982683982684,0.36363636363636365,4,0.583982683982684,0.37777777777777777,4,0.63,0.4,4,0.5628571428571428,0.3090909090909091,4,0.5731601731601731,0.36363636363636365,4,0.583982683982684
mareschala-jugement,Le Jugement Equitable de Charles le Hardy Dernier Duc de Bourgogne,Tragedy,"#ferdinand, #fredegonde, #rodolfe, #leopolde, #mathilde, #albert, #charles, #dionee, #frederic, #rutile",10,,,0.6,3,0.7085714285714286,0.6666666666666666,2,0.7375661375661375,0.5111111111111111,3,0.6295238095238095,0.6,3,0.7085714285714286,0.5333333333333333,3,0.6888095238095239,0.6,3,0.7085714285714286
mareschala-railleur,Le Railleur,Comedy,"#beaurocher, #clarimand, #la-dupre, #taillebras, #lyzante, #clorinde, #amedor, #clytie",8,,,0.9642857142857143,2,0.9642857142857142,0.9285714285714286,2,0.9404761904761905,0.8928571428571429,2,0.9285714285714286,0.9642857142857143,2,0.9642857142857142,0.9642857142857143,2,0.9642857142857142,0.9642857142857143,2,0.9642857142857142
mareschala-veritable-capitaine-matamore,Le Véritable Capitan Matamore ou Le Fanfaron,Comedy,"#phylazie, #sceledre, #matamore, #palestrion, #perimene, #artelese, #phydippe, #artotrogue, #placide",9,,,0.8611111111111112,2,0.9404761904761904,0.8611111111111112,2,0.9404761904761904,0.8611111111111112,2,0.9404761904761904,0.8611111111111112,2,0.9404761904761904,0.6666666666666666,2,0.7597883597883598,0.8611111111111112,2,0.9404761904761904
marivaux-annibal,Annibal,Tragedy,"#prusias, #annibal, #hieron, #flaminius, #laodice, #amilcar, #flavius, #egine",8,,,0.35714285714285715,3,0.25,0.42857142857142855,3,0.35714285714285715,0.35714285714285715,3,0.25,0.35714285714285715,3,0.25,0.32142857142857145,4,0.16666666666666666,0.35714285714285715,3,0.25
marivaux-serments-indiscrets,Les Serments Indiscrets,Comedy,"#phenice, #damis, #le-valet, #frontin, #orgon, #lucile, #lisette, #ergaste",8,,,0.8571428571428571,2,0.9285714285714286,0.8571428571428571,2,0.9285714285714286,0.8571428571428571,2,0.9285714285714286,0.8214285714285714,2,0.894047619047619,0.8214285714285714,2,0.8904761904761904,0.8571428571428571,2,0.9285714285714286
moliere-amants-magnifiques,Les Amants Magnifiques,Comedy,"#clitidas, #cleonice, #iphicrate, #aristione, #venus, #anaxarque, #timocles, #sostrate, #eriphile, #cleon, #chorebe",11,,,0.4909090909090909,3,0.6049783549783551,0.4909090909090909,3,0.6049783549783551,0.5555555555555556,3,0.6952380952380952,0.6666666666666666,3,0.8042328042328042,0.4909090909090909,3,0.6049783549783551,0.4909090909090909,3,0.6049783549783551
moliere-avare,L'Avare,Comedy,"#valere, #cleante, #brindavoine, #elise, #mariane, #maitre-jacques, #la-merluche, #harpagon, #la-fleche, #frosine, #commissaire, #anselme, #maitre-simon",13,,,0.6153846153846154,2,0.8334276834276834,0.6666666666666666,2,0.8583994708994709,0.6545454545454545,2,0.8176767676767676,0.6153846153846154,2,0.8334276834276834,0.6727272727272727,2,0.8493506493506494,0.6153846153846154,2,0.8334276834276834
moliere-bourgeois-gentilhomme,Le Bourgeois Gentilhomme,Comedy,"#une-musicienne, #le-maitre-de-musique, #le-maitre-d-armes, #second-laquais, #covielle, #dorante, #premier-musicien, #le-maitre-a-danser, #monsieur-jourdain, #lucile, #cleonte, #un-musicien, #second-musicien, #le-mufti, #les-turcs, #dorimene, #les-musiciens, #trois-musiciens, #nicole, #deux-musiciens, #madame-jourdain, #le-maitre-tailleur, #garcon-tailleur, #l-eleve, #laquais, #premier-laquais, #le-maitre-de-philosophie",27,,,0.29914529914529914,4,0.8875011908828334,0.3715415019762846,4,0.896974650063895,0.31333333333333335,4,0.8891313131313132,0.35144927536231885,3,0.9035984848484849,0.2792022792022792,4,0.8527229971674416,0.29914529914529914,4,0.8875011908828334
moliere-depit-amoureux,Le Dépit Amoureux,Comedy,"#polydore, #valere, #albert, #marinette, #gros-rene, #mascarille, #eraste, #la-rapiere, #ascagne, #lucile, #metaphraste, #frosine",12,,,0.6212121212121212,3,0.8379629629629629,0.7090909090909091,3,0.8535353535353536,0.6212121212121212,3,0.8379629629629629,0.6212121212121212,3,0.8379629629629629,0.41818181818181815,3,0.6712121212121213,0.6212121212121212,3,0.8379629629629629
moliere-dom-garcie-de-navarre,Don Garcie de Navarre,Comedy,"#don-garcie, #elise, #dona-elvire, #don-alvar, #dona-ignes, #don-sylve, #don-lope, #pedre",8,,,0.5714285714285714,3,0.7083333333333334,0.6666666666666666,3,0.7142857142857143,0.5714285714285714,3,0.7083333333333334,0.5714285714285714,2,0.7857142857142857,0.5357142857142857,3,0.7125,0.5714285714285714,3,0.7083333333333334
moliere-dom-juan,Don Juan ou Le Festin de Pierre,Comedy,"#la-violette, #sganarelle, #dona-elvire, #don-juan, #gusman, #charlotte, #mathurine, #pierrot, #ragotin, #monsieur-dimanche, #don-louis, #francisque, #la-statue, #la-ramee, #don-carlos, #don-alonse, #le-spectre",17,,,0.2426470588235294,3,0.7937297996121525,0.2948717948717949,3,0.7487179487179486,0.26666666666666666,3,0.7250971250971251,0.27472527472527475,3,0.7058441558441559,0.25833333333333336,3,0.7826236263736264,0.2426470588235294,3,0.7937297996121525
moliere-ecole-des-femmes,L'Ecole des Femmes,Comedy,"#agnes, #oronte, #arnolphe, #horace, #georgette, #notaire, #chrysalde, #enrique, #alain",9,,,0.6388888888888888,2,0.8595238095238096,0.6388888888888888,2,0.8595238095238096,0.6388888888888888,2,0.8595238095238096,0.7142857142857143,2,0.8607142857142858,0.42857142857142855,2,0.4571428571428572,0.6388888888888888,2,0.8595238095238096
moliere-etourdi,L'Etourdi,Comedy,"#lelie, #andres, #pandolfe, #mascarille, #celie, #hippolite, #trufaldin, #le-courrier, #anselme, #leandre, #ergaste",11,,,0.6181818181818182,2,0.850937950937951,0.7111111111111111,2,0.8612698412698412,0.6,2,0.7742424242424242,0.6,2,0.8528860028860028,0.4444444444444444,2,0.7705555555555555,0.6181818181818182,2,0.850937950937951
moliere-femmes-savantes,Les Femmes Savantes,Comedy,"#clitandre, #trissotin, #chrysale, #henriette, #le-notaire, #armande, #belise, #martine, #vadius, #philaminte, #l-epine, #ariste, #julien",13,,,0.6794871794871795,2,0.856021756021756,0.6794871794871795,2,0.856021756021756,0.7636363636363637,2,0.8857864357864358,0.7575757575757576,2,0.8717171717171718,0.6363636363636364,2,0.8349867724867726,0.6794871794871795,2,0.856021756021756
moliere-festin-de-pierre,Don Juan,Comedy,"#la-violette, #sganarelle, #dona-elvire, #don-juan, #le-pauvre, #gusman, #charlotte, #mathurine, #pierrot, #ragotin, #monsieur-dimanche, #don-louis, #la-statue, #la-ramee, #don-carlos, #don-alonse, #le-spectre",17,,,0.2426470588235294,3,0.7937297996121525,0.2948717948717949,3,0.7487179487179486,0.26666666666666666,3,0.7250971250971251,0.27472527472527475,3,0.7058441558441559,0.25833333333333336,3,0.7826236263736264,0.2426470588235294,3,0.7937297996121525
moliere-misanthrope,Le Misanthrope,Comedy,"#alceste, #clitandre, #arsinoe, #eliante, #garde, #celimene, #oronte, #acaste, #philinte, #basque, #dubois",11,,,0.6545454545454545,2,0.8907647907647906,0.7111111111111111,2,0.9210317460317461,0.6363636363636364,2,0.9029581529581528,0.7555555555555555,2,0.9031746031746032,0.4909090909090909,2,0.84011544011544,0.6545454545454545,2,0.8907647907647906
moliere-tartuffe,Le Tartuffe,Comedy,"#valere, #orgon, #mariane, #l-exempt, #elmire, #damis, #cleante, #loyal, #tartuffe, #madame-pernelle, #dorine",11,,,0.8,2,0.908080808080808,0.7636363636363637,2,0.9222222222222222,0.8,2,0.908080808080808,0.8,2,0.908080808080808,0.75,2,0.8775132275132275,0.8,2,0.908080808080808
pousset-de-montauban-zenobie,Zénobie Reine d'Arménie,Tragedy,"#berenice, #zenobie, #phraarte, #perside, #helvidius, #tiridate, #helvitius, #rhadamiste, #leontin, #corbulon, #un-garde",11,,,0.6727272727272727,2,0.8051948051948052,0.6727272727272727,2,0.8051948051948052,0.6727272727272727,2,0.8051948051948052,0.6666666666666666,2,0.7624338624338624,0.8055555555555556,2,0.8611111111111112,0.6727272727272727,2,0.8051948051948052
monchretien-ecossaise-1604,Tragédie de la Reine d'Ecosse,Tragedy,"#suivantes-de-la-reine-d-ecosse-, #davison, #page, #suivantes-de-la-reine-d-ecosse, #maitre-d-hotel, #messager, #choeur-des-etats, #conseiller, #reine-d-ecosse, #reine-d-angleterre",10,,,0.35555555555555557,2,0.9466666666666667,0.35555555555555557,2,0.9466666666666667,0.3333333333333333,2,0.7619047619047619,0.35555555555555557,2,0.9466666666666667,0.4642857142857143,1,1.0,0.35555555555555557,2,0.9466666666666667
montchretien-aman,Aman,Tragedy,"#choeur, #assuerus, #athac, #rachel, #aman, #esther, #mardochee, #sara, #sares, #cirus, #messager, #arphaxat",12,,,0.5757575757575758,2,0.8588985088985089,0.5757575757575758,2,0.8588985088985089,0.7222222222222222,2,0.8915343915343915,0.6363636363636364,2,0.8773448773448773,0.5333333333333333,2,0.8369047619047618,0.5757575757575758,2,0.8588985088985089
montchretien-carthaginoise,La Carthaginoise,Tragedy,"#massinisse, #nourrice, #choeur, #messager, #sophonisbe, #hiempsal, #syphax, #lelie, #scipion, #furie",10,,,0.4666666666666667,2,0.7380952380952381,0.4666666666666667,2,0.7380952380952381,0.6071428571428571,2,0.8083333333333333,0.5714285714285714,2,0.7416666666666667,0.5,2,0.7470899470899471,0.4666666666666667,2,0.7380952380952381
montchretien-david,David,Tragedy,"#choeur, #nadab, #messager, #david, #bethsabee, #nathan, #urie",7,,,0.6190476190476191,2,0.8476190476190476,0.6190476190476191,2,0.8476190476190476,0.5714285714285714,2,0.8285714285714285,0.7333333333333333,2,0.8666666666666667,0.8,2,0.8666666666666666,0.6190476190476191,2,0.8476190476190476
montchretien-hector,Hector,Tragedy,"#andromaque, #nourrice, #antenor, #helene, #cassandre, #le-choeur, #hector, #hecube, #messager, #priam",10,,,0.7777777777777778,2,0.8615079365079366,0.7777777777777778,2,0.8629629629629629,0.7777777777777778,2,0.873015873015873,0.6222222222222222,2,0.7720634920634921,0.7111111111111111,2,0.8567460317460318,0.7777777777777778,2,0.8615079365079366
montchretien-lacenes,Les Lacènes,Tragedy,"#pausanias, #agis, #stratonice, #ptolomee, #damoiselle, #archidamie, #ombre, #panthee, #cratesiclea, #choeur, #leonidas, #cleomene, #pheax, #messager",14,,,0.3956043956043956,2,0.8649398220826792,0.38461538461538464,2,0.9132867132867133,0.43636363636363634,2,0.8646464646464647,0.4230769230769231,2,0.8728271728271728,0.4696969696969697,2,0.8814935064935066,0.3956043956043956,2,0.8649398220826792
montgaudier-natalie,Natalie,Tragedy,"#adrian, #natalie, #fauste, #apollinaire, #martian, #placide, #saint-adrian, #maximian, #theodore",9,,,0.5833333333333334,2,0.7478835978835979,0.5833333333333334,2,0.7478835978835979,0.5555555555555556,3,0.7068783068783069,0.5833333333333334,2,0.7478835978835979,0.7142857142857143,2,0.8607142857142858,0.5833333333333334,2,0.7478835978835979
nadal-antiochus,Antiochus,Tragedy,"#phoedime, #zoraïde, #salmone, #achas, #phostime, #antiochus, #azaël, #elise, #alcime, #maccabee, #menelaüs",11,,,0.36363636363636365,3,0.7292207792207793,0.4,3,0.7488095238095238,0.4,3,0.7214285714285714,0.2909090909090909,3,0.591991341991342,0.3090909090909091,4,0.3896103896103896,0.36363636363636365,3,0.7292207792207793
nadal-herode,Hérode,Tragedy,"#phedime, #salome, #glaphira, #herode, #alexandre, #antipater, #achas, #phenice, #philon, #narbal, #thirron",11,,,0.36363636363636365,4,0.5688311688311688,0.3090909090909091,4,0.43333333333333335,0.32727272727272727,4,0.4727272727272727,0.36363636363636365,4,0.5688311688311688,0.35555555555555557,4,0.4633333333333334,0.36363636363636365,4,0.5688311688311688
nadal-mariamne,Mariamne,Tragedy,"#herode, #mariamne, #achas, #salome, #soësme, #alexandre, #elise, #thares, #alcime",9,,,0.4722222222222222,3,0.7481481481481481,0.4444444444444444,3,0.7370370370370369,0.4166666666666667,3,0.6518518518518519,0.4722222222222222,3,0.7481481481481481,0.5357142857142857,3,0.775,0.4722222222222222,3,0.7481481481481481
nadal-osarphis-moise,Osarphis,Tragedy,"#iseride, #jocabel, #osarphis, #tharbis, #ismene, #aaron, #phanes, #amenophis, #asaph",9,,,0.3888888888888889,3,0.5502645502645502,0.4642857142857143,2,0.6815476190476191,0.3888888888888889,3,0.5502645502645502,0.3611111111111111,4,0.4259259259259259,0.3333333333333333,3,0.337037037037037,0.3888888888888889,3,0.5502645502645502
nadal-saul,Saül,Tragedy,"#asser, #david, #michol, #jonathas, #l-israelite, #saül, #achas, #la-pythonisse, #elise",9,,,0.5555555555555556,3,0.7296296296296296,0.5555555555555556,3,0.7296296296296296,0.6428571428571429,2,0.7363095238095239,0.5,3,0.6671957671957672,0.4444444444444444,3,0.6126984126984127,0.5555555555555556,3,0.7296296296296296
nivelle-ecole-des-amis,Ecole des Amis,Comedy,"#aramont, #monrose, #dornane, #ariste, #le-garde, #clorine, #hortense, #le-valet",8,,,0.6428571428571429,2,0.830952380952381,0.6428571428571429,2,0.830952380952381,0.6071428571428571,2,0.844047619047619,0.5714285714285714,3,0.7,0.7142857142857143,2,0.819047619047619,0.6428571428571429,2,0.830952380952381
nivelle-ecole-meres,L'Ecole des Mères,Comedy,"#le-marquis, #laquais-1er, #monsieur-argant, #le-suisse, #le-coureur, #doligni-fils, #marianne, #madame-argant, #la-fleur, #doligni-pere, #maitre-d-hotel, #rosette, #laquais-2eme",13,,,0.5,3,0.8149961149961149,0.7857142857142857,2,0.8392857142857143,0.5,3,0.8149961149961149,0.47435897435897434,3,0.7933954933954934,0.47435897435897434,3,0.7521367521367522,0.5,3,0.8149961149961149
nivelle-gouvernante,La Gouvernante,Comedy,"#juliette, #la-baronne, #la-gouvernante, #le-president, #angelique, #sainville, #le-laquais",7,,,0.7619047619047619,2,0.8666666666666666,0.9333333333333333,2,0.9333333333333332,0.6666666666666666,2,0.8428571428571429,0.7619047619047619,2,0.8666666666666666,0.6666666666666666,2,0.7095238095238096,0.7619047619047619,2,0.8666666666666666
nivelle-prejuge-a-la-mode,Le Préjugé à la Mode,Comedy,"#florine, #damon, #durval, #argant, #durva5l, #le-masque, #sophie, #constance, #damis, #henri, #clitandre",11,,,0.5454545454545454,2,0.7835497835497836,0.45454545454545453,2,0.7593073593073594,0.6444444444444445,2,0.8730158730158731,0.5454545454545454,2,0.7835497835497836,0.6944444444444444,2,0.7817460317460317,0.5454545454545454,2,0.7835497835497836
nericault-glorieux,Le Glorieux,Comedy,"#lisimon, #isabelle, #la-fleur, #le-comte, #lisette, #pasquin, #philinte, #valere, #monsieur-josse, #lycandre, #le-laquais",11,,,0.5818181818181818,3,0.6915584415584416,0.6,3,0.8254761904761905,0.5454545454545454,3,0.6665945165945165,0.5636363636363636,3,0.6923520923520923,0.5555555555555556,3,0.6438095238095238,0.5818181818181818,3,0.6915584415584416
pacaroni-bajazet-premier,Bajazet Premier,Tragedy,"#bajazet, #tamerlan, #asterie, #zaïde, #andronic, #odmar, #arcas",7,,,0.47619047619047616,3,0.47619047619047616,0.47619047619047616,3,0.47619047619047616,0.42857142857142855,3,0.4047619047619047,0.47619047619047616,3,0.47619047619047616,0.47619047619047616,3,0.47619047619047616,0.47619047619047616,3,0.47619047619047616
palaprat-le-muet,Le Muet,Comedy,"#le-capitaine, #le-chevalier, #le-marquis, #marine, #la-comtesse, #le-baron, #zaïde, #simon, #timante, #frontin, #lisette, #le-laquais, #gusman",13,,,0.6410256410256411,3,0.8156954156954157,0.8,2,0.8565656565656566,0.6410256410256411,3,0.8156954156954157,0.6282051282051282,3,0.8060217560217561,0.5151515151515151,2,0.8107082732082732,0.6410256410256411,3,0.8156954156954157
palissot-ninus,Ninus Second,Tragedy,"#arbaces, #timur, #sardanapale, #calciope, #artazire, #ninus, #arsame, #paramis",8,,,0.6785714285714286,3,0.7375,0.6428571428571429,3,0.725,0.6785714285714286,3,0.7375,0.6071428571428571,3,0.6208333333333333,0.6428571428571429,3,0.725,0.6785714285714286,3,0.7375
pellegrin-tibere,Tibère,Tragedy,"#agrippa, #emilie, #maxime, #pompee, #livie, #tibere, #martian, #albine, #faustine",9,,,0.5277777777777778,3,0.7174603174603175,0.4722222222222222,3,0.6698412698412698,0.5277777777777778,3,0.7174603174603175,0.3888888888888889,4,0.48888888888888893,0.5,3,0.6603174603174603,0.5277777777777778,3,0.7174603174603175
piron-ecole-peres,L'Ecole des Pères,Comedy,"#eraste, #chrisalde, #angelique, #valere, #pasquin, #nerine, #damis, #gregoire, #geronte, #laquais",10,,,0.9111111111111111,2,0.9444444444444444,0.9111111111111111,2,0.9444444444444444,1.0,1,1.0,0.9111111111111111,2,0.9444444444444444,0.8666666666666667,2,0.8976190476190476,0.9111111111111111,2,0.9444444444444444
piron-gustave-wasa,Gustave Wasa,Tragedy,"#adelaide, #frederic, #gustave, #leonor, #christierne, #casimir, #sophie, #rodolphe",8,,,0.5714285714285714,2,0.6035714285714285,0.5714285714285714,2,0.6035714285714285,0.5357142857142857,2,0.6017857142857143,0.5,3,0.3125,0.5714285714285714,2,0.6035714285714285,0.5714285714285714,2,0.6035714285714285
piron-metromanie,La Métromanie ou Le Poète Comédie en Cinq Actes et en vers,Comedy,"#dorante, #lucile, #damis, #francaleu, #baliveau, #lisette, #mondor",7,,,0.6666666666666666,2,0.8476190476190476,0.6666666666666666,2,0.8476190476190476,0.6666666666666666,2,0.8476190476190476,0.6666666666666666,2,0.8476190476190476,0.6190476190476191,2,0.7952380952380952,0.6666666666666666,2,0.8476190476190476
plaute-amphitryon,Amphitryon,Comedy,"#sosie, #alcmene, #amphitryon, #mercure, #jupiter, #blepharon, #bromia",7,,,0.6666666666666666,2,0.7333333333333334,0.6,3,0.611111111111111,0.5238095238095238,2,0.5714285714285714,0.6666666666666666,2,0.7333333333333334,0.8666666666666667,2,0.9,0.6666666666666666,2,0.7333333333333334
plaute-aululaire,L'Aululaire Traduction Sommer,Comedy,"#euclion, #congrion, #strobile, #les-correcteurs, #lyconide, #staphyla, #phedria, #eunomie, #megadore, #anthrax, #pythodicus",11,,,0.36363636363636365,3,0.69004329004329,0.4166666666666667,3,0.5407407407407407,0.36363636363636365,3,0.69004329004329,0.4,2,0.7057142857142857,0.3111111111111111,4,0.53,0.36363636363636365,3,0.69004329004329
poinsinet-ajax,Ajax,Tragedy,"#hersile, #penthesilee, #memnon, #agamemnon, #antenor, #ajax, #arcas, #ulysse, #hippodamas, #eurybate",10,,,0.35555555555555557,4,0.46333333333333326,0.3111111111111111,4,0.51,0.26666666666666666,3,0.38,0.3888888888888889,3,0.5111111111111111,0.3333333333333333,4,0.35333333333333333,0.35555555555555557,4,0.46333333333333326
prade-arsace,"Arsace, Roi des Parthes",Tragedy,"#medonie, #arsace, #araxie, #vologese, #le-roi, #pharasmane",6,,,0.8,2,0.8444444444444444,0.8,2,0.8444444444444444,0.8,2,0.8444444444444444,0.8,2,0.8444444444444444,0.6666666666666666,3,0.6666666666666666,0.8,2,0.8444444444444444
pradon-mort-de-bajazet,Tamerlan ou La Mort de Bajazet,Tragedy,"#bajazet, #tamerlan, #leon, #andronic, #zaïde, #asterie, #tamur",7,,,0.5238095238095238,3,0.6428571428571429,0.47619047619047616,3,0.5095238095238095,0.5238095238095238,3,0.6428571428571429,0.47619047619047616,3,0.5095238095238095,0.6666666666666666,2,0.8333333333333334,0.5238095238095238,3,0.6428571428571429
pradon-phedre,Phèdre et Hippolyte,Tragedy,"#hippolyte, #aricie, #thesee, #megiste, #idas, #phedre, #cleone, #arcas",8,,,0.5,3,0.6708333333333334,0.4642857142857143,3,0.5791666666666667,0.5,3,0.6708333333333334,0.6190476190476191,2,0.7952380952380952,0.42857142857142855,3,0.35714285714285715,0.5,3,0.6708333333333334
pradon-regulus,Régulus,Tragedy,"#fulvie, #mannius, #le-jeune-attilius, #metellus, #lepide, #regulus, #priscus, #marcelle, #faustine",9,,,0.5833333333333334,2,0.6738095238095237,0.5833333333333334,2,0.6738095238095237,0.5833333333333334,2,0.6738095238095237,0.4722222222222222,2,0.6357142857142857,0.7619047619047619,2,0.8095238095238095,0.5833333333333334,2,0.6738095238095237
pradon-scipion,Scipion l'Africain,Tragedy,"#scipion, #lepide, #sextus, #erixene, #isperie, #aurilcar, #annibal, #barce, #lucejus, #ermilie",10,,,0.35555555555555557,3,0.6,0.35555555555555557,3,0.6,0.3888888888888889,3,0.6539682539682539,0.3611111111111111,3,0.45185185185185184,0.28888888888888886,5,0.4166666666666667,0.35555555555555557,3,0.6
pradon-statira,Statira,Tragedy,"#cleone, #leonatus, #perdiccas, #cassander, #peucestas, #statira, #hesione, #roxane",8,,,0.6071428571428571,3,0.8,0.5357142857142857,3,0.6958333333333333,0.6071428571428571,3,0.8,0.5714285714285714,3,0.8083333333333333,0.5714285714285714,3,0.7,0.6071428571428571,3,0.8
puget-de-la-serre-le-pyrame,Le Pyrame,Tragedy,"#pyrame, #disarque, #syllar, #thisbe, #bersiane, #narbal, #deuxis, #oronthe, #le-roi, #lidias",10,,,0.35555555555555557,3,0.54,0.42857142857142855,3,0.6875,0.2,5,0.15,0.3333333333333333,3,0.4666666666666667,0.35555555555555557,3,0.54,0.35555555555555557,3,0.54
puget-de-la-serre-martyre-sainte-catherine,Le Martyre de Sainte Catherine,Tragedy,"#sainte-catherine, #emilie, #corvin, #l-imperatrice, #rosilee, #porphire, #leonor, #l-empereur, #lepide, #lucius, #trasee",11,,,0.36363636363636365,3,0.7463203463203463,0.4,3,0.7666666666666667,0.36363636363636365,3,0.7463203463203463,0.35555555555555557,3,0.7133333333333333,0.32727272727272727,3,0.6484848484848484,0.36363636363636365,3,0.7463203463203463
puget-de-la-serre-pandoste-i,Pandoste ou La Princesse Malheureuse,Tragedy,"#pandoste, #conseiller, #troupe, #agatocles, #fravion, #la-noblesse, #ambassadeur, #belaire, #le-prevot, #le-sacrificateur, #l-oracle, #messager, #l-ambassadeur, #confidente, #cleante, #un-berger",16,,,0.19166666666666668,3,0.6556547619047619,0.18333333333333332,3,0.5898809523809524,0.18681318681318682,3,0.5595238095238095,0.24358974358974358,3,0.6666666666666666,0.35555555555555557,2,0.7019047619047619,0.19166666666666668,3,0.6556547619047619
puget-de-la-serre-pandoste-ii,Pandoste [ii] ou La Princesse Malheureuse,Tragedy,"#fauvye, #panoppe, #pilote, #conseiller, #agatocles, #pandoste, #doraste, #le-paysan, #la-paysanne, #androcle, #les-ambassadeurs, #le-prevot, #le-page",13,,,0.3333333333333333,5,0.6227106227106227,0.3333333333333333,3,0.7158730158730159,0.2692307692307692,3,0.5948717948717949,0.3333333333333333,5,0.6227106227106227,0.4222222222222222,4,0.4766666666666667,0.3333333333333333,5,0.6227106227106227
puget-de-la-serre-sac-de-carthage,Le Sac de Carthage,Tragedy,"#clorisbe, #sophronice, #faustine, #asdrubal, #lucius, #cliphax, #un-soldat, #scipion, #le-centurion, #caton, #lelie, #amilcar, #cleobule, #gobrias",14,,,0.3956043956043956,3,0.6427437641723356,0.4358974358974359,3,0.6992673992673992,0.37362637362637363,3,0.6709750566893424,0.4444444444444444,3,0.6447619047619048,0.38461538461538464,3,0.6568027210884353,0.3956043956043956,3,0.6427437641723356
puget-de-la-serre-thesee,Thésée ou Le Prince Reconnu,Tragedy,"#thesee, #egerie, #egee, #un-soldat, #le-heraut, #pirithoos, #nerine, #un-capitaine-des-gardes, #lysandre, #antiope, #le-messager, #medee",12,,,0.3787878787878788,3,0.6944444444444445,0.36363636363636365,3,0.694510582010582,0.36363636363636365,3,0.6929232804232804,0.4166666666666667,3,0.6259259259259259,0.41818181818181815,3,0.6909090909090909,0.3787878787878788,3,0.6944444444444445
puget-de-la-serre-thomas-morus,Thomas Morus,Tragedy,"#clorimene, #thomas-morus, #arthenice, #la-reine, #cleante, #le-duc, #le-roi, #le-capitaine-des-gardes, #polexandre, #polemon, #amelite, #cleonice",12,,,0.42424242424242425,3,0.692989417989418,0.3939393939393939,4,0.6037698412698412,0.3111111111111111,3,0.48119047619047617,0.36363636363636365,4,0.4882936507936508,0.42424242424242425,3,0.692989417989418,0.42424242424242425,3,0.692989417989418
pure-ostorius,Ostorius,Tragedy,"#cartide, #didius, #sarcide, #ostorius, #le-prince, #caractacus, #leonice",7,,,0.9523809523809523,2,0.9523809523809524,0.9523809523809523,2,0.9523809523809524,0.6666666666666666,3,0.7857142857142857,0.9523809523809523,2,0.9523809523809524,0.9523809523809523,2,0.9523809523809524,0.9523809523809523,2,0.9523809523809524
pechantre-geta,Geta,Tragedy,"#geta, #albin, #julie, #antonin, #justine, #arcas, #pauline, #emilie",8,,,0.5,2,0.6291666666666667,0.42857142857142855,3,0.5458333333333333,0.5,2,0.6291666666666667,0.42857142857142855,2,0.5714285714285714,0.5714285714285714,3,0.6,0.5,2,0.6291666666666667
quinault-astrate,Astrate Roi de Tyr,Tragedy,"#astrate, #elise, #corisbe, #bazore, #sichee, #agenor, #nerbal, #geraste, #nicogene, #belus",10,,,0.4,3,0.5714285714285714,0.37777777777777777,3,0.5066666666666666,0.4444444444444444,3,0.6333333333333333,0.35555555555555557,3,0.4966666666666667,0.35555555555555557,3,0.5900000000000001,0.4,3,0.5714285714285714
quinault-atys,Atys,Tragedy,"#phantase, #le-sommeil, #phobetor, #fleuves, #celaenus, #choeurs, #eaux, #cybele, #bois, #nymphes, #ensemble, #idas, #sangaride, #atys, #sangar, #le-choeur, #fleuve, #ruisseaux, #doris, #les-choeurs, #morphee, #fontaines, #fontaine, #un-songe-funeste, #choeur, #melisse, #choeur-des-songes-funestes, #sommeil, #corybantes",29,,,0.2438423645320197,4,0.840886125368884,0.2438423645320197,4,0.840886125368884,0.33766233766233766,4,0.7902589834408016,0.2987012987012987,3,0.8698044379862562,0.2717391304347826,4,0.8353715728715728,0.2438423645320197,4,0.840886125368884
quinault-bellerophon,Bellérophon,Tragedy,"#stenobee, #philonoe, #licas, #proetus, #megare, #timante, #bellerophon, #ladice",8,,,0.6071428571428571,3,0.7083333333333334,0.6071428571428571,3,0.7083333333333334,0.5714285714285714,3,0.6833333333333333,0.5,3,0.5625,0.42857142857142855,3,0.4166666666666667,0.6071428571428571,3,0.7083333333333334
quinault-comedie-sans-comedie,La Comédie sans Comédie,Comedy,"#selvage, #clomire, #filene, #dafnis, #la-roque, #aminte, #clorinde, #arsace, #hauteroche, #l-ombre, #renaud, #silvanire, #polixene, #agis, #montan, #la-fleur, #hermine, #jodelet, #chevalier, #armide, #l-amour, #marine, #ragotin, #forestan, #dorise, #tancrede, #isabelle, #panfile, #le-docteur, #un-triton, #tersandre, #arimon, #une-sirene",33,,,0.13825757575757575,2,0.8466089466089466,0.1723076923076923,2,0.8412087912087911,0.16524216524216523,2,0.8125220458553791,0.17195767195767195,2,0.8430272108843537,0.19692307692307692,2,0.9091575091575093,0.13825757575757575,2,0.8466089466089466
quinault-les-rivales,Les Rivales,Comedy,"#isabelle, #dom-fernand, #philipin, #alonce, #philidie, #l-hotesse, #federic, #elise, #dom-lope",9,,,0.6944444444444444,3,0.7936507936507937,0.6944444444444444,3,0.7936507936507937,0.6944444444444444,3,0.7936507936507937,0.6944444444444444,3,0.7936507936507937,0.5277777777777778,3,0.7354497354497355,0.6944444444444444,3,0.7936507936507937
quinault-mere-coquette,La Mère Coquette,Comedy,"#isabelle, #champagne, #ismene, #cremante, #acante, #laurette, #le-marquis, #le-page",8,,,0.75,2,0.8708333333333333,0.6428571428571429,2,0.8363095238095238,0.75,2,0.8708333333333333,0.8571428571428571,2,0.8857142857142858,0.6071428571428571,2,0.7220238095238095,0.75,2,0.8708333333333333
quinault-proserpine,Proserpine,Tragedy,"#les-trois-furies, #pluton, #arethuse, #une-des-furies, #les-furies, #ceres, #alphee, #mercure, #cyane, #le-choeur, #ascalaphe, #proserpine, #lechoeur, #les-trois-juges-des-enfers, #pluton-ascalaphe, #divinites-infernales, #choeur-des-ombres, #les-choeurs, #voix-infernales, #crinise, #le-choeur-des-ombres, #deux-ombres, #nymphes, #les-ombres, #deux-nymphes, #tous-ensemble, #jupiter",27,,,0.1737891737891738,4,0.5904761904761905,0.16666666666666666,4,0.5839616402116402,0.19,4,0.6064126984126984,0.22943722943722944,4,0.5983100233100234,0.20526315789473684,4,0.5316269841269842,0.1737891737891738,4,0.5904761904761905
quinault-thesee,Thésée,Tragedy,"#aegle, #medee, #la-grande-pretresse, #cleone, #tous-ensemble, #thesee, #la-pretresse, #choeur, #dorine, #arcas, #le-choeur-de-l-enfer, #le-choeur, #le-choeur-des-combattants, #bergers, #un-habitant, #les-choeurs, #divinites, #le-roi, #deux-bergeres, #peuples, #choeur-des-habitants, #ensemble, #deux-vieillards, #minerve, #le-choeur-des-pretresses, #un-combattant",26,,,0.20923076923076922,4,0.7244449994449995,0.23550724637681159,3,0.7743987493987494,0.21,5,0.6865714285714286,0.2683982683982684,4,0.6743440902531812,0.19367588932806323,4,0.6710144927536232,0.20923076923076922,4,0.7244449994449995
racine-alexandre-66,Alexandre le Grand,Tragedy,"#cleofile, #axiane, #taxile, #alexandre, #ephestion, #porus",6,,,1.0,1,1.0,0.9333333333333333,2,0.9333333333333332,0.9333333333333333,2,0.9333333333333332,1.0,1,1.0,0.8,2,0.7277777777777777,1.0,1,1.0
racine-alexandre,Alexandre le Grand,Tragedy,"#cleofile, #axiane, #taxile, #alexandre, #ephestion, #porus",6,,,1.0,1,1.0,0.9333333333333333,2,0.9333333333333332,0.9333333333333333,2,0.9333333333333332,1.0,1,1.0,0.8,2,0.7277777777777777,1.0,1,1.0
racine-andromaque-68,Andromaque,Tragedy,"#pyrrhus, #oreste, #phoenix, #hermione, #andromaque, #cephise, #cleone, #pylade",8,,,0.4642857142857143,3,0.525,0.4642857142857143,3,0.525,0.35714285714285715,3,0.25,0.42857142857142855,3,0.47916666666666663,0.42857142857142855,3,0.47916666666666663,0.4642857142857143,3,0.525
racine-andromaque,Andromaque,Tragedy,"#pyrrhus, #oreste, #phoenix, #hermione, #andromaque, #cephise, #cleone, #pylade",8,,,0.42857142857142855,3,0.47916666666666663,0.42857142857142855,3,0.47916666666666663,0.2857142857142857,4,0.10416666666666666,0.39285714285714285,3,0.375,0.42857142857142855,3,0.47916666666666663,0.42857142857142855,3,0.47916666666666663
racine-athalie,Athalie,Tragedy,"#joas, #azarias, #salomith, #josabet, #mathan, #zacharie, #athalie, #joad, #ismael, #choeur, #nabal, #abner, #agar, #levites",14,,,0.4175824175824176,3,0.6405895691609977,0.3974358974358974,3,0.6017094017094017,0.3717948717948718,3,0.6811355311355312,0.3516483516483517,3,0.6119047619047618,0.3956043956043956,3,0.6319727891156462,0.4175824175824176,3,0.6405895691609977
racine-bajazet,Bajazet,Tragedy,"#acomat, #atalide, #roxane, #zaïre, #zatime, #osmin, #bajazet",7,,,0.5238095238095238,2,0.6666666666666667,0.47619047619047616,2,0.6333333333333334,0.5238095238095238,2,0.6666666666666667,0.5238095238095238,2,0.6666666666666667,0.47619047619047616,3,0.5095238095238095,0.5238095238095238,2,0.6666666666666667
racine-berenice,Bérénice,Tragedy,"#antiochus, #rutile, #titus, #berenice, #phenice, #paulin, #arsace",7,,,0.5238095238095238,2,0.6666666666666667,0.5238095238095238,2,0.6666666666666667,0.47619047619047616,3,0.4857142857142857,0.42857142857142855,3,0.619047619047619,0.5238095238095238,2,0.6666666666666667,0.5238095238095238,2,0.6666666666666667
racine-britannicus,Britannicus,Tragedy,"#britannicus, #junie, #agrippine, #neron, #narcisse, #burrhus, #albine",7,,,0.7142857142857143,2,0.8380952380952381,0.6666666666666666,2,0.7952380952380952,0.6666666666666666,2,0.7952380952380952,0.7142857142857143,2,0.8380952380952381,0.5238095238095238,3,0.6428571428571429,0.7142857142857143,2,0.8380952380952381
racine-iphigenie,Iphigénie,Tragedy,"#clytemnestre, #arcas, #eriphile, #achille, #iphigenie, #eurybate, #agamemnon, #ulysse, #aegine, #doris",10,,,0.5111111111111111,3,0.6971428571428572,0.5111111111111111,3,0.6971428571428572,0.4222222222222222,3,0.5766666666666667,0.5111111111111111,3,0.6971428571428572,0.5,4,0.6037037037037037,0.5111111111111111,3,0.6971428571428572
racine-mithridate,Mithridate,Tragedy,"#phoedime, #xiphares, #pharnace, #monime, #mithridate, #arcas, #arbate",7,,,0.7619047619047619,2,0.7238095238095238,0.7619047619047619,2,0.7238095238095238,0.7142857142857143,2,0.7428571428571429,0.7142857142857143,2,0.7095238095238096,0.5714285714285714,3,0.6666666666666667,0.7619047619047619,2,0.7238095238095238
racine-phedre-77,Phèdre et Hippolyte,Tragedy,"#hippolyte, #aricie, #panope, #thesee, #oenone, #phedre, #theramene, #ismene",8,,,0.5357142857142857,3,0.6625,0.5714285714285714,2,0.7952380952380952,0.5357142857142857,3,0.6625,0.5,3,0.5625,0.42857142857142855,4,0.6333333333333333,0.5357142857142857,3,0.6625
racine-phedre,Phèdre (1697),Tragedy,"#hippolyte, #aricie, #panope, #thesee, #oenone, #phedre, #theramene, #ismene",8,,,0.5357142857142857,3,0.6625,0.5714285714285714,2,0.7952380952380952,0.5357142857142857,3,0.6625,0.5,3,0.5625,0.42857142857142855,4,0.6333333333333333,0.5357142857142857,3,0.6625
racine-thebaide-64,La Thébaïde,Tragedy,"#eteocle, #jocaste, #antigone, #hemon, #polynice, #creon, #olympe, #un-soldat-grec, #attale",9,,,0.6944444444444444,2,0.8441798941798941,0.7857142857142857,2,0.8761904761904762,0.6388888888888888,3,0.837037037037037,0.5833333333333334,2,0.7965608465608466,0.6666666666666666,2,0.8391534391534391,0.6944444444444444,2,0.8441798941798941
racine-thebaide,La Thébaïde,Tragedy,"#eteocle, #jocaste, #antigone, #hemon, #polynice, #creon, #garde, #olympe, #attale",9,,,0.6388888888888888,2,0.7854497354497354,0.7142857142857143,2,0.8464285714285714,0.5833333333333334,3,0.7597883597883598,0.5833333333333334,2,0.7965608465608466,0.6111111111111112,2,0.8169312169312168,0.6388888888888888,2,0.7854497354497354
dufresny-regnard-chinois,"Les Chinois, Comédie en Quatre Actes",Comedy,"#roquillard, #arlequin, #octave, #colombine, #isabelle, #le-parterre, #un-portier, #le-comedien-français, #apollon, #thalie, #la-petite-fille, #l-auteur, #le-comedien, #mezzetin, #pierrot, #la-rhetorique, #la-muse",17,,,0.23529411764705882,3,0.665219421101774,0.22794117647058823,3,0.6595238095238095,0.23333333333333334,2,0.6620535714285715,0.20588235294117646,3,0.5599439775910364,0.25274725274725274,3,0.6261904761904761,0.23529411764705882,3,0.665219421101774
regnard-democrite,Démocrite,Comedy,"#cleanthis, #democrite, #thaler, #agelas, #agenor, #strabon, #criseis, #ismene, #le-maitre-d-hotel, #l-intendant",10,,,0.7555555555555555,2,0.9043650793650795,0.8611111111111112,2,0.9404761904761904,0.7333333333333333,2,0.9333333333333333,0.7555555555555555,2,0.9043650793650795,0.5333333333333333,3,0.7038095238095238,0.7555555555555555,2,0.9043650793650795
regnard-distrait,"Le Distrait, Comédie",Comedy,"#carlin, #lisette, #clarice, #le-chevalier, #isabelle, #leandre, #valere, #madame-grognac, #laquais, #cerlin",10,,,0.6444444444444445,2,0.775,0.6444444444444445,2,0.775,1.0,1,1.0,0.6444444444444445,2,0.775,0.5555555555555556,3,0.6628571428571429,0.6444444444444445,2,0.775
regnard-joueur,Le Joueur,Comedy,"#la-comtesse, #angelique, #le-marquis, #laquais-1er, #valere, #dorante, #geronte, #madame-la-ressource, #hector, #nerine, #laquais-2nd, #monsieur-galonier, #toutabas, #madame-adam, #laquais, #laquais-3eme",16,,,0.3416666666666667,4,0.5180059523809524,0.5454545454545454,3,0.7365079365079366,0.38461538461538464,4,0.4685374149659864,0.3416666666666667,4,0.5180059523809524,0.275,4,0.4579365079365079,0.3416666666666667,4,0.5180059523809524
regnard-legataire,"Le Légataire Universel, Comédie",Comedy,"#argante, #geronte, #un-laquais, #madame-argante, #isabelle, #lisette, #eraste, #le-laquais, #crispin, #monsieur-scrupule, #monsieur-gaspard, #clistorel",12,,,0.5454545454545454,2,0.8355820105820105,0.6,2,0.8411904761904762,0.5454545454545454,2,0.8355820105820105,0.5818181818181818,2,0.8483405483405484,0.5,2,0.8393518518518519,0.5454545454545454,2,0.8355820105820105
regnard-menechmes,"Les Ménechmes, ou Les Jumeaux",Comedy,"#finette, #araminte, #isabelle, #le-chevalier, #robertin, #demophon, #valentin, #meneschme, #plaute, #mercure, #apollon, #monsieur-coquelet",12,,,0.5,2,0.9642857142857143,0.5,2,0.9642857142857143,0.5,2,0.9642857142857143,0.5636363636363636,1,1.0,0.41818181818181815,2,0.8593073593073594,0.5,2,0.9642857142857143
regnard-sapor,"Sapor, Tragédie",Tragedy,"#firmin, #aurelien, #sabinus, #sapor, #ismene, #zenobie, #theone",7,,,0.7142857142857143,2,0.8571428571428571,0.6666666666666666,2,0.7333333333333334,0.7142857142857143,2,0.8571428571428571,0.7142857142857143,2,0.8571428571428571,0.5238095238095238,3,0.6523809523809524,0.7142857142857143,2,0.8571428571428571
barquebois-rapiniere,La Rapinière,Comedy,"#isabelle, #la-rapiniere, #jasmin, #dorante, #le-crocheteur, #la-roche, #fernand, #olive, #la-paysanne, #beatrix, #le-clerc, #la-fleur, #mascarille, #leonore, #le-rotisseur, #monsieur-le-blanc",16,,,0.44166666666666665,3,0.7733585858585859,0.44166666666666665,3,0.7733585858585859,0.4857142857142857,3,0.7683501683501684,0.44166666666666665,3,0.7733585858585859,0.44871794871794873,3,0.6917582417582419,0.44166666666666665,3,0.7733585858585859
ronsin-aretaphile,Arétaphile ou La Révolution de Cyrene,Tragedy,"#aretaphile, #norate, #oxiane, #enarus, #eglator, #eurymene, #phedime, #un-senateur",8,,,0.6428571428571429,2,0.8333333333333334,0.6428571428571429,2,0.8333333333333334,0.6428571428571429,2,0.8333333333333334,0.7142857142857143,2,0.8380952380952381,0.6071428571428571,2,0.8125,0.6428571428571429,2,0.8333333333333334
rostand-cyrano,Cyrano de Bergerac,Comedy,"#une-voix, #le-vieux-bourgeois, #brissaille, #un-porteur, #la-salle, #la-distributrice, #un-seigneur, #deuxieme-poete, #quatrieme-poete, #deuxieme-cadet, #cuigy, #de-guiche, #un-marquis, #un-cadet, #tous, #les-uns, #voix-de-femme, #le-facheux, #les-precieuses, #un-jeune-homme, #le-parterre, #troisieme-poete, #ragueneau, #un-bourgeois, #deuxieme-cavalier, #les-loges, #des-gens, #des-pages, #un-spectateur, #cyrano, #le-portier, #un-petit-marquis, #un-autre, #le-cadet, #les-autres, #montfleury, #une-dame, #le-marquis, #le-bret, #christian, #le-capucin, #jodelet, #troisieme-cadet, #premier-marquis, #des-voix, #le-page, #roxane, #le-vicomte-de-valvert, #le-bourgeois, #premier-poete, #un-page, #la-comedienne, #carbon, #une-femme, #la-bouquetiere, #le-cavalier, #premier-cadet, #le-baron-hillot, #les-cadets, #le-spectateur, #la-voix, #le-tire-laine, #le-garde, #la-foule, #un-laquais, #plusieurs-gascons, #un-mousquetaire, #renaudot, #un-bretteur, #le-vicomte, #un-homme, #lignere, #l-apprenti, #cinquieme-patissier, #bellerose, #un-garde, #le-duc, #les-marquis, #le-poete, #les-soeurs, #soeur-marthe, #les-violons, #un-joueur, #premier-laquais, #premier-cavalier, #le-chasseur, #le-jeune-homme, #un-troisieme-cadet, #second-marquis, #un-chevau-leger, #la-sentinelle, #un-autre-cadet, #troisieme-patissier, #le-premier-cadet, #les-piquiers, #premier-patissier, #le-public, #une-comedienne, #une-soeur, #mere-marguerite, #les-poetes, #la-duegne, #soldats-espagnols, #cadets, #le-chef-des-violons, #deuxieme-marquis, #ligniere, #quatrieme-patissier, #deuxieme-patissier, #la-voix-d-une-sentinelle, #lise, #premier-enfant, #quelqu-un, #le-mousquetaire, #le-pecheur, #premier-page, #un-officier-espagnol, #tous-les-deux, #les-femmes, #le-cuisinier, #quatrieme-cadet, #un-poete, #les-pages, #deuxieme-page, #cinquieme-poete, #deuxieme-enfant, #soeur-claire",127,,,0.21147356580427445,4,0.8682701300533389,0.2793939393939394,4,0.8571126893667449,0.22947658402203858,4,0.8663378581884932,0.24049060704859493,4,0.8760695655569046,0.23085399449035812,3,0.870548903351918,0.21147356580427445,4,0.8682701300533389
rotrou-antigone,Antigone,Tragedy,"#adraste, #polynice, #eteocle, #jocaste, #antigone, #hemon, #creon, #ismene, #argie, #menette, #cleodamas, #ephise, #capitaine, #adraste-, #tyresie, #capitaine-1er, #capitaine-2nd, #page",18,,,0.39869281045751637,3,0.7984780651447319,0.35,3,0.8045093795093795,0.39869281045751637,3,0.7984780651447319,0.3333333333333333,4,0.7323793490460156,0.40441176470588236,3,0.8014949103184398,0.39869281045751637,3,0.7984780651447319
rotrou-bague-de-l-oubli,La Bague de l'Oubli,Comedy,"#liliane, #tancrede, #leonor, #leandre, #le-roi, #alexandre, #le-duc, #melite, #dorame, #agys, #fabrice, #filene, #le-capitaine, #theodose, #le-bourreau, #alcandre, #lysis",17,,,0.5073529411764706,3,0.7643676584853055,0.5333333333333333,3,0.8059097152847152,0.45588235294117646,3,0.7245754245754246,0.6095238095238096,3,0.7647811447811448,0.42857142857142855,3,0.7036123136123137,0.5073529411764706,3,0.7643676584853055
rotrou-belisaire,Le Bélissaire,Tragedy,"#belissaire, #alvare, #theodore, #l-empereur, #leonse, #philippe, #narses, #fabrice, #anthonie, #camille",10,,,0.6222222222222222,3,0.880952380952381,0.6,3,0.8576190476190476,0.6222222222222222,3,0.880952380952381,0.6222222222222222,3,0.880952380952381,0.6222222222222222,3,0.880952380952381,0.6222222222222222,3,0.880952380952381
rotrou-belle-alphrede,La Belle Alphrède,Comedy,"#acaste, #rodolphe, #cleandre, #isabelle, #ferrande, #alphrede, #amyntas, #orante, #premier-arabe, #deuxieme-soldat, #eurylas, #premier-soldat, #le-pere, #eraste, #premier-valet, #deuxieme-arabe, #l-oncle, #olenie, #le-page",19,,,0.3508771929824561,3,0.8207462472168355,0.33986928104575165,3,0.777977577977578,0.4,3,0.7962433862433862,0.3508771929824561,3,0.8207462472168355,0.39166666666666666,3,0.7783955627705628,0.3508771929824561,3,0.8207462472168355
rotrou-captifs,Les Captifs,Comedy,"#stalagme, #philenie, #philocrate, #pseudole, #erimand, #olympie, #ergazile, #arbax, #tyndare, #haegee, #crisophore, #cuisinier, #crisimant, #celie",14,,,0.5054945054945055,2,0.8208660387231815,0.4945054945054945,2,0.8067416710273853,0.5909090909090909,2,0.8241702741702741,0.5054945054945055,2,0.8208660387231815,0.4666666666666667,2,0.6754761904761905,0.5054945054945055,2,0.8208660387231815
rotrou-cosroes,Cosroës,Tragedy,"#syra, #sardarigue, #mardesane, #cosroes, #artanasde, #palmyras, #syroes, #narsee, #garde, #pharnace, #hormisdate",11,,,0.41818181818181815,3,0.6722943722943723,0.38181818181818183,3,0.6688311688311688,0.4888888888888889,3,0.7628571428571428,0.4444444444444444,3,0.5756613756613757,0.4,3,0.6478354978354979,0.41818181818181815,3,0.6722943722943723
rotrou-crisante,Crisante,Tragedy,"#second-capitaine, #premier-capitaine, #cleodore, #crisante, #cassie, #premier-chef-de-guerre, #manilie, #deuxieme-chef-de-guerre, #euphorbe, #antioche, #crates, #marcie, #orante",13,,,0.4358974358974359,3,0.8527472527472527,0.41025641025641024,3,0.8704517704517705,0.4358974358974359,3,0.8527472527472527,0.4,3,0.7714285714285715,0.38461538461538464,4,0.8125763125763126,0.4358974358974359,3,0.8527472527472527
rotrou-hercule-mourant,Hercule Mourant,Tragedy,"#dejanire, #arsides, #iole, #lucinde, #arcas, #agis, #hercule, #alcmene, #lichas, #philoctete",10,,,0.6444444444444445,3,0.8533333333333333,0.75,2,0.8902116402116401,0.6944444444444444,2,0.8484126984126985,0.6444444444444445,3,0.8533333333333333,0.37777777777777777,3,0.63,0.6444444444444445,3,0.8533333333333333
rotrou-l-heureuse-constance,L'Heureuse Constance,Comedy,"#le-conseiller, #florinee, #la-reine, #argant, #lysanor, #alcandre, #lysimant, #ogier, #le-messager, #roselie, #timandre, #floris, #le-roi, #paris, #le-page",15,,,0.638095238095238,3,0.8716239316239316,0.6095238095238096,3,0.8648122248122249,0.6,3,0.8771406371406372,0.8787878787878788,2,0.9274410774410775,0.4666666666666667,3,0.7174074074074074,0.638095238095238,3,0.8716239316239316
rotrou-la-celimene,La Célimène,Comedy,"#orante, #florante, #celimene, #felicie, #lysis, #floridan, #alidor, #filandre, #premier-voleur, #le-laquais, #deuxieme-voleur",11,,,0.5636363636363636,3,0.7640692640692641,0.509090909090909,3,0.7521645021645021,0.5636363636363636,3,0.7640692640692641,0.6666666666666666,2,0.8630952380952381,0.5277777777777778,3,0.6862433862433863,0.5636363636363636,3,0.7640692640692641
rotrou-la-diane,La Diane,Comedy,"#ariste, #dorothee, #sylvian, #orante, #filemon, #lysimant, #damon, #le-laquais, #orimand, #l-exempt, #diane, #celiree, #lysandre",13,,,0.7948717948717948,2,0.931934731934732,0.7948717948717948,2,0.931934731934732,0.7948717948717948,2,0.931934731934732,0.7692307692307693,3,0.9412587412587412,0.2909090909090909,5,0.4424242424242424,0.7948717948717948,2,0.931934731934732
rotrou-le-filandre,Le Filandre,Comedy,"#celidor, #filandre, #theane, #neree, #dorilas, #cephise, #thimante, #menalque, #damete",9,,,0.6111111111111112,3,0.8560846560846561,0.6111111111111112,3,0.8560846560846561,0.6111111111111112,3,0.8560846560846561,0.6111111111111112,3,0.8560846560846561,0.9333333333333333,2,0.9333333333333332,0.6111111111111112,3,0.8560846560846561
rotrou-saint-genest,Le Véritable Saint Genest,Tragedy,"#marcele, #valerie, #lentule, #sergeste, #maximin, #diocletian, #plancien, #soldat, #flavie, #anthyme, #adrian, #garde, #genest, #le-page, #octave, #camille, #geolier, #albin, #natalie, #decorateur, #voix-du-ciel",21,,,0.3904761904761905,4,0.6726264476264476,0.4678362573099415,3,0.7541518423097371,0.3761904761904762,4,0.6507670900528043,0.3619047619047619,4,0.5802645502645503,0.3523809523809524,4,0.6387617673331959,0.3904761904761905,4,0.6726264476264476
rotrou-sosies,Les Sosies,Comedy,"#sosie, #alcmene, #amphitryon, #mercure, #capitaine-des-gardes, #second-capitaine, #premier-capitaine, #jupiter, #troisieme-capitaine, #cephalie",10,,,0.7555555555555555,2,0.8769841269841269,0.7333333333333333,2,0.8607142857142858,0.7111111111111111,2,0.8582539682539683,0.6888888888888889,3,0.8904761904761905,0.6666666666666666,2,0.8306878306878307,0.7555555555555555,2,0.8769841269841269
saint-aignan-martyre-marie-antoinette,Le Martyre de Marie-Antoinette d'Autriche Reine de France.,Tragedy,"#danton, #le-predident, #le-commandant, #le-maire, #un-autre-membre, #barrere, #simon, #robespierre, #autre-membre, #membre-du-comite, #la-reine, #le-vieillard, #premier-royaliste, #madame-elisabeth, #le-president, #le-geolier, #un-autre-membre-du-comite, #le-constitutionnel, #le-roi, #un-membre-du-comite, #un-garde, #le-sans-culotte, #un-depute, #la-suivante, #second-membre-du-comite-, #l-autre-membre, #le-ministre, #un-membre, #un-second-royaliste, #un-garde-du-maire, #santerre, #tronson, #l-accusateur, #le-jacobin, #l-inconnu, #madame-royale, #l-envoye-de-santerre, #le-garde, #le-royaliste, #un-des-gardes",40,,,0.1564102564102564,4,0.6917929883583909,0.13974358974358975,4,0.6981075851393188,0.14616755793226383,4,0.7309802942155884,0.18823529411764706,3,0.7014545631772523,0.21935483870967742,4,0.6180038178140644,0.1564102564102564,4,0.6917929883583909
sand-moliere,Molière,Comedy,"#la-dame, #la-vieille-dame, #un-doucereux, #conde, #une-belle-dame, #le-bel-esprit, #un-vieil-ouvrier, #duparc, #un-ouvrier, #brecourt, #baron, #le-marquis, #une-autre-dame, #second-ouvrier, #une-vieille-dame, #un-marquis, #troisieme-ouvrier, #la-petite-madeleine, #moliere, #un-autre-ouvrier, #pierrette, #madeleine, #le-roi, #le-cavalier, #pierette, #armande, #premier-ouvrier, #autre-ouvrier",28,,,0.31216931216931215,3,0.8861108178449245,0.3507692307692308,3,0.9213356088356088,0.33048433048433046,3,0.8867236896222404,0.31216931216931215,3,0.8861108178449245,0.5303030303030303,2,0.7936387686387687,0.31216931216931215,3,0.8861108178449245
saurin-amenophis,Aménophis,Tragedy,"#nephte, #palmis, #amenophis, #ramesses, #sosis, #iphise, #l-officier, #arthesis, #le-grand-pretre",9,,,0.5,3,0.652910052910053,0.4722222222222222,3,0.6031746031746033,0.4444444444444444,3,0.4978835978835979,0.4642857142857143,3,0.5125,0.4444444444444444,3,0.6497354497354497,0.5,3,0.652910052910053
saurin-blanche-et-guiscard,Blanche et Guiscard,Tragedy,"#siffredi, #rodolphe, #blanche, #guiscard, #osmont, #laure",6,,,0.6666666666666666,3,0.6666666666666666,0.6,3,0.6388888888888888,0.6666666666666666,3,0.6666666666666666,0.5333333333333333,3,0.5,0.6666666666666666,3,0.6666666666666666,0.6666666666666666,3,0.6666666666666666
saurin-spartacus,Spartacus,Tragedy,"#crassus, #spartacus, #sabine, #emilie, #messala, #le-tribun, #noricus, #albin, #sunnon",9,,,0.3888888888888889,3,0.7058201058201058,0.4642857142857143,2,0.8273809523809523,0.3611111111111111,3,0.6555555555555556,0.3888888888888889,3,0.7058201058201058,0.3333333333333333,3,0.5767195767195767,0.3888888888888889,3,0.7058201058201058
scarron-dom-japhet-d-armenie,Don Japhet d'Arménie,Comedy,"#don-alfonce, #jean-vincent, #llorente-riberos, #foucaral, #le-bailli, #don-japhet, #le-commandeur, #le-courier, #elvire, #rodrigue, #don-alvare, #torribo-poncil, #tous, #marc-antoine, #marine, #le-harangueur, #leonore, #la-duegne",18,,,0.5555555555555556,3,0.8052683427683428,0.5220588235294118,3,0.8110177404295051,0.49264705882352944,3,0.7772590154943096,0.6176470588235294,2,0.8570488335194217,0.6333333333333333,2,0.8221209346209346,0.5555555555555556,3,0.8052683427683428
scarron-fausse-apparence,La Fausse Apparence,Comedy,"#don-carlos, #don-pedre, #flore, #cardille, #don-louis, #leonore, #fabrice, #marine, #don-sanche",9,,,0.8611111111111112,2,0.9404761904761904,0.8611111111111112,2,0.9404761904761904,0.8333333333333334,2,0.9523809523809523,0.8333333333333334,2,0.9126984126984126,0.8055555555555556,2,0.8955026455026456,0.8611111111111112,2,0.9404761904761904
scarron-gardien-de-soi-meme,Le Gardien de Soi-Même,Comedy,"#le-roi, #isabelle, #constance, #alcandre, #sabine, #sulpice, #mauricette, #helene, #premier-paysan, #filipin, #licaste, #soldat, #paysan, #le-prince, #second-soldat, #premier-soldat",16,,,0.4583333333333333,4,0.7708017676767677,0.43333333333333335,4,0.7625541125541125,0.4583333333333333,4,0.7708017676767677,0.43333333333333335,4,0.7630501443001443,0.4725274725274725,3,0.8146567717996289,0.4583333333333333,4,0.7708017676767677
scarron-heritier-ridicule,L'Héritier Ridicule ou La Dame Intéressée.,Comedy,"#rosquepine, #filipin, #don-diegue, #don-juan, #beatrix, #helene, #leonor, #carmagnolle, #paquette",9,,,0.75,2,0.8497354497354498,0.75,2,0.8497354497354498,0.8214285714285714,2,0.881547619047619,0.6111111111111112,2,0.837037037037037,0.75,2,0.8497354497354498,0.75,2,0.8497354497354498
scarron-jodelet-dueliste,Le Jodelet Duelliste.,Comedy,"#alphonse, #jodelet, #don-diegue, #don-felix, #beatrix, #helene, #don-pedro, #don-gaspard, #don-sanche, #lucie",10,,,0.8,2,0.9178571428571429,0.7555555555555555,2,0.8723015873015874,0.8,2,0.9178571428571429,0.7555555555555555,2,0.8808730158730158,0.7111111111111111,2,0.8674603174603174,0.8,2,0.9178571428571429
scarron-jodelet,Le Jodelet ou Le Maître Valet.,Comedy,"#lucrece, #don-louis, #isabelle, #beatrix, #etienne, #jodelet, #don-juan, #don-fernand",8,,,0.8928571428571429,2,0.9285714285714286,0.8571428571428571,2,0.8952380952380953,0.7857142857142857,2,0.8976190476190476,0.8928571428571429,2,0.9285714285714286,0.8214285714285714,2,0.8738095238095238,0.8928571428571429,2,0.9285714285714286
scarron-marquis-ridicule,Le Marquis Ridicule,Comedy,"#don-blaize, #olivares, #merlin, #lisette, #ordugno, #stefanie, #don-cosme, #don-sanche, #blanche, #louise",10,,,1.0,1,1.0,0.9777777777777777,2,0.9777777777777779,1.0,1,1.0,0.9333333333333333,2,0.95,0.8666666666666667,2,0.9166666666666666,1.0,1,1.0
scarron-prince-corsaire,Le Prince Corsaire.,Comedy,"#orosmane, #clarice, #alcionne, #elise, #amintas, #nicanor, #licas, #argante, #sebaste, #criton",10,,,0.5555555555555556,3,0.7711904761904762,0.4888888888888889,3,0.7128571428571429,0.6111111111111112,2,0.7888888888888889,0.5111111111111111,3,0.7607142857142857,0.5555555555555556,3,0.8,0.5555555555555556,3,0.7711904761904762
scudery-arminius,Arminius ou Les Frères Ennemis,Tragedy,"#cecina, #hercinie, #emile, #segimire, #germanicus, #flavian, #arminius, #segeste, #agrippine",9,,,0.8333333333333334,2,0.8915343915343915,0.8333333333333334,2,0.8915343915343915,0.8055555555555556,2,0.8809523809523809,0.75,2,0.8796296296296297,0.5277777777777778,3,0.6259259259259259,0.8333333333333334,2,0.8915343915343915
scudery-fils-suppose,Le Fils Supposé,Comedy,"#almedor, #belise, #braside, #clorian, #oronte, #doriste, #luciane, #philante, #rosandre",9,,,1.0,1,1.0,1.0,1,1.0,1.0,1,1.0,1.0,1,1.0,0.5555555555555556,3,0.8185185185185185,1.0,1,1.0
sedaine-le-philosophe-sans-le-savoir,Le Philosophe sans le Savoir,Comedy,"#monsieur-vanderk-fils, #antoine, #sophie, #le-gendre, #monsieur-desparville-fils, #victorine, #monsieur-vanderk-pere, #madame-vanderk, #la-tante, #le-domestique, #monsieur-desparville-pere, #son-domestique",12,,,0.5757575757575758,3,0.7286375661375661,0.5151515151515151,3,0.6979497354497354,0.6545454545454545,2,0.7895382395382395,0.5606060606060606,3,0.7136243386243386,0.6,3,0.7390476190476191,0.5757575757575758,3,0.7286375661375661
sommerive-bajazet,Bajazet,Tragedy,"#asterie, #axalla, #zaïre, #themir, #adanaxe, #bajazet, #tamerlan, #odmar, #mirsas, #ciarcan",10,,,0.4,3,0.4961904761904762,0.37777777777777777,3,0.42142857142857143,0.3333333333333333,3,0.5119047619047619,0.37777777777777777,3,0.488095238095238,0.4722222222222222,3,0.5703703703703703,0.4,3,0.4961904761904762
soret-ceciliade,La Céciliade,Tragedy,"#moustarot, #almachie, #le-choeur, #sainte-cecile, #patrice, #l-ange, #tiburce, #valerian, #emilie",9,,,0.7777777777777778,2,0.9047619047619047,0.7777777777777778,2,0.9047619047619047,0.7777777777777778,2,0.9047619047619047,0.5555555555555556,2,0.8772486772486772,0.7777777777777778,2,0.9047619047619047,0.7777777777777778,2,0.9047619047619047
seneque-agamemnon,Agamemnon,Tragedy,"#cassandre, #clytemnestre, #le-choeur, #egisthe, #electre, #eurybate, #la-nourrice, #agamemnon, #strophius, #choeur-de-femmes-d-argos, #l-ombre-de-thyeste",11,,,0.2,3,0.19090909090909092,0.2222222222222222,3,0.22999999999999998,0.1388888888888889,2,0.0,0.24444444444444444,3,0.21000000000000002,0.2222222222222222,3,0.22999999999999998,0.2,3,0.19090909090909092
seneque-medee,Médée,Tragedy,"#l-envoye, #jason, #le-nourrice, #medee, #le-choeur, #creon",6,,,0.7333333333333333,2,0.7666666666666666,1.0,1,1.0,0.7333333333333333,2,0.7666666666666666,0.7333333333333333,2,0.7666666666666666,0.3,2,0.0,0.7333333333333333,2,0.7666666666666666
tanevot-adam-et-eve,Adam et Eve,Tragedy,"#satan, #gabriel, #eve, #moloch, #adam, #michel, #uriel, #la-voix-de-dieu, #raphaël",9,,,0.25,5,0.16666666666666666,0.2222222222222222,4,0.16666666666666666,0.2222222222222222,5,0.18518518518518517,0.2222222222222222,2,0.24074074074074073,0.2857142857142857,5,0.0,0.25,5,0.16666666666666666
tristan-mort-de-chrispe,La Mort de Chrispe,Tragedy,"#constance, #une-des-filles, #cornelie, #fauste, #capitaine-des-gardes, #constantin, #chrispe, #lactance, #leonce, #probe",10,,,0.35555555555555557,4,0.38,0.28888888888888886,4,0.36666666666666664,0.35555555555555557,4,0.38,0.35714285714285715,3,0.37916666666666665,0.5,4,0.5291666666666667,0.35555555555555557,4,0.38
tristan-mort-seneque,La Mort de Sénèque,Tragedy,"#le-centenier, #sabine, #pison, #lucain, #sevinus, #rufus, #pauline, #epicaris, #procule, #milicus, #seneque, #neron",12,,,0.45454545454545453,3,0.7031746031746032,0.36363636363636365,3,0.7188492063492063,0.4727272727272727,4,0.616017316017316,0.4393939393939394,3,0.6962301587301587,0.5333333333333333,2,0.7371428571428571,0.45454545454545453,3,0.7031746031746032
tristan-osman,Osman,Tragedy,"#orcane, #selim, #lodia, #la-sultane, #mamud, #capigi, #leontine, #la-fille-du-mufti, #fatime, #osman, #musulman",11,,,0.6363636363636364,3,0.7746753246753247,0.4909090909090909,3,0.661038961038961,0.7555555555555555,2,0.8807142857142857,0.6666666666666666,3,0.8042328042328042,0.6363636363636364,3,0.7746753246753247,0.6363636363636364,3,0.7746753246753247
tristan-parasite,Le Parasite,Comedy,"#manille, #lisandre, #fripesauces, #lucinde, #lucile, #phenice, #le-capitan, #cascaret, #alcidor, #periante",10,,,0.7777777777777778,2,0.9123015873015874,0.8611111111111112,2,0.9087301587301587,0.7111111111111111,2,0.8612698412698412,0.7555555555555555,2,0.8701587301587301,0.7111111111111111,2,0.8686507936507937,0.7777777777777778,2,0.9123015873015874
turnebe-contents,Les Contents,Comedy,"#genevieve, #basile, #gentilly, #perrette, #antoine, #girard, #alphonse, #louise, #rodomont, #eustache, #françoise, #thomas, #les-sergents, #saucisson, #alix, #nivelet",16,,,0.4583333333333333,3,0.6109494671994672,0.4083333333333333,3,0.7052582833832834,0.41904761904761906,4,0.6973929773929775,0.4166666666666667,4,0.6135236291486291,0.38333333333333336,3,0.5623015873015873,0.4583333333333333,3,0.6109494671994672
vallee-fidele-esclave,Le Fidèle Esclave,Comedy,"#l-infante, #boristhene, #baliste, #le-roi, #thelastrie, #caldice, #atramante, #corax",8,,,0.8928571428571429,2,0.9285714285714286,0.8928571428571429,2,0.9285714285714286,0.8571428571428571,2,0.9285714285714286,0.8928571428571429,2,0.9285714285714286,0.6428571428571429,2,0.8238095238095238,0.8928571428571429,2,0.9285714285714286
vallee-forte-romaine,La Forte Romaine,Tragedy,"#le-prevot, #artise, #macedone, #suzanne, #serene, #curce, #virginie, #diocletian, #maximian, #maxime, #claude",11,,,0.6363636363636364,3,0.716089466089466,0.5818181818181818,3,0.7395382395382395,0.5818181818181818,3,0.7396825396825396,0.5454545454545454,3,0.6615440115440115,0.509090909090909,3,0.685064935064935,0.6363636363636364,3,0.716089466089466
haren-agon,"Agon, Sultan de Bantam",Tragedy,"#agon, #sinan, #sadi, #fatime, #saint-martin, #ibrahim, #nadine, #abdul, #hassan, #stenvic",10,,,0.4444444444444444,3,0.5271428571428571,0.4722222222222222,3,0.6402116402116402,0.35555555555555557,4,0.5252380952380953,0.5,3,0.5,0.5,3,0.65,0.4444444444444444,3,0.5271428571428571
viau-pasiphae,La Tragédie de Pasiphaé,Tragedy,"#nocher, #thesee, #une-autre-fille, #conseiller, #phedre, #dedale, #minos, #nautonier, #le-nautonier, #egee, #l-autre-garde, #le-geolier, #une-fille, #la-troupe, #les-gardes, #deux-des-gardes, #ariane, #le-pilote, #l-un-des-gardes, #premier-garde, #ambassadeurs, #bersynthe, #silure, #l-oracle, #pasiphae",25,,,0.33666666666666667,3,0.9001649578491684,0.37549407114624506,3,0.9154900019888579,0.37254901960784315,3,0.9131313131313132,0.4327485380116959,3,0.9024151287309182,0.354978354978355,4,0.9302685950413223,0.33666666666666667,3,0.9001649578491684
viau-pyrame,Pyrame et Thisbé,Tragedy,"#le-roi, #un-messager, #pyrame, #disarque, #thisbe, #bersiane, #la-mere, #la-confidente, #deuxis, #syllar, #narbal, #lidias",12,,,0.16666666666666666,4,0.2916666666666667,0.18181818181818182,4,0.3333333333333333,0.13333333333333333,3,0.0,0.2222222222222222,4,0.35,0.16666666666666666,4,0.2916666666666667,0.16666666666666666,4,0.2916666666666667
dalibray-le-torrismon-du-tasse,Le Torrismon du Tasse,Tragedy,"#torrismon, #conseiller, #messager, #fauston, #germon, #rusille, #rosmonde, #devin, #gentilhomme, #alvide, #nourrice, #le-conseiler",12,,,0.2878787878787879,3,0.5819444444444445,0.2727272727272727,3,0.5484126984126984,0.34545454545454546,3,0.6348484848484849,0.3611111111111111,3,0.4444444444444444,0.21212121212121213,3,0.6203703703703703,0.2878787878787879,3,0.5819444444444445
voltaire-adelaide,Adélaïde du Guesclin,Tragedy,"#dangeste, #nemours, #adelaide, #vendome, #taise, #coucy, #officier",7,,,0.42857142857142855,3,0.35714285714285715,0.42857142857142855,3,0.35714285714285715,0.5333333333333333,3,0.5,0.42857142857142855,3,0.35714285714285715,0.5333333333333333,3,0.5,0.42857142857142855,3,0.35714285714285715
voltaire-agathocle,Agathocle,Tragedy,"#polycrate, #egeste, #argide, #pretresse, #ydace, #ydasan, #agathocle, #elpenor, #officier",9,,,0.6388888888888888,2,0.7822751322751322,0.6428571428571429,2,0.7821428571428571,0.7142857142857143,2,0.756547619047619,0.5833333333333334,2,0.7997354497354497,0.5555555555555556,2,0.6661375661375661,0.6388888888888888,2,0.7822751322751322
voltaire-alzire,Alzire,Tragedy,"#alzire, #emire, #zamore, #alonze, #alvares, #garde, #americain, #monteze, #don-gusman, #gusman, #cephane, #don-alvares",12,,,0.3787878787878788,3,0.7301587301587301,0.4666666666666667,3,0.8483333333333333,0.36363636363636365,3,0.5251082251082251,0.3787878787878788,3,0.7301587301587301,0.3787878787878788,3,0.7301587301587301,0.3787878787878788,3,0.7301587301587301
voltaire-brutus,Le Brutus,Tragedy,"#messala, #arons, #titus, #tullie, #albin, #brutus, #proculus, #valerius, #senateur, #algine",10,,,0.37777777777777777,3,0.5747619047619048,0.37777777777777777,3,0.5747619047619048,0.3111111111111111,3,0.51,0.35555555555555557,4,0.45,0.4166666666666667,3,0.5407407407407407,0.37777777777777777,3,0.5747619047619048
voltaire-cafe,L'Ecossaise,Comedy,"#le-second-interlocuteur, #un-de-ceux-qui-sont-entres, #fabrice, #monrose, #le-premier-interlocuteur, #frelon, #le-troisieme-interlocuteur, #un-interlocuteur, #un-autre, #lady-alton, #polly, #lindane, #un-second, #freeport, #lord-murray, #le-messager, #andre",17,,,0.5367647058823529,3,0.8312648136177547,0.5220588235294118,3,0.8089635854341737,0.6285714285714286,2,0.8722344322344322,0.5147058823529411,3,0.817519735166794,0.5147058823529411,3,0.8158047834518423,0.5367647058823529,3,0.8312648136177547
voltaire-depositaire,Le Dépostaire,Comedy,"#gourvile-l-aine, #le-jeune-gourvile, #madame-armand, #lisette, #gourville, #gourvile, #monsieur-garant, #monsieur-armand, #monsieur-armand-, #le-jeune-gourvlle, #ninon, #le-jeune-gourvil, #picard, #l-avocat-placet, #monsieur-garand",15,,,0.5619047619047619,3,0.8413730713730714,0.5523809523809524,3,0.8354438154438154,0.7272727272727273,2,0.8895021645021646,0.6025641025641025,2,0.8981795981795982,0.44761904761904764,3,0.8122422022422022,0.5619047619047619,3,0.8413730713730714
voltaire-droit-du-seigneur,Le Droit du Seigneur,Comedy,"#le-marquis, #dormene, #acante, #dignant, #le-chevalier, #berthe, #colette, #mathurin, #champagne, #le-baillif, #le-domestique",11,,,0.8,2,0.8777777777777778,0.8444444444444444,2,0.9007936507936508,0.6181818181818182,3,0.8080808080808081,0.7454545454545455,2,0.8349927849927851,0.7272727272727273,2,0.8608225108225107,0.8,2,0.8777777777777778
voltaire-enfant-prodigue,L'Enfant Prodigue,Comedy,"#fierenfat, #marthe, #lise, #rondon, #madame-croupillac, #euphemon-fils, #euphemon, #jasmin, #le-laquais",9,,,0.8055555555555556,2,0.9232804232804234,0.9642857142857143,2,0.9642857142857142,0.7777777777777778,2,0.9047619047619047,0.8055555555555556,2,0.9232804232804234,0.6388888888888888,2,0.7447089947089948,0.8055555555555556,2,0.9232804232804234
voltaire-fanatisme,Le Fanatisme,Tragedy,"#phanor, #zopire, #mahomet, #seide, #palmire, #omar",6,,,0.9333333333333333,2,0.9333333333333332,0.8666666666666667,2,0.9,0.9333333333333333,2,0.9333333333333332,0.8,2,0.9,0.9333333333333333,2,0.9333333333333332,0.9333333333333333,2,0.9333333333333332
voltaire-guebres,Les Guèbres,Tragedy,"#cesene, #iradan, #megatise, #arzame, #le-vieil-arzemon, #le-jeune-arzemon, #le-grand-pretre, #le-second-pretre, #l-empereur",9,,,0.6944444444444444,2,0.8476190476190476,0.6666666666666666,2,0.8751322751322752,0.6944444444444444,2,0.8476190476190476,0.6388888888888888,2,0.8359788359788359,0.75,2,0.8708333333333333,0.6944444444444444,2,0.8476190476190476
voltaire-irene,Irène,Tragedy,"#alexis, #garde, #zoe, #leonce, #irene, #nicephore, #memnon",7,,,0.42857142857142855,2,0.5285714285714286,0.5333333333333333,2,0.6333333333333333,0.42857142857142855,2,0.5285714285714286,0.42857142857142855,2,0.5285714285714286,0.42857142857142855,2,0.5285714285714286,0.42857142857142855,2,0.5285714285714286
voltaire-lois-de-minos,Les Lois de Minos ou Astérie,Tragedy,"#dictime, #teucer, #le-heraut, #azemon, #phares, #merione, #asterie, #datame, #voix, #cydonien",10,,,0.6,3,0.8638095238095238,0.5777777777777777,3,0.8552380952380952,0.8214285714285714,2,0.8773809523809524,0.5333333333333333,3,0.8,0.5111111111111111,3,0.8552380952380952,0.6,3,0.8638095238095238
voltaire-mariamne,Mariamne,Tragedy,"#narbas, #mariamne, #herode, #soheme, #salome, #le-garde, #idamas, #ammon, #mazael, #elise",10,,,0.4444444444444444,3,0.4961904761904762,0.4444444444444444,3,0.4961904761904762,0.37777777777777777,4,0.5333333333333333,0.4722222222222222,3,0.5,0.4222222222222222,3,0.5314285714285714,0.4444444444444444,3,0.4961904761904762
voltaire-merope,Mérope,Tragedy,"#eurycles, #narbas, #egisthe, #ismenie, #merope, #polyphonte, #erox",7,,,0.7142857142857143,2,0.8380952380952381,0.6666666666666666,3,0.7000000000000001,0.7142857142857143,2,0.8380952380952381,0.7142857142857143,2,0.8380952380952381,0.7142857142857143,2,0.8380952380952381,0.7142857142857143,2,0.8380952380952381
voltaire-oedipe-v,Oedipe,Tragedy,"#dimas, #oedipe, #araspe, #le-grand-pretre, #choeur, #jocaste, #philoctete, #phorbas, #egine, #icare",10,,,0.5111111111111111,2,0.806031746031746,0.5277777777777778,2,0.7955026455026455,0.4666666666666667,2,0.7942857142857143,0.4666666666666667,3,0.7495238095238095,0.5555555555555556,3,0.8,0.5111111111111111,2,0.806031746031746
voltaire-olympie,Olympie,Tragedy,"#les-pretres, #cassandre, #antigone, #olympie, #sostene, #l-hierophante, #tous-ensemble, #la-pretresse, #statira, #hermas, #la-pretresse-inferieure, #le-pretre, #une-pretresse",13,,,0.4230769230769231,3,0.7112332112332113,0.5454545454545454,2,0.862914862914863,0.3974358974358974,3,0.7172161172161172,0.41025641025641024,3,0.6384004884004884,0.4166666666666667,3,0.48888888888888893,0.4230769230769231,3,0.7112332112332113
voltaire-oreste,Oreste,Tragedy,"#pylade, #electre, #clytemnestre, #pammene, #dimas, #egisthe, #iphise, #oreste",8,,,0.8928571428571429,2,0.9285714285714286,0.8571428571428571,2,0.8952380952380953,0.8214285714285714,2,0.8738095238095238,0.8928571428571429,2,0.9285714285714286,0.9523809523809523,2,0.9523809523809524,0.8928571428571429,2,0.9285714285714286
voltaire-orphelin-de-la-chine,L'Orphelin de la Chine,Tragedy,"#idame, #gengis, #etan, #zamti, #octar, #osman, #asseli",7,,,0.5238095238095238,3,0.6285714285714287,0.42857142857142855,3,0.4714285714285714,0.5238095238095238,3,0.6285714285714287,0.5238095238095238,3,0.6285714285714287,0.5238095238095238,3,0.6285714285714287,0.5238095238095238,3,0.6285714285714287
voltaire-pelopides,Les Pélopides ou Atrée et Thyeste,Tragedy,"#atree, #erope, #idas, #polemon, #thyeste, #megare, #hippodamie",7,,,0.9523809523809523,2,0.9523809523809524,0.9523809523809523,2,0.9523809523809524,0.9047619047619048,2,0.9238095238095239,0.9523809523809523,2,0.9523809523809524,0.6190476190476191,3,0.6523809523809524,0.9523809523809523,2,0.9523809523809524
voltaire-rome-sauvee,Rome Sauvée,Tragedy,"#autre-conjure, #lentulus, #crassus, #ciceron, #aurelie, #cethegus, #chef-licteurs, #licteurs, #clodius, #lucullus, #caton, #catilina, #statilius, #martian, #chef, #sura, #cesar",17,,,0.4338235294117647,3,0.8346970023440612,0.5494505494505495,3,0.8438414759843331,0.4264705882352941,3,0.844913909619792,0.37362637362637363,3,0.7963151927437642,0.5047619047619047,3,0.8506267806267807,0.4338235294117647,3,0.8346970023440612
voltaire-scythes,Les Scythes,Tragedy,"#indatire, #hermodan, #sulma, #obeide, #athamare, #le-scythe, #sozame, #un-scythe, #hircan",9,,,0.7777777777777778,2,0.8306878306878307,0.7222222222222222,2,0.8015873015873016,0.7777777777777778,2,0.8306878306878307,0.75,3,0.8042328042328042,0.6785714285714286,3,0.725,0.7777777777777778,2,0.8306878306878307
voltaire-semiramis,Sémiramis,Tragedy,"#oroes, #arsace, #azema, #otane, #semiramis, #mitrane, #ninias, #assur, #l-ombre, #cedar",10,,,0.7333333333333333,2,0.8047619047619048,0.8888888888888888,2,0.9153439153439152,0.7777777777777778,2,0.8306878306878307,0.7333333333333333,2,0.8047619047619048,0.6388888888888888,2,0.758994708994709,0.7333333333333333,2,0.8047619047619048
voltaire-sophonisbe,Sophonisbe,Tragedy,"#actor, #sophonisbe, #phaedime, #massinisse, #lelie, #alamar, #scipion, #syphax",8,,,0.4642857142857143,3,0.5791666666666667,0.42857142857142855,3,0.4583333333333333,0.42857142857142855,3,0.55,0.4642857142857143,3,0.5791666666666667,0.32142857142857145,3,0.30833333333333335,0.4642857142857143,3,0.5791666666666667
voltaire-tancrede,Tancrède,Tragedy,"#tancrede, #armenaide, #argire, #loredan, #catane, #orbassan, #aldamon, #fanie",8,,,0.7142857142857143,2,0.8797619047619047,0.7142857142857143,2,0.8797619047619047,0.6785714285714286,2,0.8428571428571429,0.7142857142857143,2,0.8797619047619047,0.6071428571428571,3,0.7208333333333333,0.7142857142857143,2,0.8797619047619047
voltaire-tanis-zelide,Tanis et Zélide,Tragedy,"#choeur, #phanor, #le-choeur-des-bergeres, #oroes, #tanis, #mages, #bergere, #le-pretre-d-isis, #cleofis, #zelide, #berger, #le-choeur-des-bergers, #grand-choeur, #panope, #bergers, #osiris, #isis, #choeur-mages",18,,,0.2875816993464052,3,0.6564238230904897,0.4230769230769231,3,0.7349261849261849,0.27205882352941174,3,0.5942577030812325,0.29411764705882354,3,0.6612906701141995,0.3014705882352941,3,0.6473389355742297,0.2875816993464052,3,0.6564238230904897
voltaire-zaire,Zaïre,Tragedy,"#zaïre, #orosmane, #l-esclave, #lusignan, #chatillon, #fatime, #meledor, #nerestan, #corasmin",9,,,0.5833333333333334,3,0.7132275132275132,0.6190476190476191,2,0.6904761904761905,0.5833333333333334,3,0.7132275132275132,0.7142857142857143,2,0.8357142857142857,0.6071428571428571,3,0.6083333333333334,0.5833333333333334,3,0.7132275132275132
voltaire-zulime,Zulime,Tragedy,"#ramire, #zulime, #atide, #idamore, #serame, #benassar, #mohadir",7,,,0.6666666666666666,2,0.819047619047619,0.6666666666666666,2,0.819047619047619,0.6666666666666666,2,0.819047619047619,0.8,2,0.8444444444444444,0.5714285714285714,2,0.7952380952380952,0.6666666666666666,2,0.819047619047619
thibouville-thelamire,Thélamire,Tragedy,"#elismene, #amintas, #lictimen, #barsine, #licas, #thelamire, #philax",7,,,0.38095238095238093,3,0.2857142857142857,0.38095238095238093,3,0.2857142857142857,0.3333333333333333,4,0.21428571428571427,0.3333333333333333,3,0.11904761904761904,0.4666666666666667,3,0.38888888888888884,0.38095238095238093,3,0.2857142857142857
aure-dipne,"Dipné, Infante D'Irlande. Tragédie",Tragedy,"#gerberne, #trophime, #ambrokele, #mogale, #antelme, #indulphe, #nearque, #premier-larron, #second-larron, #argante, #armide, #le-roi, #dipne, #lugtace, #gelase",15,,,0.4857142857142857,3,0.7199470899470899,0.44761904761904764,3,0.7097883597883599,0.4835164835164835,3,0.7687074829931972,0.37142857142857144,4,0.8471957671957672,0.41904761904761906,4,0.7922222222222222,0.4857142857142857,3,0.7199470899470899
aure-genevieve-69,Geneviève ou L'Innocence Reconnue Tragédie Chrétienne,Tragedy,"#golo, #leris, #genevieve, #orismond, #cleon, #lisandre, #benoni, #sifroy, #siroy",9,,,0.6111111111111112,2,0.717989417989418,0.5833333333333334,2,0.7481481481481481,0.5833333333333334,2,0.7148148148148148,0.5555555555555556,2,0.6687830687830688,0.5714285714285714,2,0.8202380952380952,0.6111111111111112,2,0.717989417989418
aure-genevieve-70,Geneviève ou L'Innocence Reconnue Tragédie,Tragedy,"#henry, #germaine, #sifroy, #gertrude, #othon, #clotilde, #benoni, #rodolphe, #genevieve, #l-ambassadeur, #golo, #la-vierge",12,,,0.7272727272727273,3,0.8430555555555556,0.8545454545454545,2,0.9373737373737374,0.7121212121212122,3,0.829563492063492,0.6818181818181818,3,0.8166666666666668,0.3333333333333333,2,0.5773809523809524,0.7272727272727273,3,0.8430555555555556
