name,id,wikidataId,firstAuthor,numOfCoAuthors,title,subtitle,normalizedGenre,digitalSource,originalSourcePublisher,originalSourcePubPlace,originalSourceYear,originalSourceNumberOfPages,yearNormalized,size,libretto,averageClustering,density,averagePathLength,maxDegreeIds,averageDegree,diameter,datePremiered,yearPremiered,yearPrinted,maxDegree,numOfSpeakers,numOfSpeakersFemale,numOfSpeakersMale,numOfSpeakersUnknown,numOfPersonGroups,numConnectedComponents,numEdges,yearWritten,numOfSegments,wikipediaLinkCount,numOfActs,numOfScenes,wordCountText,wordCountSp,wordCountStage,numOfP,numOfL
"achat-ein-april-scherz","ger000637","Q121463020","Achat","0","Ein April-Scherz","Original-Lustspiel in einem Akt","Comedy","https://books.google.com/books?id=qHNIAQAAMAAJ&pg=PA45","Vereins-Buchhandlung","Berlin","1842","30","1842","6","false","0.8444444444444444","0.8","1.2","fraeulein|rittmeister","4","2","","","1842","5","6","3","3","0","0","1","12","","22","0","0","22","6888","6681","411","518","0"
"adolph-am-ersten-mai","ger000569","Q111795417","Adolph","0","Am ersten Mai","Eine Tragikomödie der Arbeit aus Friedenstagen","","https://www.projekt-gutenberg.org/adolph/am1mai/index.html","","","","","1919","7","false","0.738095238095238","0.6190476190476191","1.380952380952381","mieter","3.7142857142857144","2","","1920","1919","6","7","2","5","0","0","1","13","","18","0","0","18","7696","7438","998","244","2"
"alberti-brot","ger000171","Q51370104","Alberti","0","Brot!","Ein soziales Schauspiel in fünf Akten","","http://www.textgridrep.org/textgrid:jkjf.0","","","","","1888","49","false","0.8497673123239153","0.3129251700680272","1.751700680272109","muenzer","15.020408163265307","3","","","1888","40","49","7","24","18","21","1","368","1888","36","0","5","36","28744","26008","1771","797","12"
"alberti-im-suff","ger000041","Q51370930","Alberti","0","Im Suff","Naturalistische Spital-Katastrophe in zwei Vorgängen und einem Nachgang","","http://www.textgridrep.org/textgrid:jkjb.0","","","","","1890","14","false","0.9642857142857143","0.5274725274725275","1.0588235294117647","several characters","6.857142857142857","2","","","1890","9","14","3","10","1","1","2","48","","4","0","0","4","12497","11454","4016","365","191"
"albrecht-theresgen","ger000753","Q137543102","Albrecht","0","Theresgen","Ein Schauspiel mit Gesang, in fünf Aufzügen","","https://doi.org/10.25673/77937","Albrecht","Erfurt","1781","112","1781","6","false","1","1","1","several characters","5","1","","","1781","5","6","2","4","0","0","1","15","","5","0","5","0","12336","12181","578","390","277"
"alexander-die-verpfaendung","ger000630","Q120646668","Alexander","0","Die Verpfändung","Ein Schauspiel in einem Aufzuge","","https://books.google.com/books?id=3GxUAAAAcAAJ&printsec=frontcover","Neumann","Brünn","1779","45","1779","13","false","0.6554945054945056","0.46153846153846156","1.6282051282051282","robert","5.538461538461538","3","","","1779","10","13","2","11","0","0","1","36","","15","0","0","15","6667","6295","740","197","0"
"andre-cremeri-die-leiden-des-jungen-werthers","ger000731","Q134706903","André","1","Die Leiden des Jungen Werthers","Ein Trauerspiel in drey Aufzügen, fürs deutsche Theater. ganz aus dem Original gezogen","Tragedy","https://books.google.com/books?id=BbxWAAAAcAAJ&printsec=frontcover","Garbe","Frankfurt am Mayn","1776","62","1776","8","false","0.7797619047619047","0.42857142857142855","1.5714285714285714","werther","3","2","","","1776","7","8","3","5","0","0","1","12","","18","0","3","18","7253","6570","1316","184","0"
"andre-der-comoedienfeind","ger000525","Q105436023","André","0","Der Comödienfeind","Ein Lustspiel in einem Aufzuge","Comedy","https://books.google.com/books?id=hOtRhHivrfQC&printsec=frontcover","Weiß","Offenbach am Mayn","1765","48","1765","6","false","1","1","1","several characters","5","1","","","1765","5","6","2","4","0","0","1","15","","9","0","0","9","5712","5614","552","225","0"
"angely-prinz-tu-ta-tu","ger000576","Q111976082","Angely","0","Prinz Tu-Ta-Tu","Burleske mit Gesang nach Sauvage","Comedy","https://de.wikisource.org/wiki/Prinz_Tu-Ta-Tu","Magazin für Buchhandel, Musik und Kunst","Hamburg","1836","53","1835","8","false","0.8904761904761905","0.8214285714285714","1.1785714285714286","chor_volk|gululi","5.75","2","1835-11-25","1835","1836","7","8","1","6","1","1","1","23","","13","0","0","13","7873","7416","894","342","124"
"anonym-amalie-und-charlotte-baronessen-von-habenichts","ger000639","Q121592940","(Anonym)","0","Amalie und Charlotte Baronessen von Habenichts: oder die ungleichen Schwestern","Ein deutsches Lustspiel von einer Handlung","Comedy","https://haab-digital.klassik-stiftung.de/viewer/resolver?urn=urn:nbn:de:gbv:32-1-10003508625","Friedrich Lankischens Erben","Frankfurt und Leipzig","1754","45","1754","11","false","0.767027417027417","0.5636363636363636","1.4363636363636363","amalie","5.636363636363637","2","","","1754","10","11","4","7","0","0","1","31","","21","0","0","21","8573","8336","480","252","7"
"anonym-das-ehrenmaal-des-patrioten","ger000642","Q121699218","(Anonym)","0","Das Ehrenmaal des Patrioten","Singspiel","","https://books.google.com/books?id=6A5SAAAAcAAJ&printsec=frontcover","","München","1774","12","1774","6","false","1","1","1","several characters","5","1","1774-09-05","1774","1774","5","6","0","2","4","2","1","15","","1","0","0","1","1191","986","9","0","182"
"anonym-das-lustlager","ger000631","Q120648353","(Anonym)","0","Das Lustlager","Schauspiel in einer Handlung","","https://books.google.com/books?id=71RZAAAAcAAJ&printsec=frontcover","","Frankfurt und Leipzig","1778","62","1778","11","false","0.8685425685425685","0.7818181818181819","1.2181818181818183","rittmeister|friedrich_friederich","7.818181818181818","2","","","1778","10","11","4","7","0","0","1","43","","17","0","0","17","5395","5249","73","367","0"
"anonym-das-muenchner-spiel-vom-sterbenden-menschen","ger000698","Q125345502","(Anonym)","0","Das Münchner Spiel vom sterbenden Menschen","","","http://www.textgridrep.org/textgrid:jnhn.0","Hiersemann","Leipzig","1927","61","1510","31","false","1","1","1","several characters","30","1","","","1510","30","31","1","19","12","9","1","465","","1","0","0","1","15681","15072","1128","0","1848"
"anonym-das-urtheil-des-paris","ger000624","Q119779327","(Anonym)","0","Das Urtheil des Paris","Ein Musicalisches Schäfer-Spiel in einer Handlung","","https://de.wikisource.org/wiki/Das_Urtheil_des_Paris","Haude und Spener","Berlin","1752","37","1752","6","false","1","1","1","several characters","5","1","","","1752","5","6","3","3","0","0","1","15","","6","0","0","6","1969","1454","107","0","228"
"anonym-der-berliner-kuckkastenmann","ger000737","Q135336374","(Anonym)","0","Der Berliner Kuckkastenmann","Scherzhafte Posse in einem Act. Herausgegeben von einem Berliner","Comedy","https://resolver.staatsbibliothek-berlin.de/SBB00038B7600000000","Fürst","Nordhausen","1836","22","1836","3","false","1","1","1","kuckkastenmann|erster_strassenjunge|zweiter_strassenjunge","2","1","","","1836","2","3","0","3","0","0","1","3","","2","0","0","2","3489","3443","107","93","0"
"anonym-der-deutsche-student","ger000588","Q112943724","(Anonym)","0","Der deutsche Student","Ein Trauerspiel in fünf Aufzügen","Tragedy","https://books.google.com/books?id=F7XPW3ReAeIC&printsec=frontcover","Lemke","Lüneburg","1779","48","1779","20","false","0.6426862026862027","0.17894736842105263","1.9155844155844155","waker","3.4","3","","","1779","14","20","3","17","0","1","2","34","","25","0","5","25","5452","5182","310","190","7"
"anonym-der-gerettete-selbstmoerder","ger000748","Q136402563","(Anonym)","0","Der Gerettete Selbstmörder","Ein Schauspiel einem Aufzuge","","https://books.google.com/books?id=k1JZAAAAcAAJ&printsec=frontcover","Buchhandlung der Gelehrten","Dessau und Leipzig","1783","48","1783","8","false","0.7821428571428571","0.6428571428571429","1.3571428571428572","jacob","4.5","2","","","1783","7","8","2","6","0","0","1","18","","11","0","0","11","7939","7781","915","166","0"
"anonym-der-von-der-liebe-betrogene-philosoph","ger000682","Q124791412","(Anonym)","0","Der von der Liebe betrogene Philosoph","Ein Lustspiel von einem Aufzuge aus dem Französischen des Herrn Saintfoix übersezt","Comedy","https://books.google.com/books?id=EBtaAAAAcAAJ&printsec=frontcover","Monath","Frankfurt und Leipzig","1750","40","1750","6","false","1","1","1","several characters","5","1","","","1750","5","6","3","3","0","0","1","15","","21","0","0","21","8264","7962","527","258","12"
"anonym-die-gedruckten-theater-regeln","ger000663","Q124042831","(Anonym)","0","Die gedruckten Theater-Regeln, oder: Welcher Stand ist beßer?","Ein höchst nöthiger Versuch in einem Aufzuge von ***","","https://books.google.com/books?id=hgYRSaGmi1EC&printsec=frontcover","","","1779","51","1779","8","false","0.7773809523809525","0.7142857142857143","1.2857142857142858","sternfreund","5","2","","","1779","7","8","2","6","0","0","1","20","","13","0","0","13","6991","6682","136","177","0"
"anonym-die-gespenster","ger000640","Q121599107","(Anonym)","0","Die Gespenster","Funfzehntes Sprüchwort","","https://books.google.com/books?id=Ob1CAQAAMAAJ&pg=PA187","Himburg","Berlin","1775","18","1770","4","false","1","1","1","several characters","3","1","","","1770","3","4","1","3","0","0","1","6","","9","0","0","9","2956","2807","150","86","0"
"anonym-die-glueckliche-ueberschwemmung","ger000773","Q140032758","(Anonym)","0","Die glückliche Ueberschwemmung","Ein ländliches Schauspiel in einem Aufzuge","","https://books.google.com/books?id=ZumtSnlN66YC&printsec=frontcover","Kummer","Leipzig","1799","60","1799","7","false","1","1","1","several characters","6","1","","","1799","6","7","2","5","0","0","1","21","","14","0","0","14","7645","7454","568","126","0"
"anonym-die-grands-von-frankreich-in-ihrer-wahren-gestalt","ger000667","Q124262137","(Anonym)","0","Die Grands von Frankreich in ihrer wahren Gestalt","Ein Banditenspiel in einem Act","","https://books.google.com/books?id=AO5YAAAAcAAJ&pg=PA1","Basse","Quedlinburg","1814","38","1814","18","false","0.7670958670958671","0.35294117647058826","1.7973856209150327","ein_chor_hinter_der_buehne","6","4","","","1814","14","18","1","17","0","2","1","54","","6","0","0","6","2524","2427","356","0","283"
"anonym-die-mainzer-illuminaten","ger000744","Q136277191","(Anonym)","0","Die mainzer Illuminaten","Ein tragi-komisches Schauspiel in hundert Aufzügen","","https://doi.org/10.3931/e-rara-26090","","","1793","16","1793","42","false","0.5873015873015872","0.11962833914053426","1.0810810810810811","several characters","4.904761904761905","3","","","1793","12","42","10","32","0","6","11","103","","22","0","4","22","14724","14437","631","289","0"
"anonym-die-verhandelte-braut","ger000657","Q123764926","(Anonym)","0","Die verhandelte Braut","Ein Lustspiel in einem Aufzuge","Comedy","https://books.google.com/books?id=ezRJAAAAcAAJ&printsec=frontcover","Rüdiger","Berlin, Stettin und Leipzig","1760","19","1760","7","false","1","1","1","several characters","6","1","","","1760","6","7","3","4","0","0","1","21","","8","0","0","8","2563","2495","60","118","0"
"anonym-die-weiber-list","ger000661","Q123991581","(Anonym)","0","Die Weiber-List","Ein Lustspiel in einer Handlung","Comedy","https://books.google.com/books?id=eDFJAAAAcAAJ&printsec=frontcover","","Frankfurt und Leipzig","1753","24","1743","5","false","0.8666666666666666","0.8","1.2","frau_steffen|cathrine","3.2","2","","","1743","4","5","2","3","0","0","1","8","","16","0","0","16","4031","3866","170","0","366"
"anonym-emilie-oder-die-philosophisch-verliebten","ger000634","Q121344428","(Anonym)","0","Emilie oder die Philosophisch-Verliebten","Ein Lustspiel von einem Aufzuge","Comedy","https://books.google.com/books?id=ZMMcQO90oRgC&printsec=frontcover","Holle","Leipzig","1770","88","1770","6","false","0.9333333333333335","0.9333333333333333","1.0666666666666667","several characters","4.666666666666667","2","","","1770","5","6","3","3","0","0","1","14","","20","0","0","20","12903","12747","206","367","0"
"anzengruber-das-vierte-gebot","ger000129","Q1171707","Anzengruber","0","Das vierte Gebot","Volksstück in vier Akten","","http://www.textgridrep.org/textgrid:jn5z.0","","","","","1877","32","false","0.7734991961858381","0.2903225806451613","1.8528225806451613","martin","9","4","","1877","1878","24","32","8","23","1","1","1","144","","40","1","4","40","19774","18773","4092","780","0"
"anzengruber-der-gwissenswurm","ger000120","Q1194083","Anzengruber","0","Der Gwissenswurm","Bauernkomödie mit Gesang in drei Akten","Comedy","http://www.textgridrep.org/textgrid:jn6k.0","","","","","1874","15","false","0.785218855218855","0.4","1.4683544303797469","dusterer","5.6","2","","1874","1874","12","15","5","9","1","3","2","42","","34","1","3","34","17114","16392","2269","640","124"
"anzengruber-der-meineidbauer","ger000054","Q1195757","Anzengruber","0","Der Meineidbauer","Volksstück mit Gesang in drei Akten","","http://www.textgridrep.org/textgrid:jn65.0","","","","","1871","22","false","0.8339703226066862","0.2597402597402597","2.038961038961039","vroni","5.454545454545454","4","1871-12-09","1871","1871","14","22","10","12","0","0","1","60","","26","1","3","26","24566","23650","2756","556","73"
"anzengruber-der-pfarrer-von-kirchfeld","ger000337","Q5261190","Anzengruber","0","Der Pfarrer von Kirchfeld","Volksstück mit Gesang in vier Akten","","http://www.textgridrep.org/textgrid:jn73.0","Cotta","Stuttgart","1898","98","1870","22","false","0.778463455736183","0.4025974025974026","1.748917748917749","schulmeister","8.454545454545455","3","","1870","1871","18","22","3","14","5","8","1","93","1869","26","1","4","26","22589","21372","2473","626","68"
"anzengruber-die-kreuzelschreiber","ger000304","Q1214035","Anzengruber","0","Die Kreuzelschreiber","Bauernkomödie mit Gesang in drei Akten","Comedy","http://www.textgridrep.org/textgrid:jn6f.0","","","","","1872","23","false","0.8438809459337119","0.5770750988142292","1.5256916996047432","steinklopferhanns","12.695652173913043","3","","1872","1872","20","23","5","14","4","6","1","146","","23","1","3","23","18895","17819","3830","651","237"
"anzengruber-heimgfunden","ger000039","Q51371015","Anzengruber","0","Heimg'funden","Wiener Weihnachtskomödie in drei Akten","Comedy","http://www.textgridrep.org/textgrid:jn6r.0","Cotta","Stuttgart","1898","124","1885","30","false","0.8429579951638774","0.3103448275862069","2.0344827586206895","thomas","9","3","","1885","1885","17","30","9","17","4","5","1","135","1884/1885","36","1","3","36","26742","25733","4313","869","34"
"arnim-das-loch","ger000407","Q51529377","Arnim","0","Das Loch oder Das wiedergefundene Paradies","Ein Schattenspiel","","http://www.textgridrep.org/textgrid:k7f7.0","","","","","1811","22","false","0.8504138018843901","0.3593073593073593","1.7532467532467533","esel","7.545454545454546","3","","1811","1813","18","22","1","6","15","5","1","83","1811","17","1","2","17","6781","5934","246","1","811"
"arnim-halle","ger000301","Q52770871","Arnim","0","Halle","Ein Studentenspiel in drei Aufzügen","","http://www.textgridrep.org/textgrid:k77x.0","","","","","1811","81","false","0.8810611079095318","0.145679012345679","2.022530864197531","cardenio","11.654320987654321","4","","","1811","61","81","14","57","10","19","1","472","","49","1","3","49","47644","46628","2565","1179","906"
"arnim-jerusalem","ger000195","Q52770963","Arnim","0","Jerusalem","Ein Pilgerabenteuer","","http://www.textgridrep.org/textgrid:k59h.0","","","","","1811","72","false","0.8949685978800663","0.20852895148669798","1.8507005253940456","sidney","14.805555555555555","3","","","1811","52","72","15","50","7","16","2","533","","13","1","0","13","29244","28803","1725","784","866"
"arnim-marino-caboga","ger000270","Q52320710","Arnim","0","Marino Caboga","Dramatische Erzählung in drei Handlungen","","http://www.textgridrep.org/textgrid:k4xx.0","","","","","1826","22","false","0.805738937704882","0.6017316017316018","1.2722513089005236","several characters","12.636363636363637","2","","","1826","19","22","2","15","5","5","2","139","","4","0","3","0","15415","15265","716","331","191"
"auenbrugger-der-rauchfangkehrer","ger000193","Q913519","Auenbrugger","0","Der Rauchfangkehrer oder Die unentbehrlichen Verräther ihrer Herrschaften aus Eigennutz","Ein musikalisches Lustspiel in drey Aufzügen","Comedy","http://www.textgridrep.org/textgrid:k8cn.0","","","","","1781","20","false","0.8268016297428062","0.45263157894736844","1.5947368421052632","herr_von_baer","8.6","3","","1781","","18","20","6","10","4","4","1","86","","50","5","3","50","15982","14885","3191","652","430"
"auffenberg-der-loewe-von-kurdistan","ger000675","Q124340532","Auffenberg","0","Der Löwe von Kurdistan","Ein romantisches Schauspiel in fünf Acten. Nach W. Scott's Talisman bearbeitet","","https://books.google.com/books?id=NbpIAQAAMAAJ&printsec=frontcover","Etlinger","Würzburg","1827","155","1826","19","false","0.8262493354598618","0.4093567251461988","1.7076023391812865","richard","7.368421052631579","3","1826-12-17","1826","1827","16","19","4","15","0","3","1","70","","32","0","5","32","22972","20518","3390","0","2619"
"avenarius-faust","ger000278","Q51371132","Avenarius","0","Faust","Ein Spiel","","http://www.textgridrep.org/textgrid:k936.0","","","","","1919","95","false","0.9516021045030356","0.148488241881299","1.81531393568147","faust","13.957894736842105","3","","","1919","77","95","6","79","10","12","2","663","","12","1","5","8","26474","25654","3543","94","3008"
"ayrenhoff-der-postzug","ger000211","Q52692254","Ayrenhoff","0","Der Postzug oder die noblen Passionen","Ein Lustspiel in zween Aufzügen","Comedy","http://www.textgridrep.org/textgrid:k93g.0","","","","","1769","11","false","0.8207792207792209","0.7636363636363637","1.2363636363636363","die_baroninn","7.636363636363637","2","","","1769","10","11","3","8","0","0","1","42","","28","0","2","28","14084","13700","583","725","0"
"ayrenhoff-virginia","ger000282","Q51529492","Ayrenhoff","0","Virginia oder Das abgeschaffte Decemvirat","Trauerspiel in vier Aufzügen","Tragedy","http://www.textgridrep.org/textgrid:k93c.0","","","","","1790","21","false","0.8257055502853822","0.48095238095238096","1.5380952380952382","quintus|ruffus","9.619047619047619","3","","","1790","18","21","3","9","9","9","1","101","","29","0","4","29","16583","15031","908","0","2247"
"ayrer-comedia-von-der-schoenen-sidea","ger000693","Q110988080","Ayrer","0","Comedia von der schönen Sidea, wie es ihr biss zu jrer Verheüratung ergangen","Mit 16 Personen vnd hat 5 Actus","Comedy","http://www.textgridrep.org/textgrid:k93v.0","Litterarischer Verein","Stuttgart","1865","48","1605","15","false","0.9049062049062049","0.8380952380952381","1.161904761904762","jahn_molitor|ludolff|sidea","11.733333333333333","2","","","1618","14","15","4","11","0","0","1","88","1595/1605","6","0","4","1","10165","9148","1545","0","1304"
"ayrer-comedia-von-zweyen-bruedern-auss-syracusa","ger000695","Q125256179","Ayrer","0","Comedia von zweyen Brüdern auss Syracusa","Mit 14 Personen, vnd hat 5 Actus","Comedy","http://www.textgridrep.org/textgrid:k93r.0","Litterarischer Verein","Stuttgart","1865","43","1605","15","false","0.8660657860657861","0.6","1.4","jahn_panser","8.4","2","","","1618","14","15","3","12","0","0","1","63","1595/1605","6","0","5","0","8842","8402","1023","0","1170"
"ayrer-fassnachtspil-wie-einem-weib-jhr-eygener-mann","ger000696","Q125264374","Ayrer","0","Fassnachtspil, wie einem Weib jhr eygener Mann vnwissenter Ding verkuppelt wird","Mit 14 Personen, vnd hat 5 Actus","Comedy","http://www.textgridrep.org/textgrid:k940.0","Litterarischer Verein","Stuttgart","1865","18","1605","4","false","1","1","1","several characters","3","1","","","1618","3","4","2","2","0","0","1","6","1595/1605","1","0","0","1","3721","3542","283","0","514"
"ayrer-tragedia-thesei","ger000694","Q125171684","Ayrer","0","Tragedia Thesei des zehenten Königs zu Athen, von den vierzehen Tributkindern","Mit 41 Personen, hat 8 Actus","Tragedy","http://www.textgridrep.org/textgrid:k942.0","Litterarischer Verein","Stuttgart","1865","97","1605","42","false","0.844474790220669","0.5319396051103368","1.4680603948896631","several characters","21.80952380952381","2","","","1618","38","42","10","30","2","1","1","458","1595/1605","9","0","8","0","20181","18994","1917","0","2927"
"babo-arno","ger000632","Q120690462","Babo","0","Arno","Ein militärisches Drama in zween Aufzügen","","https://books.google.com/books?id=bdQoChlz2fYC&printsec=frontcover","","Frankfurt und Leipzig","1776","62","1776","9","false","0.8597883597883598","0.75","1.25","arno|schrink","6","2","1777-05-29","1777","1776","8","9","0","9","0","0","1","27","","22","0","2","22","8055","7405","1062","341","0"
"babo-das-fraeulein-wohlerzogen","ger000643","Q122168239","Babo","0","Das Fräulein Wohlerzogen","Ein Lustspiel in drei Aufzügen. Ein Sittengemälde aus München","Comedy","https://books.google.com/books?id=CBxaAAAAcAAJ&printsec=frontcover","Strobl","","1783","71","1783","8","false","0.8761904761904762","0.7857142857142857","1.2142857142857142","frau_klipper|zoller|klipper","5.5","2","","","1783","7","8","3","5","0","0","1","22","","21","0","3","21","8880","8694","432","383","0"
"babo-das-winterquartier-in-amerika","ger000629","Q120492077","Babo","0","Das Winterquartier in Amerika","Ein Original-Lustspiel in einem Aufzug","Comedy","https://books.google.com/books?id=sBtYAAAAcAAJ&printsec=frontcover","(ohne Verlag)","Mannheim","1778","50","1778","6","false","0.9","0.8666666666666667","1.1333333333333333","frank|von_bernau|wilhelmine","4.333333333333333","2","1778-04-20","1778","1778","5","6","1","5","0","0","1","13","","17","0","0","17","5680","5530","495","274","0"
"babo-die-maler","ger000618","Q119144422","Babo","0","Die Maler","Ein Lustspiel","Comedy","https://books.google.com/books?id=NPU6AAAAcAAJ&printsec=frontcover","Strobl","München","1783","62","1782","6","false","0.8444444444444444","0.8","1.2","glimour|ebrecht","4","2","1782-11-15","1782","1783","5","6","2","4","0","0","1","12","","12","0","0","12","6687","6576","469","245","0"
"baeuerle-die-buerger-in-wien","ger000355","Q35984744","Bäuerle","0","Die Bürger in Wien","Lokale Posse in drei Akten","Comedy","http://www.textgridrep.org/textgrid:kd4c.0","","","","","1813","19","false","0.8571968193485222","0.5321637426900585","1.4678362573099415","staberl","9.578947368421053","2","","1813","1820","18","19","4","13","2","2","1","91","","50","2","3","50","16210","15686","1204","642","52"
"baeuerle-doktor-fausts-mantel","ger000216","Q36157957","Bäuerle","0","Doktor Faust's Mantel","Ein Zauberspiel mit Gesang in zwey Acten","","http://www.textgridrep.org/textgrid:kd4g.0","","","","","1817","27","false","0.7276554237338551","0.2792022792022792","1.8061538461538462","winter","7.2592592592592595","3","","1817","1819","21","27","5","16","6","8","2","98","","52","1","2","52","17651","16564","2683","602","259"
"baggesen-der-vollendete-faust","ger000555","Q1199802","Baggesen","0","Der vollendete Faust oder Romanien in Jauer","Ein dramatisches Gedicht in drei Abtheilungen","Comedy","http://www.textgridrep.org/textgrid:kcj3.0","","","","","1808","162","false","0.8597502474230897","0.09899547580707001","2.647007322508755","hans_wurst_echo","15.938271604938272","5","","","1836","62","162","24","133","5","48","2","1291","1808","101","1","12","93","49232","46491","5946","212","6461"
"bahr-das-konzert","ger000565","Q1169375","Bahr","0","Das Konzert","Lustspiel in drei Akten","Comedy","https://www.projekt-gutenberg.org/bahr/konzert/index.html","","","","","1909","16","false","0.9156593406593406","0.725","1.275","heink|marie|jura","10.875","2","","1909","1909","15","16","11","4","1","0","1","87","","3","2","3","0","38328","37703","11390","1727","0"
"bahr-das-phantom","ger000622","Q119807887","Bahr","0","Das Phantom","Komödie in drei Akten","Comedy","https://www.deutschestextarchiv.de/bahr_phantom_1913","S. Fischer","Berlin","1913","151","1913","11","false","0.8665223665223665","0.6363636363636364","1.3636363636363635","fidelis","6.363636363636363","2","1913-12-04","1913","1913","10","11","4","7","0","0","1","35","","3","0","3","0","31749","30959","10806","1315","0"
"ball-die-nase-des-michelangelo","ger000075","Q52692376","Ball","0","Die Nase des Michelangelo","Tragikomödie","Tragicomedy","http://www.textgridrep.org/textgrid:12675.0","","","","","1911","11","false","0.8632034632034632","0.6181818181818182","1.3818181818181818","michelangelo|torrigiano","6.181818181818182","2","","","1911","10","11","0","9","2","2","1","34","1908","4","0","0","4","10466","10408","519","0","1374"
"barlach-der-blaue-boll","ger000540","Q1198365","Barlach","0","Der blaue Boll","Drama","","https://www.projekt-gutenberg.org/barlach/blauboll/index.html","Cassirer","Berlin","1926","122","1926","22","false","0.8803366568072449","0.44155844155844154","1.6233766233766234","grete","9.272727272727273","3","","1926","1926","18","22","4","18","0","0","1","102","1924/1926","7","1","0","7","21518","20724","1997","763","0"
"bauernfeld-buergerlich-und-romantisch","ger000027","Q52086398","Bauernfeld","0","Bürgerlich und Romantisch","Lustspiel in vier Akten","Comedy","http://www.textgridrep.org/textgrid:kd4z.0","","","","","1835","13","false","0.7429181929181929","0.5256410256410257","1.5384615384615385","sittig|baron","6.3076923076923075","3","","1835","1837","10","13","5","8","0","0","1","41","1835","51","0","4","51","18089","17502","1016","1156","9"
"bauernfeld-grossjaehrig","ger000134","Q52085986","Bauernfeld","0","Großjährig","Lustspiel in zwei Aufzügen","Comedy","http://www.textgridrep.org/textgrid:kd4v.0","","","","","1846","7","false","0.9238095238095239","0.8095238095238095","1.1904761904761905","hermann|spitz","4.857142857142857","2","","1846","1846","6","7","2","5","0","0","1","17","","25","0","2","25","13163","12861","1317","874","0"
"bauernfeld-industrie-und-herz","ger000185","Q52084700","Bauernfeld","0","Industrie und Herz","Lustspiel in vier Aufzügen","Comedy","http://www.textgridrep.org/textgrid:kd4r.0","","","","","1842","12","false","0.8152777777777778","0.3787878787878788","1.7727272727272727","hermine","4.166666666666667","3","","1842","1847","9","12","1","11","0","1","1","25","","38","0","4","38","14813","14347","1221","771","0"
"beer-der-paria","ger000455","Q52791146","Beer","0","Der Paria","Trauerspiel in einem Aufzuge","Tragedy","http://www.textgridrep.org/textgrid:kjfg.0","","","","","1823","10","false","0.6157142857142857","0.4444444444444444","1.6222222222222222","benascar","4","3","","1823","1826","8","10","1","6","3","3","1","20","","13","1","0","13","6693","6459","674","0","892"
"beer-struensee","ger000090","Q52885029","Beer","0","Struensee","Trauerspiel in fünf Aufzügen","Tragedy","http://www.textgridrep.org/textgrid:kjfc.0","","","","","1828","57","false","0.8183610716648032","0.12280701754385964","2.6467065868263475","ranzau","6.87719298245614","5","1828-03-27","1828","1829","19","57","6","48","3","0","2","196","1827","65","0","5","65","32518","31057","2763","136","3779"
"beil-dieterich-von-ruben","ger000755","Q137686132","Beil","0","Dieterich von Ruben","Ein Lustspiel in einem Aufzuge","Comedy","https://books.google.com/books?id=soFHAAAAcAAJ&printsec=frontcover","Hof- und Akademische Buchhandlung","Mannheim","1786","43","1786","6","false","0.9","0.8","1.2","major|raupe","4","2","","","1786","5","6","1","5","0","0","1","12","","9","0","0","9","5816","5534","601","315","0"
"benedix-das-bemooste-haupt","ger000499","Q94691831","Benedix","0","Das bemooste Haupt oder Der lange Israël","Schauspiel in vier Aufzügen","","https://de.wikisource.org/wiki/Das_bemooste_Haupt_oder_Der_lange_Israël","Weber","Leipzig","1846","93","1839","15","false","0.8685551485551486","0.5428571428571428","1.457142857142857","strobel","7.6","2","1839-01-18","1839","1840","14","15","3","12","0","0","1","57","1838","46","1","9","46","17502","16959","1525","857","20"
"benedix-die-hochzeitsreise","ger000035","Q52777122","Benedix","0","Die Hochzeitsreise","Lustspiel in zwei Aufzügen","Comedy","http://www.textgridrep.org/textgrid:kjg2.0","","","","","1850","5","false","0.8666666666666666","0.8","1.2","edmund|hahnensporn","3.2","2","","1850","1853","4","5","2","3","0","0","1","8","1849","10","0","2","10","11130","10989","1557","510","0"
"benedix-die-luegnerin","ger000354","Q52785236","Benedix","0","Die Lügnerin","Lustspiel in einem Aufzuge","Comedy","http://www.textgridrep.org/textgrid:kjfz.0","","","","","1849","8","false","0.9404761904761905","0.8214285714285714","1.1785714285714286","constanze|moritz","5.75","2","","1849","1851","7","8","3","5","0","0","1","23","1848","8","0","0","8","6464","6302","708","360","0"
"benedix-doctor-wespe","ger000502","Q99458552","Benedix","0","Doctor Wespe","Lustspiel in fünf Aufzügen","Comedy","https://books.google.com/books?id=9_1_hF3PeTsC&pg=PA159","Weber","Leipzig","1865","130","1842","12","false","0.8151455026455027","0.6666666666666666","1.3484848484848484","thekla|theudelinde","7.333333333333333","3","1842-10-03","1842","1844","10","12","5","7","0","0","1","44","1841","51","1","9","51","23310","22847","1656","1326","25"
"benedix-eigensinn","ger000720","Q133263257","Benedix","0","Eigensinn","Lustspiel in einem Aufzuge","Comedy","https://books.google.com/books?id=gCxYhq9eqQ4C&pg=PA119","Weber","Leipzig","1849","32","1847","6","false","1","1","1","several characters","5","1","","1847","1849","5","6","3","3","0","0","1","15","","6","0","0","6","5322","5168","1150","352","0"
"benedix-johanna-sebus","ger000721","Q133258186","Benedix","0","Johanna Sebus","Drama in 1 Akt","","https://resolver.staatsbibliothek-berlin.de/SBB0003846400000000","Char","Cleve","1835","28","1835","13","false","0.7838827838827839","0.3076923076923077","1.5476190476190477","schmuggler","3.6923076923076925","3","","","1835","7","13","3","9","1","1","2","24","","23","0","0","23","6986","6677","455","252","16"
"benedix-unerschuetterlich","ger000651","Q123168591","Benedix","0","Unerschütterlich","Vorspiel in einem Aufzuge","","https://de.wikisource.org/wiki/Unerschütterlich","Weber","Leipzig","1848","22","1847","4","false","1","1","1","several characters","3","1","1847-07-25","1847","1848","3","4","2","2","0","0","1","6","1845","7","0","0","7","3717","3638","354","243","0"
"benkowitz-die-jubelfeier-der-hoelle","ger000314","Q52885175","Benkowitz","0","Die Jubelfeier der Hölle, oder Faust der jüngere","Ein Drama zum Anfang des neunzehnten Jahrhunderts","","http://www.textgridrep.org/textgrid:kjgc.0","","","","","1801","24","false","0.7985825517075517","0.3079710144927536","1.9202898550724639","satan","7.083333333333333","3","","","1801","17","24","4","20","0","1","1","85","","68","0","5","61","27726","26285","2623","993","7"
"berg-kalisch-berlin-wie-es-weint-und-lacht","ger000128","Q52885370","Berg","1","Berlin, wie es weint und lacht","Volksstück mit Gesang in 3 Aufzügen und 11 Bildern","","http://www.textgridrep.org/textgrid:kjgj.0","","","","","1858","35","false","0.6933825406005857","0.19663865546218487","2.0541082164328657","ferdinand","6.685714285714286","4","","1858","1858","20","35","10","22","3","0","2","117","","54","0","3","65","18624","17194","3779","636","477"
"bernard-faust","ger000242","Q1126880","Bernard","0","Faust","Große romantische Oper in drei Akten","","http://www.textgridrep.org/textgrid:kjgv.0","Breitkopf & Härtel","Leipzig","1881","62","1816","22","true","0.8004584210079567","0.4458874458874459","1.5757575757575757","chor","9.363636363636363","3","1816-09-01","1816","","19","22","7","12","3","7","1","103","","46","9","3","46","10159","9458","1945","0","1434"
"beyer-der-hausherr-in-der-klemme","ger000582","Q111939679","Beyer","0","Der Hausherr in der Klemme","Ein Spiel in Versen in einem Aufzug","Comedy","https://de.wikisource.org/wiki/Der_Hausherr_in_der_Klemme","Stage","Augsburg und Leipzig","1813","34","1813","2","false","0","1","1","der_hausherr|die_haushaelterin","1","1","","","1813","1","2","1","1","0","0","1","1","","9","0","0","9","4884","4770","472","0","438"
"bierbaum-stella-und-antonie","ger000604","Q116445875","Bierbaum","0","Stella und Antonie","Schauspiel in vier Aufzügen","","https://www.projekt-gutenberg.org/bierbaum/stelanto/index.html","Langen","München","1903","162","1903","20","false","0.8784947143499775","0.6578947368421053","1.3421052631578947","johann_christian|antonie","12.5","2","1903-09-26","1903","1903","19","20","6","13","1","3","1","125","","4","0","4","0","23474","22467","4053","708","237"
"birch-pfeiffer-die-grille","ger000599","Q116008549","Birch-Pfeiffer","0","Die Grille","Ländliches Charakterbild in fünf Aufzügen. Mit teilweiser Benutzung einer Erzählung der George Sand","","https://www.projekt-gutenberg.org/birchpf/grille/index.html","Hendel","Halle a. d. S.","1899","84","1856","18","false","0.8088454755121421","0.48366013071895425","1.5947712418300655","fanchon|didier","8.222222222222221","3","1856-12-22","1856","1856","15","18","8","9","1","2","1","74","","53","0","5","53","27269","25452","6302","792","15"
"birch-pfeiffer-die-walpurgisnacht","ger000151","Q52886267","Birch-Pfeiffer","0","Die Walpurgisnacht","Dramatisches Volksmärchen in vier Acten","","http://www.textgridrep.org/textgrid:kmdk.0","","","","","1830","26","false","0.8020790612895878","0.2","2.0553846153846154","else","5","4","","1830","1866","19","26","9","13","4","5","1","65","1827","42","0","4","42","17810","16944","3251","459","120"
"birch-pfeiffer-in-der-heimath","ger000268","Q52886301","Birch-Pfeiffer","0","In der Heimath","Original-Schauspiel in fünf Acten","","http://www.textgridrep.org/textgrid:kmdh.0","Reclam","Leipzig","1865","60","1865","18","false","0.8290388623721959","0.5294117647058824","1.522875816993464","rose","9","3","1865-02-04","1865","1865","15","18","8","10","0","0","1","81","","39","0","5","39","25246","24493","4202","861","0"
"birch-pfeiffer-johannes-gutenberg","ger000411","Q52087355","Birch-Pfeiffer","0","Johannes Gutenberg","Original-Schauspiel in drei Abtheilungen","","http://www.textgridrep.org/textgrid:kmdp.0","","","","","1835","14","false","0.6446145124716552","0.4065934065934066","1.6703296703296704","guttenberg","5.285714285714286","3","","1835","1836","10","14","5","9","0","0","1","37","1834","33","0","5","33","19071","18578","2981","359","34"
"birch-pfeiffer-mutter-und-tochter","ger000674","Q124349835","Birch-Pfeiffer","0","Mutter und Tochter","Original-Schauspiel in vier Acten","","https://books.google.com/books?id=laM7AAAAcAAJ&pg=PA177","Reclam","Leipzig","1866","125","1844","15","false","0.7904895104895105","0.5714285714285714","1.4476190476190476","ottilie","8","3","","1844","1847","13","15","8","7","0","0","1","60","1844","53","0","4","53","24785","24267","4236","803","0"
"birch-pfeiffer-pfeffer-roesel","ger000247","Q52886335","Birch-Pfeiffer","0","Pfeffer-Rösel oder Die Frankfurter Messe im Jahre 1297","Schauspiel in fünf Aufzügen","","http://www.textgridrep.org/textgrid:kmdw.0","","","","","1829","40","false","0.8337975207059822","0.41410256410256413","1.714102564102564","roesel|bandini","16.15","4","","1829","1833","32","40","6","31","3","4","1","323","","37","0","5","37","19919","18380","4849","446","18"
"birch-pfeiffer-vatersorgen","ger000092","Q52743300","Birch-Pfeiffer","0","Vatersorgen","Komisches Zeitgemälde in drei Akten","Comedy","http://www.textgridrep.org/textgrid:kmdt.0","","","","","1849","13","false","0.8634698634698635","0.5512820512820513","1.4487179487179487","krabbe|baron","6.615384615384615","2","","1850","1849","12","13","4","9","0","0","1","43","1849","45","0","3","45","20527","20131","3473","738","0"
"bleibtreu-ein-faust-der-that","ger000322","Q51450463","Bleibtreu","0","Ein Faust der That","Tragödie in fünf Akten","Tragedy","http://www.textgridrep.org/textgrid:kmq3.0","","","","","1889","23","false","0.9106144225945004","0.8300395256916996","1.1699604743083003","several characters","18.26086956521739","2","","","1889","22","23","0","22","1","2","1","210","","5","0","5","0","36294","35603","3036","1401","40"
"bleibtreu-weltgericht","ger000065","Q51450656","Bleibtreu","0","Weltgericht","Tragödie in 2 Theilen und 5 Akten","Tragedy","http://www.textgridrep.org/textgrid:kmqb.0","Max Simson","Charlottenburg","1888","72","1888","49","false","0.9110344058518144","0.4914965986394558","1.5085034013605443","talleyrand|barras","23.591836734693878","2","1902-04-12","1902","1888","48","49","8","38","3","3","1","578","","6","0","5","2","17550","16894","3914","1060","19"
"blumenthal-im-weissen-roessl","ger000165","Q52886502","Blumenthal","1","Im weißen Rößl","Lustspiel in drei Aufzügen","Comedy","http://www.textgridrep.org/textgrid:knb2.0","","","","","1898","36","false","0.8939895618607304","0.5555555555555556","1.4151260504201681","leopold","19.444444444444443","3","","1898","1898","33","36","13","23","0","0","2","350","","38","0","3","38","23477","22514","3154","1270","32"
"bodmer-odoardo-galotti-vater-der-emilia","ger000449","Q51450870","Bodmer","0","Odoardo Galotti, Vater der Emilia","Ein Pendant zu Emilia. In einem Aufzuge und Epilogus zur Emilia Galotti","","http://www.textgridrep.org/textgrid:kp19.0","","","","","1778","6","false","0.38888888888888884","0.3333333333333333","1.7","odoardo","1.6666666666666667","3","","","1778","3","6","3","3","0","0","2","5","1773","6","0","0","5","5409","5333","117","74","6"
"bodmer-polytimet","ger000617","Q118693622","Bodmer","0","Polytimet","Ein Trauerspiel. Durch Lessings Philotas, oder ungerathenen Helden veranlasset","Tragedy","https://resolver.staatsbibliothek-berlin.de/SBB0000D7EC00000000","Orell","Zürich","1760","58","1760","6","false","0.6777777777777777","0.6","1.4","polemon","3","2","","","1760","5","6","0","6","0","0","1","9","","7","0","0","7","5658","3974","20","56","0"
"boesenberg-die-amerikanische-waise","ger000683","Q124796383","Bösenberg","0","Die amerikanische Waise","Ein Lustspiel in einem Aufzuge","Comedy","https://books.google.com/books?id=uZdOILveuh0C&printsec=frontcover","ohne Verlag","ohne Ort","1791","53","1791","6","false","1","1","1","several characters","5","1","1795-01-10","1795","1791","5","6","3","3","0","0","1","15","","22","0","0","22","10204","9957","498","291","0"
"boettger-das-kaffee-haus-zu-paris","ger000662","Q124013500","Böttger","0","Das Kaffee-Haus zu Paris","Ein Lustspiel in einem Akte","Comedy","https://books.google.com/books?id=ahBaAAAAcAAJ&pg=PA51","Groß","Nordhausen","1780","58","1780","12","false","0.8618025493025493","0.7121212121212122","1.2878787878787878","coronis|der_ritter","7.833333333333333","2","","","1780","11","12","2","10","0","0","1","47","","18","0","0","18","7081","6799","361","242","24"
"borchert-draussen-vor-der-tuer","ger000476","Q1255949","Borchert","0","Draußen vor der Tür","Ein Stück, das kein Theater spielen und kein Publikum sehen will","","https://www.projekt-gutenberg.org/borchert/draussen/index.html","","","","","1947","16","false","0.856060606060606","0.43333333333333335","1.6666666666666667","beckmann","6.5","3","","1947","1947","12","16","4","9","3","0","1","52","1947","7","9","0","7","18969","18439","627","546","38"
"borkenstein-der-bookesbeutel","ger000347","Q51451132","Borkenstein","0","Der Bookesbeutel","Ein Lustspiel von Drey Aufzügen","Comedy","http://www.textgridrep.org/textgrid:kpkv.0","G. J. Goschen'sche Verlagsbuchhandlung","Leipzig","1896","72","1741","9","false","0.9523809523809523","0.8333333333333334","1.1666666666666667","agneta|susanna","6.666666666666667","2","1741-08-26","1741","1742","8","9","5","4","0","1","1","30","","27","0","3","27","18363","18089","295","566","3"
"bossdorf-bahnmeister-dood","ger000199","Q52886683","Boßdorf","0","Bahnmeister Dood","En nedderdüütsch Drama in fief Akten","","http://www.textgridrep.org/textgrid:kpsp.0","","","","","1919","4","false","1","1","1","several characters","3","1","","1919","1919","3","4","2","2","0","0","1","6","","5","0","5","0","19757","19322","3189","747","0"
"bossdorf-de-rode-uennerrock","ger000419","Q52886831","Boßdorf","0","De rode Ünnerrock","Nedderdüütsche Volkskomeedi in fief Akten","Comedy","http://www.textgridrep.org/textgrid:kpsk.0","","","","","1921","5","false","1","1","1","several characters","4","1","","1921","1921","4","5","1","4","0","0","1","10","","5","0","5","0","20281","19966","3869","1114","0"
"brachvogel-narziss","ger000473","Q64711356","Brachvogel","0","Narziß","Ein Trauerspiel in fünf Aufzügen","Tragedy","http://www.textgridrep.org/textgrid:kq01.0","","","","","1856","35","false","0.8587271120532088","0.39663865546218485","1.6436974789915966","choiseul","13.485714285714286","3","","1856","1857","28","35","9","25","1","6","1","236","1855","44","1","5","44","21928","19117","3124","635","34"
"brandes-ariadne-auf-naxos","ger000048","Q4790181","Brandes","0","Ariadne auf Naxos","Ein Duodrama mit Musick","","http://www.textgridrep.org/textgrid:kq0w.0","","","","","1775","3","true","0","0.6666666666666666","1.3333333333333333","ariadne","1.3333333333333333","2","","1775","","2","3","2","1","0","0","1","2","","2","4","0","2","2472","1930","305","0","184"
"brandes-hans-von-zanow-oder-der-landjunker-in-berlin","ger000610","Q117067928","Brandes","0","Hans von Zanow oder: Der Landjunker in Berlin","Ein Lustspiel in fünf Aufzügen","Comedy","https://books.google.com/books?id=be9VLwc--IoC&printsec=frontcover","Bohn","Hamburg","1785","134","1785","17","false","0.7899159663865546","0.45588235294117646","1.5441176470588236","hans|lieschen","7.294117647058823","2","1785-04-06","1785","1785","16","17","4","13","0","0","1","62","","54","0","5","54","20358","19044","1602","1043","0"
"brandes-ino","ger000177","Q52087857","Brandes","0","Ino","Ein Melodrama","","http://www.textgridrep.org/textgrid:kq0s.0","","","","","1779","9","true","0.6555555555555556","0.3888888888888889","1.9444444444444444","chor","3.111111111111111","4","","1779","1779","6","9","3","1","5","4","1","14","1777","11","0","0","11","2468","2096","311","185","52"
"braun-mutter-maria","ger000573","Q112567926","Braun","0","Mutter Maria","Eine Tragödie in fünf Akten","Tragedy","https://www.projekt-gutenberg.org/braun/mutterma/index.html","","","","","1913","91","false","0.9291539427932354","0.4908424908424908","1.5091575091575091","several characters","44.175824175824175","2","","1913","1913","90","91","24","64","3","5","1","2010","","5","0","5","0","18613","18023","3582","0","1967"
"braun-von-braunthal-das-nachtlager-von-granada","ger000202","Q371048","Braun von Braunthal","0","Das Nachtlager von Granada","Romantische Oper in zwei Aufzügen","","http://www.textgridrep.org/textgrid:kq6g.0","","","","","1834","11","true","0.8796536796536796","0.6909090909090909","1.309090909090909","gabriele|jaeger|chor_der_hirten","6.909090909090909","2","","1834","","10","11","1","9","1","3","1","38","","19","6","2","19","9227","8758","2556","0","1096"
"braun-von-braunthal-faust","ger000204","Q52886944","Braun von Braunthal","0","Faust","Eine Tragödie","Tragedy","http://www.textgridrep.org/textgrid:kq6k.0","","","","","1835","36","false","0.8225994684328019","0.23809523809523808","2.2111111111111112","faust","8.333333333333334","4","","","1835","22","36","5","24","7","10","1","150","","31","0","5","31","19300","18392","2491","0","2702"
"brawe-brutus","ger000472","Q51370012","Brawe","0","Brutus","Ein Trauerspiel in fünf Aufzügen","Tragedy","https://brawe.uni-leipzig.de/brutus1768/brutus1768_0_inhalt.html","Ille und Riemer","Leipzig/Weißenfels","2015","60","1768","7","false","0.7095238095238096","0.6190476190476191","1.380952380952381","brutus","3.7142857142857144","2","1770-08-20","1770","1768","6","7","0","7","0","0","1","13","1757/1758","34","0","5","34","12593","12267","262","0","1763"
"brawe-der-freygeist","ger000283","Q51369297","Brawe","0","Der Freygeist","Ein Trauerspiel in fünf Aufzügen","Tragedy","http://www.textgridrep.org/textgrid:kq6v.0","Winter","Berlin","1768","140","1758","6","false","0.38888888888888884","0.4666666666666667","1.6666666666666667","klerdon","2.3333333333333335","3","","1759","1758","4","6","1","5","0","0","1","7","1756/1757","32","0","5","32","20420","20240","428","326","0"
"bredow-goerne-der-lauf-der-welt","ger000619","Q118314158","Bredow-Görne","0","Der Lauf der Welt","Original-Lustspiel in einem Act","Comedy","https://books.google.com/books?id=7UiOnwensXIC&printsec=frontcover","Bartholomäus","Erfurt","1871","24","1871","5","false","1","1","1","several characters","4","1","","","1871","4","5","2","3","0","0","1","10","","9","0","0","9","4684","4457","419","193","4"
"bredow-goerne-gute-freunde","ger000606","Q116732407","Bredow-Görne","0","Gute Freunde","Dramatischer Scherz in 1 Akt","Comedy","https://books.google.com/books?id=4dIU729B0w0C&printsec=frontcover","","Berlin","1871","16","1871","13","false","1","1","1","several characters","12","1","","","1871","12","13","6","7","0","0","1","78","","1","0","1","0","5281","4986","475","329","0"
"bredow-goerne-hypatia","ger000725","Q122791554","Bredow-Görne","0","Hypatia","Ein Trauerspiel nach dem gleichnamigen Roman von Kingsley","Tragedy","https://books.google.com/books?id=8S4zEHGdt5cC&printsec=frontcover","Leiner","Leipzig","1878","111","1878","28","false","0.8113535099354428","0.24074074074074073","1.9523809523809523","philammon","6.5","4","","","1878","22","28","4","24","0","7","1","91","","38","0","5","38","12274","11660","801","0","1495"
"breithaupt-der-renegat","ger000751","Q130634456","Breithaupt","0","Der Renegat","ein bürgerliches Trauerspiel in fünf Aufzügen","Tragedy","https://books.google.com/books?id=F2bcx3vmW5kC&pg=PA1","Krauß","Wien","1764","80","1759","7","false","0.780952380952381","0.6190476190476191","1.4285714285714286","zapor|grandlove|therise","3.7142857142857144","3","","","1759","5","7","1","6","0","0","1","13","1757","28","0","5","28","12374","12159","388","0","1286"
"brentano-die-gruendung-prags","ger000384","Q1213207","Brentano","0","Die Gründung Prags","Ein historisch-romantisches Drama","","http://www.textgridrep.org/textgrid:krdh.0","","","","","1814","70","false","0.8873262538626238","0.6488612836438924","1.3511387163561077","wlasta|stratka|wrschowetz","44.77142857142857","2","","","1814","69","71","27","38","5","10","1","1567","1812/1814","14","1","5","0","78035","71783","5569","0","9599"
"brentano-ponce-de-leon","ger000408","Q2103486","Brentano","0","Ponce de Leon","Lustspiel in fünf Aufzügen","Comedy","http://www.textgridrep.org/textgrid:kqwr.0","","","","","1803","37","false","0.7644662259751774","0.23123123123123124","1.895973154362416","ponce","8.324324324324325","4","","1814","1803","27","37","8","28","1","1","2","154","1801","122","1","5","121","39319","36332","3535","1735","248"
"bretzner-belmont-und-constanze","ger000339","Q4884441","Bretzner","0","Belmont und Constanze oder Die Entführung aus dem Serail","Eine Operette in drey Akten","","http://www.textgridrep.org/textgrid:krf8.0","","","","","1781","11","false","0.6634199134199134","0.509090909090909","1.2432432432432432","pedrillo","5.090909090909091","2","","1781","","8","11","2","9","0","2","2","28","","22","1","3","22","8549","8235","949","273","408"
"buechner-dantons-tod","ger000085","Q920590","Büchner","0","Dantons Tod","Ein Drama","","http://www.textgridrep.org/textgrid:ksd1.0","","","","","1835","103","false","0.8982694477249267","0.10184656386826575","2.460857409133271","danton","10.388349514563107","4","","1902","1835","43","103","19","70","14","20","4","535","1835","32","14","4","32","20263","19903","874","724","41"
"buechner-leonce-und-lena","ger000371","Q1751800","Büchner","0","Leonce und Lena","Ein Lustspiel","Comedy","http://www.textgridrep.org/textgrid:kscn.0","","","","","1838","21","false","0.9364076399790685","0.41904761904761906","1.4615384615384615","praesident","8.380952380952381","3","","1895","1838","16","21","3","16","2","2","2","88","1836","11","8","3","11","8926","8693","648","282","18"
"buechner-woyzeck","ger000564","Q657215","Büchner","0","Woyzeck","Ein Drama","","http://www.textgridrep.org/textgrid:kscv.0","","","","","1837","30","false","0.7161782661782662","0.13793103448275862","1.9681978798586572","woyzeck","4","4","","1913","1875","21","30","7","21","2","2","3","60","1836/1837","49","29","0","50","10353","9425","848","411","101"
"buerger-die-antike-statue-aus-florenz","ger000760","Q117377838","Bürger","0","Die antike Statue aus Florenz","[Scherzspiel]","Comedy","https://doi.org/10.1353/gyr.2011.0084","","","1996","15","1815","4","false","0.8333333333333333","0.8333333333333334","1.1666666666666667","laura|rosaura","2.5","2","","1815","1929","3","4","2","2","0","0","1","5","1814","6","0","1","6","2864","2628","521","3","252"
"bueschel-die-neue-messaline","ger000483","Q87986345","Büschel","0","Die neue Messaline","Trauerspiel in einem Akt","","https://de.wikisource.org/wiki/Die_neue_Messaline_(1788)","Himburg","Berlin","1788","32","1786","11","false","0.6636363636363636","0.2909090909090909","2.022222222222222","messaline|bella","2.909090909090909","4","","","1786","5","11","2","9","0","0","2","16","","14","0","0","14","4252","4121","93","85","0"
"bueschel-julus-und-rhea","ger000659","Q123909304","Büschel","0","Julus und Rhea","Ein musikalisches Drama in einem Akt","","https://books.google.com/books?id=XB6qxAjg17wC&printsec=frontcover","","Strasburg","1779","32","1779","7","false","1","1","1","several characters","6","1","","","1779","6","7","3","2","2","1","1","21","","1","0","0","1","2246","2158","216","0","251"
"bunge-der-trompeter-von-saekkingen","ger000219","Q5261231","Bunge","0","Der Trompeter von Säkkingen","Oper in 3 Akten, nebst einem Vorspiel","","http://www.textgridrep.org/textgrid:kssc.0","","","","","1884","19","true","0.8760369661298455","0.631578947368421","1.368421052631579","werner|conradin","11.368421052631579","2","","1884","","18","19","3","12","4","10","1","108","","4","4","3","0","7637","7458","39","0","1315"
"busoni-doktor-faust","ger000542","Q1235069","Busoni","0","Doktor Faust","","","http://www.textgridrep.org/textgrid:ktrh.0","","","","","1920","40","true","0.928480427822533","0.4269230769230769","1.573076923076923","faust|mephistopheles","16.65","2","","1925","1920","39","40","2","31","7","7","1","333","","6","8","0","3","7031","6113","1560","252","427"
"busoni-turandot","ger000145","Q2843864","Busoni","0","Turandot","Eine chinesische Fabel nach Gozzi in zwei Akten","","http://www.textgridrep.org/textgrid:ktrm.0","","","","","1917","16","true","0.9259615384615384","0.6333333333333333","1.3916666666666666","kalaf","9.5","3","","1917","1920","14","16","6","9","1","7","1","76","","4","7","2","4","4505","4220","710","176","352"
"castelli-jeitteles-der-schicksalsstrumpf","ger000523","Q104904334","Castelli","1","Der Schicksalsstrumpf","Tragödie in zwei Akten","Comedy","https://books.google.com/books?id=X8HI-fCDRkIC&printsec=frontcover","","","","","1818","6","false","0.8388888888888889","0.7333333333333333","1.2666666666666666","kunigunde|roderich_i","3.6666666666666665","2","","","1818","5","6","1","4","1","0","1","11","","27","0","2","27","13852","12938","1504","14","2172"
"chezy-der-neue-narziss","ger000584","Q112170260","Chézy","0","Der neue Narziß","Lustspiel in einem Aufzug","Comedy","https://de.wikisource.org/wiki/Der_neue_Narziß","Fleischer","Leipzig","1824","33","1823","11","false","1","1","1","several characters","10","1","1823-10-26","1823","1824","10","11","4","4","3","3","1","55","","7","0","0","7","4776","4494","442","0","443"
"chezy-euryanthe","ger000433","Q707737","Chézy","0","Euryanthe","Romantische Oper in drei Aufzügen","","http://www.textgridrep.org/textgrid:kw8v.0","","","","","1823","12","true","0.841005291005291","0.6818181818181818","1.3181818181818181","lysiart|adolar|chor","7.5","2","","1823","","10","12","4","6","2","5","1","45","","25","17","3","25","8939","7778","2683","0","1046"
"chlumberg-die-fuehrer","ger000560","Q111371024","Chlumberg","0","Die Führer","Ein Schauspiel in vier Akten und einem Vorspiel","","http://www.textgridrep.org/textgrid:kw97.0","","","","","1919","31","false","0.7221843884557358","0.22795698924731184","2.1763440860215053","bergmann","6.838709677419355","4","","","1919","17","31","3","28","0","1","1","106","","34","0","4","0","23692","23053","3552","1019","0"
"chlumberg-wunder-um-verdun","ger000562","Q111442342","Chlumberg","0","Wunder um Verdun","Dreizehn Bilder","","http://www.textgridrep.org/textgrid:kw94.0","","","","","1930","115","false","0.9354811330980315","0.20549199084668193","2.2183066361556065","verron","23.42608695652174","4","","1930","1931","61","115","13","85","17","24","1","1347","","13","0","0","13","26150","23904","4529","1158","9"
"collin-balboa","ger000608","Q116922930","Collin","0","Balboa","Ein Trauerspiel in fünf Aufzügen","Tragedy","https://www.gutenberg.org/ebooks/49248","Unger","Berlin","1806","131","1805","15","false","0.7004665704665705","0.37142857142857144","1.7904761904761906","pedrarias","5.2","3","1805-03-16","1805","1806","11","15","2","10","3","3","1","39","","33","0","5","33","17683","17328","942","0","2234"
"collin-coriolan","ger000474","Q67012293","Collin","0","Coriolan","Ein Trauerspiel in fünf Aufzügen","Tragedy","http://www.deutschestextarchiv.de/collin_coriolan_1804","","","","","1802","16","false","0.7598304473304474","0.425","1.575","coriolan","6.375","2","","1802","1804","15","16","2","14","0","2","1","51","","33","0","5","33","20006","19579","691","0","2495"
"cornelius-der-barbier-von-bagdad","ger000318","Q463710","Cornelius","0","Der Barbier von Bagdad","Komische Oper in zwei Aufzügen","","http://www.textgridrep.org/textgrid:m08h.0","","","","","1858","18","true","0.8390319556986223","0.48366013071895425","1.5163398692810457","kadi","8.222222222222221","2","","1858","","15","18","3","12","3","8","1","74","","20","10","2","20","7362","7001","1955","0","978"
"costenoble-die-katze-laesst-das-mausen-nicht","ger000591","Q113128710","Costenoble","0","Die Katze läßt das Mausen nicht","Lustspiel in einem Aufzuge. Fortsetzung des Bauerngutes","Comedy","https://books.google.com/books?id=lx515clPwbUC&pg=PA71","Schmidt","Hamburg","1811","62","1811","5","false","0.9","0.9","1.1","knallerpaller|frau_timian|schnapps","3.6","2","","","1811","4","5","1","4","0","0","1","9","","20","0","0","20","6487","6347","525","288","32"
"cronegk-codrus","ger000501","Q96406217","Cronegk","0","Codrus","Ein Trauerspiel in fünf Aufzügen","Tragedy","https://books.google.com/books?id=MaRKAAAAcAAJ&pg=RA1-PP1","Dyk","Leipzig","1758","96","1758","10","false","0.8176190476190477","0.6","1.4222222222222223","elisinde|codrus","5.4","3","","1760","1758","8","10","2","8","0","0","1","27","1754","38","1","5","38","16736","16367","731","0","1772"
"cronegk-der-misstrauische","ger000068","Q52893354","Cronegk","0","Der Mißtrauische","Ein Lustspiel in fünf Aufzügen","Comedy","http://www.textgridrep.org/textgrid:m0br.0","","","","","1760","7","false","1","1","1","several characters","6","1","","1766","1760","6","7","2","5","0","0","1","21","","35","0","5","35","25767","25499","883","749","0"
"d-arien-natur-und-liebe-im-streit","ger000733","Q134445112","d'Arien","0","Natur und Liebe im Streit","Ein Trauerspiel in fünf Aufzügen","Tragedy","https://books.google.com/books?id=w50duSixMaMC&printsec=frontcover","","Wien","1780","96","1779","26","false","0.5739149739149739","0.1723076923076923","2.1","capacelli","4.3076923076923075","3","1779-10-29","1779","1780","15","26","5","21","0","3","2","56","","61","0","5","61","15324","14871","581","656","0"
"d-elpons-der-ahnherr","ger000489","Q89888632","d'Elpons","0","Der Ahnherr","Schwank in Einem Aufzuge","Comedy","https://de.wikisource.org/wiki/Der_Ahnherr","Goedsche; Wigand","Meißen; Kaschau","1827","32","1819","4","false","1","1","1","several characters","3","1","","","1819","3","4","0","4","0","0","1","6","","10","0","0","10","3167","3024","237","177","0"
"dauthendey-die-spielereien-einer-kaiserin","ger000598","Q108612576","Dauthendey","0","Die Spielereien einer Kaiserin","Drama in vier Akten, einem Vorspiel und einem Epilog","","https://www.projekt-gutenberg.org/dauthend/spielere/spielere.html","Langen","München","1910","","1910","15","false","0.876980056980057","0.47619047619047616","1.5238095238095237","katharina|menschikoff","6.666666666666667","2","1911-05-15","1911","1910","14","15","3","12","0","0","1","50","","6","0","4","0","36024","33599","6389","0","3290"
"dehmel-die-menschenfreunde","ger000236","Q52893522","Dehmel","0","Die Menschenfreunde","Drama in drei Akten","","http://www.textgridrep.org/textgrid:m9xz.0","","","","","1917","8","false","0.9107142857142856","0.8928571428571429","1.1071428571428572","several characters","6.25","2","","1917","1917","7","8","1","7","0","0","1","25","","3","0","3","0","15364","15199","1964","489","0"
"dehmel-michel-michael","ger000299","Q52893568","Dehmel","0","Michel Michael","Komödie in fünf Akten","Comedy","http://www.textgridrep.org/textgrid:mbmn.0","","","","","1911","35","false","0.8678830254712607","0.7126050420168067","1.2873949579831934","eulenspiegel","24.228571428571428","2","","1911","1911","34","35","5","25","5","15","1","424","1909/1910","6","0","5","0","18719","18099","4333","0","2017"
"dery-die-selige-insel","ger000614","Q117829722","Déry","0","Die selige Insel","Dramatisches Idyll","","https://books.google.com/books?id=XVIuAAAAYAAJ&printsec=frontcover","Schuster & Loeffler","Berlin","1897","89","1897","2","false","0","1","1","airy|jost","1","1","","","1897","1","2","1","1","0","0","1","1","","1","0","1","0","5178","5025","212","0","1191"
"devrient-die-gunst-des-augenblicks","ger000273","Q52893644","Devrient","0","Die Gunst des Augenblicks","Lustspiel in drei Akten","Comedy","http://www.textgridrep.org/textgrid:mgfp.0","Weber","Leipzig","1846","106","1836","8","false","0.7714285714285715","0.6785714285714286","1.3214285714285714","landrath","4.75","2","1880-03-09","1880","1836","7","8","2","6","0","0","1","19","1835","41","0","3","41","18282","17702","2058","956","24"
"devrient-hans-heiling","ger000055","Q845843","Devrient","0","Hans Heiling","Romantische Oper in drei Aufzügen und einem Vorspiel","","http://www.textgridrep.org/textgrid:mgfk.0","","","","","1833","17","true","0.8557716793010911","0.5588235294117647","1.4558823529411764","stephan","8.941176470588236","3","","1833","","15","17","5","8","4","9","1","76","","29","10","3","29","14069","12682","4269","156","1220"
"dobruska-die-zwo-amaryllen","ger000771","Q139659266","Dobruska","0","Die zwo Amaryllen","Ein Schäferspiel in einem Aufzuge","","https://data.onb.ac.at/rep/105CDC6E","Gerle","Prag","1774","31","1774","7","false","1","1","1","several characters","6","1","","","1774","6","7","4","3","0","0","1","21","","7","0","1","7","3159","3004","265","58","0"
"dohm-der-seelenretter","ger000650","Q120199468","Dohm","0","Der Seelenretter","Lustspiel in einem Act","Comedy","https://nbn-resolving.org/urn:nbn:de:hbz:6:1-215596","Krause","Berlin","1875","46","1875","5","false","0.9","0.9","1.1","paul|franz|lucie","3.6","2","1875-10-28","1875","1875","4","5","2","3","0","0","1","9","","15","0","0","15","8629","8480","594","368","4"
"dohm-die-ritter-vom-goldenen-kalb","ger000567","Q111765604","Dohm","0","Die Ritter vom Goldenen Kalb","Lustspiel in 1 Akt","Comedy","https://www.projekt-gutenberg.org/dohm/goldkalb/goldkalb.html","","","","","1879","6","false","0.8333333333333334","0.6666666666666666","1.3333333333333333","herbert|hildegard","3.3333333333333335","2","","1879","1879","5","6","2","4","0","0","1","10","","14","0","0","14","9210","8830","1022","362","0"
"dohm-ein-schuss-ins-schwarze","ger000568","Q111794941","Dohm","0","Ein Schuß in's Schwarze","Lustspiel in einem Akt","Comedy","https://www.projekt-gutenberg.org/dohm/schuss/index.html","","","","","1878","6","false","0.6666666666666666","0.6666666666666666","1.4","several characters","3.3333333333333335","3","","1879","1878","4","6","3","3","0","0","1","10","","18","0","0","18","8551","8283","1210","375","5"
"dohm-vom-stamm-der-asra","ger000609","Q116821478","Dohm","0","Vom Stamm der Asra","Lustspiel in einem Act","Comedy","https://books.google.de/books?id=MBwus9H2a9EC&printsec=frontcover","Krause","Berlin","1875","54","1874","5","false","1","1","1","several characters","4","1","1874-12-31","1874","1875","4","5","2","3","0","0","1","10","","19","0","0","19","10115","9831","1008","498","0"
"dovsky-mona-lisa","ger000352","Q1943928","Dovsky","0","Mona Lisa","Oper in zwei Akten","","http://www.textgridrep.org/textgrid:mhq8.0","","","","","1915","20","true","0.9742690058479532","0.9421052631578948","1.0578947368421052","several characters","17.9","2","","1915","","19","20","6","10","4","6","1","179","","2","4","2","0","6161","6034","0","0","1044"
"droste-huelshoff-perdu","ger000077","Q52893824","Droste-Hülshoff","0","Perdu! oder Dichter, Verleger und Blaustrümpfe","Lustspiel in einem Akte","Comedy","http://www.textgridrep.org/textgrid:mjbp.0","","","","","1840","10","false","0.7857142857142858","0.6444444444444445","1.4","seybold","5.8","3","","1939","1886","8","10","5","5","0","0","1","29","1840","14","0","0","14","15199","14937","2670","772","10"
"ebner-eschenbach-am-ende","ger000649","Q122702421","Ebner-Eschenbach","0","Am Ende","Scene in einem Aufzug","","https://doi.org/10.1515/9783110233070.805","De Gruyter","Berlin und New York","2010","12","1897","6","false","1","1","1","several characters","5","1","1897-04-11","1897","1897","5","6","3","3","0","0","1","15","1896","1","0","1","0","3613","3427","707","162","0"
"ebner-eschenbach-bettelbriefe","ger000724","Q133260821","Ebner-Eschenbach","0","Bettelbriefe","Ein Zweigespräch","","https://doi.org/10.1515/9783110233070.909","De Gruyter","Berlin und New York","2010","15","1891","2","false","0","1","1","baron|graefin","1","1","","","1891","1","2","1","1","0","0","1","1","1891","1","0","0","1","4940","4771","533","185","0"
"ebner-eschenbach-das-gestaendnis","ger000770","Q133504533","Ebner-Eschenbach","0","Das Geständnis","Drama in vier Aufzügen","","https://doi.org/10.1515/9783110233070.1","De Gruyter","Berlin und New York","2010","68","1867","14","false","0.8992340992340992","0.7252747252747253","1.2747252747252746","graefin|walter","9.428571428571429","2","1867-10-31","1867","2010","13","14","4","10","0","0","1","66","1860/1866","38","0","4","38","20856","20173","2297","1235","0"
"ebner-eschenbach-das-waldfraeulein","ger000715","Q127415168","Ebner-Eschenbach","0","Das Waldfräulein","Lustspiel in drei Aufzügen","Comedy","https://doi.org/10.1515/9783110233070.525","De Gruyter","Berlin und New York","2010","77","1873","19","false","0.9047821201845969","0.8128654970760234","1.1871345029239766","several characters","14.631578947368421","2","1873-01-13","1873","1969","18","19","6","12","1","1","1","139","1867/1875","32","0","3","32","19125","18319","2580","1413","0"
"ebner-eschenbach-die-schauspielerin","ger000769","Q123865344","Ebner-Eschenbach","0","Die Schauspielerin","Drama in drei Aufzügen","","https://doi.org/10.1515/9783110233070.195","De Gruyter","Berlin und New York","2010","39","1861","8","false","0.9285714285714286","0.8571428571428571","1.1428571428571428","heinrich|max|helene","6","2","","","2010","7","8","3","5","0","0","1","24","1860/1861","17","0","3","17","11871","11653","1021","669","0"
"ebner-eschenbach-die-selbstsuechtigen","ger000704","Q127396103","Ebner-Eschenbach","0","Die Selbstsüchtigen","Lustspiel in drei Aufzügen","Comedy","https://doi.org/10.1515/9783110233070.419","De Gruyter","Berlin und New York","2010","37","1872","7","false","0.7333333333333333","0.6666666666666666","1.3333333333333333","steinberg","4","2","","","2010","6","7","2","5","0","0","1","14","1871/1872","21","0","3","21","10731","10429","1182","705","0"
"ebner-eschenbach-die-veilchen","ger000706","Q121834497","Ebner-Eschenbach","0","Die Veilchen","Lustspiel in einem Aufzuge","Comedy","https://doi.org/10.1515/9783110233070.475","De Gruyter","Berlin und New York","2010","16","1862","8","false","1","1","1","several characters","7","1","1863-05-13","1863","1862","7","8","4","4","0","0","1","28","1862","3","0","1","3","4386","4190","673","313","0"
"ebner-eschenbach-doctor-ritter","ger000611","Q116983809","Ebner-Eschenbach","0","Doctor Ritter","Dramatisches Gedicht in 1 Aufzuge","","https://books.google.com/books?id=Ii6-ttFFbbAC&printsec=frontcover","Reitmann","Wien","1869","28","1869","7","false","0.9238095238095239","0.9047619047619048","1.0952380952380953","several characters","5.428571428571429","2","1869-02-21","1869","1869","6","7","2","4","1","1","1","19","","6","0","1","6","4306","4154","247","24","467"
"ebner-eschenbach-es-wandelt-niemand-ungestraft-unter-palmen","ger000707","Q128949696","Ebner-Eschenbach","0","Es wandelt Niemand ungestraft unter Palmen","Dramatisches Sprichwort","","https://doi.org/10.1515/9783110233070.883","De Gruyter","Berlin und New York","2010","12","1881","4","false","1","1","1","several characters","3","1","1881-05-21","1881","1881","3","4","2","2","0","0","1","6","<1880","1","0","0","1","3696","3597","599","190","0"
"ebner-eschenbach-ihre-schwester","ger000710","Q129780735","Ebner-Eschenbach","0","Ihre Schwester","","","https://doi.org/10.1515/9783110233070.861","De Gruyter","Berlin und New York","2010","12","1903","3","false","1","1","1","grete|hadwiga|solm","2","1","","","1903","2","3","2","1","0","0","1","3","<1903","1","0","0","1","3752","3319","878","119","0"
"ebner-eschenbach-maennertreue","ger000709","Q127847746","Ebner-Eschenbach","0","Männertreue","Lustspiel in vier Aufzügen. Nach einer Novelle des Bandello","Comedy","https://doi.org/10.1515/9783110233070.247","De Gruyter","Berlin und New York","2010","49","1874","12","false","0.895959595959596","0.6818181818181818","1.3181818181818181","girolamo","7.5","2","1874-11-15","1874","1874","11","12","3","8","1","1","1","45","1873","21","0","4","21","12691","12256","1837","230","998"
"ebner-eschenbach-ohne-liebe","ger000653","Q122731787","Ebner-Eschenbach","0","Ohne Liebe","Lustspiel in einem Akt","Comedy","https://doi.org/10.1515/9783110233070.385","De Gruyter","Berlin und New York","2010","22","1891","7","false","0.8666666666666666","0.8095238095238095","1.1904761904761905","marko|emma","4.857142857142857","2","","1891","1891","6","7","4","3","0","0","1","17","","11","0","1","11","6500","6060","1439","334","0"
"eckardt-die-vergiftete-traube","ger000656","Q122749478","Eckardt","0","Die Vergiftete Traube","Ein Trauerspiel in Einem Aufzuge, Mit doppelter Katastrophe. Wie es auf dem Prager Nationaltheater nicht aufgeführt worden","Tragedy","https://books.google.com/books?id=o-tKAAAAcAAJ&printsec=frontcover","Gerle","Prag","1783","44","1783","6","false","0.9","0.8666666666666667","1.1333333333333333","bianka|marchese|sassino","4.333333333333333","2","1783-10-16","1783","1783","5","6","4","2","0","0","1","13","","18","0","0","18","8393","7377","719","261","0"
"eckartshausen-der-pudelhund","ger000524","Q105075429","Eckartshausen","0","Der Pudelhund","Ein Lustspiel in einem Aufzuge","Comedy","https://books.google.com/books?id=qF5IAAAAcAAJ&printsec=frontcover","Lentner","München","1800","51","1800","8","false","0.7761904761904762","0.6071428571428571","1.3928571428571428","adolph","4.25","2","","","1800","7","8","2","6","0","0","1","17","","17","0","0","17","8525","8317","235","242","7"
"eichendorff-das-incognito","ger000335","Q52893965","Eichendorff","0","Das Incognito oder Die mehreren Könige oder Alt und Neu","Ein Puppenspiel","","http://www.textgridrep.org/textgrid:msdg.0","","","","","1843","57","false","0.9334537003689793","0.32205513784461154","1.8803258145363408","koenig","18.035087719298247","3","","","1901","41","57","3","49","5","9","1","514","1840/1843","7","0","0","7","6119","5970","794","0","783"
"eichendorff-der-letzte-held-von-marienburg","ger000255","Q51386975","Eichendorff","0","Der letzte Held von Marienburg","Trauerspiel","Tragedy","http://www.textgridrep.org/textgrid:mr3k.0","","","","","1830","55","false","0.8261051701693763","0.26262626262626265","1.8545454545454545","heinrich_von_plauen","14.181818181818182","3","","1831","1830","41","55","6","49","0","3","1","390","","18","0","5","18","24596","24026","2330","73","2863"
"eichendorff-die-freier","ger000118","Q52894138","Eichendorff","0","Die Freier","Lustspiel in drei Aufzügen","Comedy","http://www.textgridrep.org/textgrid:msqv.0","","","","","1833","11","false","0.8383838383838385","0.7636363636363637","1.2545454545454546","several characters","7.636363636363637","3","","1849","1833","9","11","3","8","0","0","1","42","","10","0","3","10","15820","15525","1630","479","493"
"engel-der-diamant","ger000728","Q134267850","Engel","0","Der Diamant","Ein Lustspiel in einem Aufzuge, nach dem Französischen des Collé","Comedy","https://books.google.com/books?id=TWtVAAAAcAAJ&printsec=frontcover","Dyck","Leipzig","1773","52","1772","8","false","0.7916666666666666","0.5","1.6428571428571428","frau_von_gercourt|herr_von_gercourt","3.5","3","1773-04-02","1773","1772","5","8","2","6","0","0","1","14","","14","0","0","14","6717","6561","276","387","0"
"engel-der-edelknabe","ger000678","Q123285728","Engel","0","Der Edelknabe","Ein Lustspiel für Kinder in einem Aufzuge","Comedy","https://books.google.com/books?id=q4c5wwEACAAJ&printsec=frontcover","Dyck","Leipzig","1774","60","1774","7","false","0.6904761904761905","0.6190476190476191","1.380952380952381","fuerst","3.7142857142857144","2","1774-11-02","1774","1774","6","7","1","6","0","0","1","13","","17","0","0","17","8194","7969","906","316","0"
"engel-eid-und-pflicht","ger000262","Q52894275","Engel","0","Eid und Pflicht","Ein bürgerliches Trauerspiel in fünf Aufzügen","Tragedy","http://www.textgridrep.org/textgrid:mv7f.0","Mylius","Berlin","1803","160","1776","11","false","0.8042568542568543","0.509090909090909","1.509090909090909","madame_welldorf|luise","5.090909090909091","3","1796-03-10","1796","1803","9","11","3","8","0","0","1","28","1776","37","0","5","37","17834","17540","1872","652","0"
"engelke-wala","ger000603","Q116215333","Engelke","0","Wala","","","https://www.projekt-gutenberg.org/engelke/wala/wala.html","Büchergilde Gutenberg","Frankfurt am Main","1961","13","1914","6","false","0.9","0.8666666666666667","1.1333333333333333","setel|wala|brond","4.333333333333333","2","","","","5","6","1","5","0","1","1","13","1914","2","0","0","2","3150","2600","724","74","115"
"ernst-die-groesste-suende","ger000572","Q19183376","Ernst","0","Die größte Sünde","Drama in 5 Akten","","https://de.wikisource.org/wiki/Die_größte_Sünde","","","","","1895","16","false","0.6819940476190477","0.325","1.8666666666666667","wolfgang","4.875","4","1895-09-08","1895","1895","12","16","5","10","1","1","1","39","","35","0","5","35","23957","22883","3622","968","0"
"ertler-anna-iwanowna","ger000420","Q52894427","Ertler","0","Anna Iwanowna","Ein Schauspiel in drei Akten und einem Vorspiel als Oper vertont von Konrad Steckl","","http://www.textgridrep.org/textgrid:mvqs.0","","","","","1920","23","false","0.9263484798953907","0.8260869565217391","1.173913043478261","several characters","18.17391304347826","2","","1920","1920","22","23","2","20","1","3","1","209","1918/1919","4","0","3","0","24745","22937","6523","1113","23"
"ertler-belian-und-marpalye","ger000367","Q52894532","Ertler","0","Belian und Marpalye","Ein Traumspiel","","http://www.textgridrep.org/textgrid:mvqp.0","","","","","1924","25","false","0.8413949710420299","0.3933333333333333","1.65","der_fremde","9.44","3","","1924","1924","21","25","4","20","1","2","1","118","1922/1923","26","0","9","23","15615","12684","3953","525","0"
"ertler-das-spiel-von-doktor-faust","ger000052","Q52894676","Ertler","0","Das Spiel von Doktor Faust","Ein deutsches Stück im Volkston in einem Vorspiel und drei Akten","","http://www.textgridrep.org/textgrid:mvqk.0","","","","","1923","22","false","0.6632690541781451","0.19913419913419914","1.9210526315789473","hanswurst","4.181818181818182","3","","1923","1923","12","22","3","16","3","3","3","46","1922","51","0","3","51","15320","13892","1318","0","2026"
"essig-der-frauenmut","ger000276","Q52894780","Essig","0","Der Frauenmut","Lustspiel in fünf Aufzügen","Comedy","http://www.textgridrep.org/textgrid:mvr3.0","","","","","1912","34","false","0.9197996359024954","0.5935828877005348","1.4064171122994653","roland|femina_frau_kuenkeluen","19.58823529411765","2","","1914","1912","33","34","21","13","0","6","1","333","1910/1911","5","0","5","0","28632","28148","4436","1726","24"
"essig-ueberteufel","ger000046","Q52894875","Essig","0","Überteufel","Tragödie in fünf Aufzügen","Tragedy","http://www.textgridrep.org/textgrid:mvrf.0","","","","","1912","20","false","0.9216471995496764","0.8421052631578947","1.1578947368421053","several characters","16","2","","1923","1912","19","20","8","9","3","2","1","160","1906","5","0","5","0","26973","26105","4178","1596","79"
"fock-cili-cohrs","ger000203","Q51498134","Fock","0","Cili Cohrs","Irnsthaftig Spill","","http://www.textgridrep.org/textgrid:n0xc.0","","","","","1914","5","false","0.4333333333333334","0.5","1.5","cili","2","2","","","1914","4","5","1","4","0","0","1","5","","10","0","0","10","5687","5555","372","243","6"
"fouque-aslauga","ger000471","Q59786089","Fouqué","0","Aslauga","Ein Heldenspiel in drei Abentheuren","","http://www.textgridrep.org/textgrid:n23j.0","","","","","1810","65","false","0.8957293775910544","0.21971153846153846","1.8835855646100117","kriegsleute","14.061538461538461","3","","","1810","35","65","9","51","5","6","3","457","","19","0","3","0","16506","15731","723","4","2152"
"fouque-sigurd-der-schlangentoedter","ger000212","Q59786086","Fouqué","0","Sigurd, der Schlangentödter","Ein Heldenspiel in sechs Abentheuren","","http://www.textgridrep.org/textgrid:n23j.0","","","","","1808","26","false","0.8277397073383695","0.3076923076923077","1.7384615384615385","sigurd","7.6923076923076925","3","","","1808","23","26","10","13","3","1","1","100","","17","0","6","0","28926","26924","1137","0","3822"
"fouque-sigurds-rache","ger000470","Q59786088","Fouqué","0","Sigurds Rache","Ein Heldenspiel in sechs Abentheuren","","http://www.textgridrep.org/textgrid:n23j.0","","","","","1810","50","false","0.8797835618639249","0.3640816326530612","1.6555102040816327","gudruna","17.84","3","","","1810","44","50","8","41","1","3","1","446","","11","0","6","0","22288","21664","1008","0","3042"
"frank-sturm-im-wasserglas","ger000712","Q18631338","Frank","0","Sturm im Wasserglas","Komödie in drei Akten","Comedy","https://commons.wikimedia.org/wiki/File:Sturm_im_Wasserglas,_Frank_1930.5.pdf","Drei Masken Verlag","München","1930","156","1930","15","false","0.9384615384615385","0.8666666666666667","1.1333333333333333","several characters","12.133333333333333","2","1930-08-29","1930","1930","14","15","4","11","0","0","1","91","","3","1","0","3","20434","18968","3324","1281","8"
"frech-von-ehrimfeld-die-gefahr","ger000717","Q132172273","Frech","0","Die Gefahr","Eine dramatische Situation","","https://books.google.com/books?id=6qdIAAAAcAAJ&printsec=frontcover","Wallishausser","Wien","1804","14","1804","1","false","0","0","0","stephan","0","0","","","1804","0","1","0","1","0","0","1","0","","1","0","0","1","1363","1315","38","12","0"
"freisleben-der-weihnachtstag","ger000638","Q121590873","Freisleben","0","Der Weihnachtstag","Drama in Einem Aufzuge. Bearbeitet nach einer Schreckensscene aus der wirklichen Welt","","https://books.google.com/books?id=vchIAAAAcAAJ&pg=PA103","Grüning","Bernburg","1827","16","1827","4","false","1","1","1","several characters","3","1","","","1827","3","4","1","3","0","0","1","6","","6","0","0","6","2105","1931","444","0","213"
"freytag-der-gelehrte","ger000508","Q101018064","Freytag","0","Der Gelehrte","Trauerspiel in einem Act","Tragedy","https://books.google.com/books?id=gREpl62Am2UC&pg=PA113","","","","","1848","8","false","0.8458333333333333","0.5","1.5","walter","3.5","2","","","1848","7","8","1","6","1","1","1","14","1844","16","0","0","0","7075","6805","382","0","900"
"freytag-die-journalisten","ger000365","Q50540645","Freytag","0","Die Journalisten","Lustspiel in vier Akten","Comedy","http://www.textgridrep.org/textgrid:n2k7.0","","","","","1852","24","false","0.8771016539764859","0.7391304347826086","1.2608695652173914","bolz|bellmaus","17","2","","1852","1854","23","24","5","19","0","1","1","204","","7","3","4","6","27820","27425","2476","1065","13"
"freytag-graf-waldemar","ger000233","Q51506918","Freytag","0","Graf Waldemar","Schauspiel in fünf Akten","","http://www.textgridrep.org/textgrid:n2kq.0","","","","","1848","19","false","0.8370854120080127","0.5555555555555556","1.4444444444444444","waldemar","10","2","","1848","1850","18","19","5","14","0","0","1","95","1847","7","0","5","7","22794","22520","1528","785","0"
"ganghofer-der-herrgottschnitzer-von-ammergau","ger000376","Q52895174","Ganghofer","0","Der Herrgottschnitzer von Ammergau","Volksschauspiel in 5 Aufzügen","","http://www.textgridrep.org/textgrid:n3cn.0","","","","","1880","22","false","0.7918212838385931","0.5454545454545454","1.4761904761904763","loisl","11.454545454545455","3","","1880","1880","19","22","7","15","0","2","1","126","","47","0","5","47","23977","23286","2535","949","100"
"gasser-ramirus","ger000658","Q123824760","Sager","0","Ramirus","in einem Aufzuge","","https://books.google.com/books?id=rNVNAAAAcAAJ&pg=PA101","Rieger","Augsburg","1775","28","1775","7","false","0.8857142857142858","0.7142857142857143","1.2857142857142858","melinde|alcmeon","4.285714285714286","2","","","1775","6","7","2","5","0","0","1","15","","10","0","0","10","4612","4505","67","116","0"
"gehe-jessonda","ger000026","Q1409734","Gehe","0","Jessonda","Oper in drei Aufzügen","","http://www.textgridrep.org/textgrid:n3dj.0","","","","","1828","14","true","0.9420579420579422","0.9230769230769231","1.0769230769230769","several characters","12","2","","1828","","13","14","6","8","0","5","1","84","","3","3","3","0","5007","4909","33","0","945"
"gellert-das-band","ger000766","Q123510638","Gellert","0","Das Band","Ein Schäferspiel in einem Aufzuge","","https://books.google.com/books?id=L-5DAQAAIAAJ&pg=PA381","Weidmann und Hahn","Leipzig","1839","28","1744","5","false","0.9","0.9","1.1","galathee|myrtill|montan","3.6","2","","1744","1744","4","5","3","2","0","0","1","9","","9","0","0","9","4871","4807","30","0","478"
"gellert-die-betschwester","ger000124","Q1211320","Gellert","0","Die Betschwester","Lustspiel","Comedy","http://www.textgridrep.org/textgrid:n79j.0","Insel Verlag","Frankfurt/Main","1979","53","1745","5","false","1","1","1","several characters","4","1","","1745","1745","4","5","3","2","0","0","1","10","","25","1","3","25","18400","18231","150","414","0"
"gellert-die-zaertlichen-schwestern","ger000326","Q1219978","Gellert","0","Die zärtlichen Schwestern","Ein Lustspiel in drei Aufzügen","Comedy","http://www.textgridrep.org/textgrid:n750.0","Insel Verlag","Frankfurt/Main","1979","69","1747","8","false","0.9285714285714285","0.8571428571428571","1.1428571428571428","siegmund|lottchen|simon","6","2","","1747","1747","7","8","2","6","0","0","1","24","","53","1","3","53","23295","22998","411","615","0"
"gemmingen-hornberg-der-deutsche-hausvater","ger000189","Q52895487","Gemmingen-Hornberg","0","Der deutsche Hausvater oder die Familie","Ein Schauspiel","","http://www.textgridrep.org/textgrid:n7rr.0","","","","","1779","22","false","0.8302267177267176","0.341991341991342","1.7532467532467533","karl|hausvater","7.181818181818182","3","","1779","1780","16","22","6","16","0","0","1","79","","40","0","7","40","20157","19198","1782","957","0"
"gengenbach-der-nollhart","ger000697","Q125280256","Gengenbach","0","Der Nollhart","Diß sind die prophetien sancti Methodii vnd Nollhardi [...]","Comedy","http://www.textgridrep.org/textgrid:n7s9.0","Rümpler","Hannover","1856","40","1515","14","false","1","1","1","several characters","13","1","","1515","1517","13","14","2","12","0","0","1","91","","1","0","0","1","8863","8076","41","0","1301"
"gennep-homulus","ger000647","Q123019087","Gennep","0","Homulus (Der sünden loin ist der Toid)","Geistliches Schauspiel","","https://books.google.com/books?id=OQNIqnBQ8XEC&printsec=frontcover","Bädeker","Viersen","1873","32","1539","32","false","1","1","1","several characters","31","1","","1539","1540","31","32","4","13","15","1","1","496","","1","0","1","0","15991","14749","364","1","1972"
"georg-von-preussen-sappho","ger000750","Q136706902","Preußen","0","Sappho","Drama in einem Aufzuge","","https://resolver.staatsbibliothek-berlin.de/SBB0003354000000000","Voß","Berlin","1887","41","1887","7","false","1","1","1","several characters","6","1","","","1887","6","7","4","3","0","2","1","21","","2","0","0","2","5963","5760","180","0","832"
"gerhaeuser-der-moloch","ger000398","Q52895614","Gerhäuser","0","Der Moloch","Musikalische Tragödie in drei Aufzügen","Tragedy","http://www.textgridrep.org/textgrid:ndmr.0","","","","","1906","22","false","0.8367994379358016","0.39826839826839827","1.683982683982684","frauen|volk|teut","8.363636363636363","3","","1906","","16","22","3","11","8","12","1","92","","18","0","3","18","9625","9024","3377","0","1039"
"gerstenberg-ugolino","ger000032","Q1605849","Gerstenberg","0","Ugolino","Eine Tragödie in fünf Aufzügen","Tragedy","http://www.textgridrep.org/textgrid:nds0.0","Winkler","München","1971","50","1768","4","false","1","1","1","several characters","3","1","1769-06-22","1769","1768","3","4","0","4","0","0","1","6","","5","1","5","0","15471","15385","926","727","28"
"gessner-evander-und-alcimna","ger000294","Q52113436","Gessner","0","Evander und Alcimna","Ein Schæferspiel","","http://www.textgridrep.org/textgrid:ndtw.0","","","","","1762","15","false","0.5094179894179894","0.24761904761904763","1.9523809523809523","evander","3.466666666666667","3","","","1762","10","15","4","11","0","0","1","26","1762","19","0","3","19","8849","8692","231","304","44"
"glassbrenner-die-juengste-walpurgisnacht","ger000743","Q136087432","Glaßbrenner","0","Die jüngste Walpurgisnacht","","","http://www.textgridrep.org/textgrid:nfdb.0","Jenni","Bern","1844","36","1844","63","false","0.9793759915388683","0.5806451612903226","1.4193548387096775","mephistopheles|faust|hexen","36","2","","","1844","62","63","5","15","43","5","1","1134","","2","0","0","0","3649","3624","146","0","566"
"gleich-der-eheteufel-auf-reisen","ger000348","Q52114172","Gleich","0","Der Eheteufel auf Reisen","Lokales Zauberspiel mit Gesang in zwei Aufzügen","","http://www.textgridrep.org/textgrid:nfhm.0","","","","","1821","52","false","0.8579517704517704","0.10633484162895927","1.3867924528301887","several characters","5.423076923076923","3","","1821","1822","9","52","15","32","5","8","6","141","","35","0","2","35","14096","13546","1175","482","124"
"gleim-der-bloede-schaefer","ger000759","Q137738573","Gleim","0","Der Blöde Schäfer","Ein Lustspiel","Comedy","http://resolver.sub.uni-goettingen.de/purl?PPN66923897X","Schütze","Berlin","1745","40","1744","4","false","1","1","1","several characters","3","1","","1744","1745","3","4","2","2","0","0","1","6","","13","0","0","13","5508","5425","67","0","568"
"gleim-philotas","ger000616","Q95720389","Gleim","0","Philotas","Ein Trauerspiel. Von dem Verfasser der preussischen Kriegeslieder vercificirt","Tragedy","https://de.wikisource.org/wiki/Philotas_(Gleim_1767)","","Amsterdam","1767","34","1760","4","false","0.5833333333333333","0.6666666666666666","1.3333333333333333","philotas","2","2","","","1760","3","4","0","4","0","0","1","4","","8","0","0","8","3566","3498","39","0","491"
"goentgen-anna-bell","ger000719","Q131634169","Göntgen","0","Anna Bell","Ein Trauerspiel in einem Akt","Tragedy","https://books.google.com/books?id=42xVAAAAcAAJ&printsec=frontcover","Weiß","Offenbach und Frankfurt","1775","40","1775","6","false","0.8666666666666667","0.7333333333333333","1.2666666666666666","bell|sara","3.6666666666666665","2","","","1775","5","6","3","3","0","0","1","11","","6","0","0","6","5623","5377","278","111","0"
"goering-seeschlacht","ger000668","Q110914124","Goering","0","Seeschlacht","Tragödie","Tragedy","https://archive.org/details/seeschlachttrag00goeruoft","S. Fischer","Berlin","1918","128","1917","10","false","1","1","1","several characters","9","1","1918-02-10","1918","1917","9","10","0","10","0","1","1","45","","1","0","1","0","11490","11406","558","0","1875"
"goethe-clavigo","ger000157","Q466752","Goethe","0","Clavigo","Ein Trauerspiel","Tragedy","http://www.textgridrep.org/textgrid:11f81.0","Wegner","Hamburg","1960","47","1774","10","false","0.9059523809523811","0.8444444444444444","1.1555555555555554","carlos|clavigo|beaumarchais","7.6","2","1774-08-23","1774","1774","9","10","2","8","0","1","1","38","1774","5","8","5","0","14028","13930","800","442","0"
"goethe-das-jahrmarktsfest-zu-plundersweilern","ger000536","Q1678697","Goethe","0","Das Jahrmarktsfest zu Plundersweilern","Ein Schönbartspiel","Comedy","http://www.textgridrep.org/textgrid:11g68.0","Aufbau-Verlag","Berlin und Weimar","1964","22","1778","29","false","1","1","1","several characters","28","1","1778-10-20","1778","1789","28","29","7","22","0","0","1","406","1773/1778","1","1","0","1","4539","4446","244","0","641"
"goethe-der-buergergeneral","ger000106","Q1192735","Goethe","0","Der Bürgergeneral","Ein Lustspiel in einem Aufzuge","Comedy","http://www.textgridrep.org/textgrid:11f9k.0","Aufbau-Verlag","Berlin und Weimar","1964","40","1793","7","false","0.9238095238095239","0.9047619047619048","1.0952380952380953","several characters","5.428571428571429","2","1793-05-02","1793","1793","6","7","1","6","0","0","1","19","1793","14","3","0","14","8298","8150","773","924","0"
"goethe-der-grosskophta","ger000198","Q1194014","Goethe","0","Der Großkophta","Ein Lustspiel in fünf Aufzügen","Comedy","http://www.textgridrep.org/textgrid:11g5f.0","","","","","1791","32","false","0.815043963658031","0.21975806451612903","1.8459657701711492","domherr|der_ritter","6.8125","3","","1791","1792","21","32","6","24","2","8","2","109","","37","1","5","37","23618","23047","2130","897","16"
"goethe-der-triumph-der-empfindsamkeit","ger000130","Q1197615","Goethe","0","Der Triumph der Empfindsamkeit","Eine dramatische Grille","","http://www.textgridrep.org/textgrid:11h10.0","","","","","1778","14","false","0.8572974644403216","0.4725274725274725","1.5934065934065933","mandandane","6.142857142857143","3","","1778","1787","11","14","8","5","1","2","1","43","1777","6","2","6","0","12013","11799","1413","406","509"
"goethe-des-epimenides-erwachen","ger000458","Q54371386","Goethe","0","Des Epimenides Erwachen","Ein Festspiel","","http://www.textgridrep.org/textgrid:11g5g.0","Wegner","Hamburg","1960","34","1815","22","false","0.7506034369670733","0.3116883116883117","2.585714285714286","epimenides","6.545454545454546","6","1815-03-30","1815","1815","11","22","2","9","11","4","2","72","1814","25","1","2","25","6946","6642","1049","0","986"
"goethe-die-laune-des-verliebten","ger000224","Q1214293","Goethe","0","Die Laune des Verliebten","Ein Schäferspiel in Versen und einem Akte","","http://www.textgridrep.org/textgrid:11fzp.0","Aufbau-Verlag","Berlin und Weimar","1964","23","1768","4","false","0.8333333333333333","0.8333333333333334","1.1666666666666667","amine|egle","2.5","2","1779-05-20","1779","1806","3","4","2","2","0","0","1","5","1767/1768","9","3","0","9","5687","5586","434","0","662"
"goethe-die-mitschuldigen","ger000178","Q1214841","Goethe","0","Die Mitschuldigen","Ein Lustspiel in einem Akte","Comedy","http://www.textgridrep.org/textgrid:11hb1.0","Aufbau-Verlag","Berlin und Weimar","1964","33","1776","4","false","1","1","1","several characters","3","1","1776-11-28","1776","1909","3","4","1","3","0","0","1","6","1768/1769","15","2","0","15","7503","7315","916","0","889"
"goethe-die-natuerliche-tochter","ger000038","Q1219062","Goethe","0","Die natürliche Tochter","Trauerspiel","Tragedy","http://www.textgridrep.org/textgrid:11g3h.0","Wegner","Hamburg","1960","85","1803","11","false","0.6588744588744588","0.32727272727272727","1.7636363636363637","eugenie","3.272727272727273","3","1803-04-02","1803","1803","8","11","3","8","0","0","1","18","1801/1803","28","4","5","28","20798","20565","516","0","3004"
"goethe-die-wette","ger000511","Q41744079","Goethe","0","Die Wette","Ein Lustspiel in einem Akt","Comedy","https://books.google.com/books?id=Y2jfAAAAMAAJ&pg=PA119","","","","","1812","6","false","1","1","1","several characters","5","1","","","1837","5","6","2","4","0","0","1","15","1812","5","0","0","5","3805","3563","267","128","0"
"goethe-egmont","ger000442","Q1298242","Goethe","0","Egmont","Ein Trauerspiel in fünf Aufzügen","Tragedy","http://www.textgridrep.org/textgrid:11g9w.0","Wegner","Hamburg","1960","85","1788","31","false","0.859848708066677","0.3655913978494624","1.6486486486486487","egmont","10.96774193548387","3","1789-01-09","1789","1788","24","31","3","26","2","2","2","170","1775/1787","13","16","5","13","25839","25545","1133","820","30"
"goethe-erwin-und-elmire","ger000383","Q1363635","Goethe","0","Erwin und Elmire","Ein Schauspiel mit Gesang","","http://www.textgridrep.org/textgrid:11gtp.0","","","","","1775","4","false","1","1","1","several characters","3","1","","1775","1775","3","4","2","2","0","0","1","6","1774/1775","1","4","0","1","6434","6357","274","195","247"
"goethe-faust-der-tragoedie-zweiter-teil","ger000201","Q267510","Goethe","0","Faust. Der Tragödie zweiter Teil","In fünf Akten","Tragedy","http://www.textgridrep.org/textgrid:11d11.0","Wegner","Hamburg","1959","219","1832","189","false","0.9449079704283292","0.11431948665991219","2.3280405405405404","mephistopheles","21.49206349206349","4","","1876","1832","98","189","73","88","28","46","3","2031","1825/1831","27","9","5","28","47824","47516","2036","0","7583"
"goethe-faust-eine-tragoedie","ger000243","Q13221881","Goethe","0","Faust","Eine Tragödie","Tragedy","http://www.textgridrep.org/textgrid:11g5q.0","Wegner","Hamburg","1959","139","1808","115","false","0.9713618643481463","0.20213577421815407","1.7032520325203253","faust","23.043478260869566","3","1829-01-29","1829","1808","67","115","18","60","37","22","3","1325","1797/1806","28","11","0","28","30912","30294","1338","20","4641"
"goethe-faust-in-urspruenglicher-gestalt","ger000539","Q2500544","Goethe","0","Faust in ursprünglicher Gestalt (Urfaust)","","","http://www.textgridrep.org/textgrid:11f7n.0","Wegner","Hamburg","1959","56","1775","15","false","0.7325925925925926","0.2857142857142857","1.9619047619047618","faust","4","3","1918-05-08","1918","1887","10","15","3","9","3","1","1","30","1772/1775","20","4","0","20","12478","12313","756","147","1502"
"goethe-goetter-helden-und-wieland","ger000409","Q1559765","Goethe","0","Götter, Helden und Wieland","Eine Farce","","http://www.textgridrep.org/textgrid:11h60.0","Aufbau-Verlag","Berlin und Weimar","1964","14","1774","10","false","1","1","1","several characters","9","1","","","1774","9","10","2","8","0","0","1","45","1773","1","1","0","1","3680","3663","26","141","0"
"goethe-goetz-von-berlichingen-mit-der-eisernen-hand","ger000123","Q1369241","Goethe","0","Götz von Berlichingen mit der eisernen Hand","Ein Schauspiel","","http://www.textgridrep.org/textgrid:11g1d.0","Wegner","Hamburg","1960","103","1773","79","false","0.8517638097048923","0.0866601752677702","2.4850773103200288","goetz","6.7594936708860756","5","1774-04-12","1774","1773","46","79","9","70","0","0","2","267","1771/1773","55","14","5","55","28412","27888","1058","1435","41"
"goethe-iphigenie-auf-tauris","ger000001","Q475063","Goethe","0","Iphigenie auf Tauris","Ein Schauspiel","","http://www.textgridrep.org/textgrid:11f78.0","Wegner","Hamburg","1960","61","1787","5","false","1","1","1","several characters","4","1","1800-01-07","1800","1787","4","5","1","4","0","0","1","10","1779/1786","20","16","5","20","15153","15042","129","0","2174"
"goethe-pandora","ger000575","Q2049303","Goethe","0","Pandora","Ein Festspiel","","http://www.textgridrep.org/textgrid:11fg5.0","Wegner","Hamburg","1960","34","1810","12","false","0.9090909090909092","0.696969696969697","1.303030303030303","epimetheus|phileros|prometheus","7.666666666666667","2","","","1810","11","12","3","9","0","3","1","46","1807/1808","2","2","0","2","7234","6982","229","0","1087"
"goethe-proserpina","ger000356","Q55102470","Goethe","0","Proserpina","Ein Monodrama","","http://www.textgridrep.org/textgrid:11hb5.0","","","","","1778","2","false","0","1","1","die_parzen|proserpina","1","1","","1778","1778","1","2","2","0","0","1","1","1","","1","0","0","1","1221","1200","17","9","0"
"goethe-satyros","ger000388","Q19226867","Goethe","0","Satyros oder der vergötterte Waldteufel","Drama","","http://www.textgridrep.org/textgrid:11gn9.0","Aufbau-Verlag","Berlin und Weimar","1964","17","1773","16","false","0.8824675324675324","0.6416666666666667","1.3583333333333334","several characters","9.625","2","","","1817","15","16","3","13","0","1","1","77","1773","5","1","5","0","3119","3051","182","0","498"
"goethe-stella","ger000126","Q2342072","Goethe","0","Stella","Ein Schauspiel für Liebende","","http://www.textgridrep.org/textgrid:11hdv.0","Wegner","Hamburg","1960","41","1776","10","false","0.9048412698412698","0.8444444444444444","1.1555555555555554","several characters","7.6","2","1776-02-08","1776","1776","9","10","5","5","0","0","1","38","1775","5","7","5","0","12136","12058","667","444","0"
"goethe-torquato-tasso","ger000082","Q1432001","Goethe","0","Torquato Tasso","Ein Schauspiel","","http://www.textgridrep.org/textgrid:11d2m.0","Wegner","Hamburg","1960","95","1790","5","false","1","1","1","several characters","4","1","1807-02-16","1807","1790","4","5","2","3","0","0","1","10","1780/1789","24","12","5","24","25603","25445","260","0","3476"
"gotter-der-dorfjahrmarkt","ger000009","Q55102998","Gotter","0","Der Dorfjahrmarkt","Eine komische Oper in zwei Aufzügen","","http://www.textgridrep.org/textgrid:nkdt.0","","","","","1775","18","true","0.806425364758698","0.6274509803921569","1.3986928104575163","lukas|fikfak","10.666666666666666","3","","1775","1778","16","18","4","14","0","2","1","96","","25","0","2","25","11547","11210","1474","623","226"
"gotter-die-erbschleicher","ger000620","Q119458026","Gotter","0","Die Erbschleicher","Ein Lustspiel in fünf Akten","Comedy","https://www.deutschestextarchiv.de/gotter_erbschleicher_1789","Dyk","Leipzig","1789","224","1788","10","false","0.8384126984126985","0.7555555555555555","1.2444444444444445","justine|gerhard","6.8","2","1788-05-04","1788","1789","9","10","4","6","0","0","1","34","","76","0","5","76","28622","27540","4058","1894","6"
"gotter-die-geisterinsel","ger000061","Q60788321","Gotter","1","Die Geisterinsel","Ein Singspiel in drey Akten","","http://www.textgridrep.org/textgrid:nkdq.0","","","","","1798","13","true","0.8470529470529472","0.7692307692307693","1.2307692307692308","miranda|prospero","9.23076923076923","2","","1798","","12","13","1","10","2","4","1","60","","28","1","3","28","13185","11699","2425","356","1079"
"gotter-medea","ger000246","Q3853644","Gotter","0","Medea","","","http://www.textgridrep.org/textgrid:nkdm.0","","","","","1775","5","true","0.7","0.7","1.3","medea","2.8","2","","1775","1782","4","5","2","3","0","0","1","7","","5","3","0","5","2222","2161","304","43","0"
"gottsched-atalanta","ger000252","Q55103320","Gottsched","0","Atalanta, oder die bezwungene Sprödigkeit","Ein Schäferspiel, in fünf Aufzügen","","http://www.textgridrep.org/textgrid:nkww.0","De Gruyter","Berlin","1970","94","1741","9","false","0.9365079365079363","0.8888888888888888","1.1111111111111112","several characters","7.111111111111111","2","","","1741","8","9","3","6","0","0","1","32","","37","0","5","37","15579","15082","405","0","1753"
"gottsched-der-sterbende-cato","ger000244","Q51396085","Gottsched","0","Der sterbende Cato","Ein Trauerspiel","Tragedy","http://www.textgridrep.org/textgrid:nks0.0","De Gruyter","Berlin","1970","114","1731","10","false","0.7921428571428573","0.5555555555555556","1.4666666666666666","cato","5","3","","1731","1732","8","10","2","8","0","0","1","25","1730","31","0","5","31","20077","14889","371","1","1712"
"gottschedin-das-testament","ger000220","Q42291271","Gottsched","0","Das Testament","Ein deutsches Lustspiel in fünf Aufzügen","Comedy","http://www.textgridrep.org/textgrid:nm24.0","","","","","1745","12","false","0.8282407407407407","0.6363636363636364","1.393939393939394","fraeulein_amalie","7","3","","","1745","10","12","3","9","0","0","1","42","","39","1","5","39","24529","24023","1682","1111","0"
"gottschedin-der-witzling","ger000395","Q55102908","Gottsched","0","Der Witzling","Ein deutsches Nachspiel in einem Aufzuge","Comedy","http://www.textgridrep.org/textgrid:nm27.0","de Gruyter","Berlin","1962","31","1745","7","false","0.7333333333333334","0.6666666666666666","1.3333333333333333","jungfer_lottchen","4","2","","","1745","6","7","1","6","0","0","1","14","","9","1","0","9","8830","8626","593","369","3"
"gottschedin-die-pietisterey-im-fischbein-rocke","ger000462","Q15805796","Gottsched","0","Die Pietisterey im Fischbein-Rocke oder Die Doctormäßige Frau","","Comedy","http://www.textgridrep.org/textgrid:nm2b.0","","","","","1736","16","false","0.8219246031746031","0.44166666666666665","1.5583333333333333","frau_glaubeleichtin","6.625","2","","","1736","15","16","8","8","0","0","1","53","","40","1","5","40","24032","21891","460","1032","18"
"goue-iwanette-und-stormond","ger000740","Q133413200","Goué","0","Iwanette und Stormond","Ein Trauerspiel, in drey Handlungen","Tragedy","https://books.google.com/books?id=kYk6AAAAcAAJ&pg=PA1","Winkler","Wetzlar","1770","56","1770","7","false","1","1","1","several characters","6","1","","","1770","6","7","2","5","0","0","1","21","","3","0","3","0","8379","7814","355","163","0"
"goue-masuren-oder-der-junge-werther","ger000739","Q133411195","Goué","0","Masuren oder der junge Werther","Ein Trauerspiel aus dem Illyrischen","Tragedy","https://books.google.com/books?id=qE1aAAAAcAAJ&printsec=frontcover","","Frankfurth und Leipzig","1757","158","1775","35","false","0.7174458682994729","0.27058823529411763","2.1126050420168068","st_amand","9.2","5","","","1775","20","35","8","27","0","0","1","161","","34","0","4","0","22673","21376","1374","831","8"
"grabbe-die-hermannsschlacht","ger000516","Q1213366","Grabbe","0","Die Hermannsschlacht","","","http://www.textgridrep.org/textgrid:nmgc.0","","","","","1838","106","false","0.9555087487040772","0.16028751123090745","1.8192974013474494","hermann","16.830188679245282","3","","1936","1838","82","106","6","99","1","15","3","892","1835/1836","17","1","0","13","16349","15886","1757","776","3"
"grabbe-don-juan-und-faust","ger000209","Q1239218","Grabbe","0","Don Juan und Faust","Eine Tragödie in vier Akten","Tragedy","http://www.textgridrep.org/textgrid:nmg0.0","","","","","1829","21","false","0.9502100840336134","0.638095238095238","1.3904761904761904","faust","12.761904761904763","3","","1829","1829","18","21","2","14","5","0","1","134","1829","11","2","4","11","23458","23218","1462","33","3395"
"grabbe-hannibal","ger000393","Q1576146","Grabbe","0","Hannibal","","","http://www.textgridrep.org/textgrid:nmfv.0","","","","","1835","118","false","0.9238934990335138","0.09010575112270028","2.1894927536231883","hannibal","10.542372881355933","4","","1918","1835","40","118","11","95","12","28","4","622","1834/1835","28","1","5","28","17658","17173","1888","927","0"
"grabbe-herzog-theodor-von-gothland","ger000158","Q1615219","Grabbe","0","Herzog Theodor von Gothland","Eine Tragödie in fünf Akten","Tragedy","http://www.textgridrep.org/textgrid:nmg5.0","","","","","1827","61","false","0.8842960657811877","0.3262295081967213","1.6737704918032787","berdoa","19.57377049180328","2","","1892","1827","57","61","2","59","0","20","1","597","1818/1822","17","1","5","17","43429","42944","5033","0","6988"
"grabbe-kaiser-friedrich-barbarossa","ger000517","Q104518654","Grabbe","0","Kaiser Friedrich Barbarossa","Eine Tragödie in fünf Akten","Tragedy","http://www.textgridrep.org/textgrid:nmfs.0","","","","","1829","82","false","0.862663828740171","0.28184281842818426","1.8145137006925625","kaiser_friedrich","22.829268292682926","3","","1875","1829","71","82","3","72","7","22","1","936","1829","12","0","5","12","22949","22460","2094","57","3150"
"grabbe-kaiser-heinrich-der-sechste","ger000518","Q104520895","Grabbe","0","Kaiser Heinrich der Sechste","Eine Tragödie in fünf Akten","Tragedy","http://www.textgridrep.org/textgrid:nmf9.0","","","","","1830","80","false","0.8340390407447831","0.15632911392405063","2.385486018641811","koenig_heinrich_kaiser_heinrich","12.35","4","","1875","1830","42","80","7","70","3","8","2","494","1829","15","0","5","15","31255","30563","2103","251","3828"
"grabbe-napoleon","ger000378","Q1964966","Grabbe","0","Napoleon oder Die hundert Tage","Ein Drama in fünf Aufzügen","","http://www.textgridrep.org/textgrid:nmfn.0","","","","","1831","259","false","0.9540102381647102","0.08901260064050762","2.83399137899808","chassecoeur|vitry","22.965250965250966","6","","1895","1831","106","259","23","199","37","0","4","2974","1829/1831","25","1","5","25","38123","36630","3142","1851","124"
"grabbe-scherz-satire-ironie-und-tiefere-bedeutung","ger000380","Q2233825","Grabbe","0","Scherz, Satire, Ironie und tiefere Bedeutung","Ein Lustspiel in drei Aufzügen","Comedy","http://www.textgridrep.org/textgrid:nmfg.0","","","","","1827","27","false","0.8635689300576155","0.5014245014245015","1.5071225071225072","schulmeister|mollfels","13.037037037037036","3","","1876","1827","24","27","3","24","0","1","1","176","1822","14","1","3","14","17047","16718","1865","582","12"
"grillparzer-der-gastfreund","ger000513","Q104443343","Grillparzer","0","Der Gastfreund","Trauerspiel in einem Aufzuge","Tragedy","http://www.textgridrep.org/textgrid:np6j.0","Hanser","München","1960","21","1821","12","false","1","1","1","several characters","11","1","","1821","1822","11","12","5","7","0","2","1","66","1818","1","0","1","0","4280","4023","564","0","619"
"grillparzer-der-traum-ein-leben","ger000358","Q16831017","Grillparzer","0","Der Traum ein Leben","Dramatisches Märchen in vier Aufzügen","","http://www.textgridrep.org/textgrid:nns8.0","","","","","1834","17","false","0.8952991452991453","0.6323529411764706","1.3676470588235294","zanga|rustan|guelnare","10.117647058823529","2","","1834","1840","16","17","4","13","0","1","1","86","1817/1830","4","1","4","0","18707","18412","3436","0","2914"
"grillparzer-des-meeres-und-der-liebe-wellen","ger000010","Q48929649","Grillparzer","0","Des Meeres und der Liebe Wellen","Trauerspiel in fünf Aufzügen","Tragedy","http://www.textgridrep.org/textgrid:npsg.0","Hanser","München","1961","80","1831","11","false","1","1","1","several characters","10","1","1831-04-03","1831","1840","10","11","3","7","1","2","1","55","1826/1829","5","0","5","0","19626","19301","2718","0","2452"
"grillparzer-die-ahnfrau","ger000444","Q1210952","Grillparzer","0","Die Ahnfrau","Trauerspiel in fünf Aufzügen","Tragedy","http://www.textgridrep.org/textgrid:nsv5.0","Hanser","München","1960","102","1817","10","false","0.9071428571428571","0.8666666666666667","1.1333333333333333","guenther|jaromir|hauptmann","7.8","2","1817-01-31","1817","1817","9","10","2","7","1","1","1","39","1816","5","3","5","0","19045","18884","1430","0","3442"
"grillparzer-die-argonauten","ger000514","Q104443346","Grillparzer","0","Die Argonauten","Trauerspiel in vier Aufzügen","Tragedy","http://www.textgridrep.org/textgrid:np6j.0","Hanser","München","1960","72","1821","17","false","0.866955756661639","0.5661764705882353","1.4338235294117647","medea","9.058823529411764","2","","1821","1822","16","17","5","11","1","1","1","77","1818/1819","9","0","4","0","15827","15476","2566","0","2172"
"grillparzer-die-juedin-von-toledo","ger000170","Q1213719","Grillparzer","0","Die Jüdin von Toledo","Historisches Trauerspiel in fünf Aufzügen","Tragedy","http://www.textgridrep.org/textgrid:ns3r.0","","","","","1851","16","false","0.8502379564879565","0.65","1.35","koenig|garceran","9.75","2","","1872","1872","15","16","5","10","1","1","1","78","1839/1851","5","5","5","0","16965","16716","1956","0","2144"
"grillparzer-ein-bruderzwist-in-habsburg","ger000121","Q1304349","Grillparzer","0","Ein Bruderzwist in Habsburg","Trauerspiel in fünf Aufzügen","Tragedy","http://www.textgridrep.org/textgrid:ns9c.0","","","","","1848","44","false","0.8476657598031917","0.27801268498942916","1.831923890063425","klesel|leopold","11.954545454545455","3","1872-09-24","1872","1872","30","44","1","41","2","6","1","263","1848","12","1","5","0","25676","25287","3271","0","3205"
"grillparzer-ein-treuer-diener-seines-herrn","ger000372","Q28648395","Grillparzer","0","Ein treuer Diener seines Herrn","Trauerspiel in fünf Aufzügen","Tragedy","http://www.textgridrep.org/textgrid:nvk1.0","Hanser","München","1960","82","1828","37","false","0.8847414064805369","0.4219219219219219","1.578078078078078","bancbanus|otto","15.18918918918919","2","1828-02-28","1828","1830","36","37","6","29","2","2","1","281","1826/1827","5","1","5","0","20229","19954","3152","0","2475"
"grillparzer-koenig-ottokars-glueck-und-ende","ger000286","Q168201","Grillparzer","0","König Ottokars Glück und Ende","Trauerspiel in fünf Aufzügen","Tragedy","http://www.textgridrep.org/textgrid:nttc.0","Hanser","München","1960","111","1825","55","false","0.8873605900559753","0.46936026936026937","1.5306397306397306","several characters","25.345454545454544","2","1825-02-19","1825","1825","54","55","7","44","4","4","1","697","1823","5","5","5","0","27076","26730","3706","0","3424"
"grillparzer-libussa","ger000512","Q48929803","Grillparzer","0","Libussa","Trauerspiel in fünf Aufzügen","Tragedy","http://www.textgridrep.org/textgrid:ntqj.0","","","","","1848","32","false","0.9150249841695198","0.5705645161290323","1.4294354838709677","libussa","17.6875","2","","1874","1872","31","32","12","20","0","3","1","283","1825/1848","15","0","5","0","22259","21733","2451","0","2808"
"grillparzer-medea","ger000515","Q104443347","Grillparzer","0","Medea","Trauerspiel in fünf Aufzügen","Tragedy","http://www.textgridrep.org/textgrid:np6j.0","Hanser","München","1960","80","1821","12","false","0.8673039923039924","0.696969696969697","1.303030303030303","jason|koenig","7.666666666666667","2","","1821","1822","11","12","5","7","0","0","1","46","1819/1820","6","0","5","0","19495","19247","1383","0","2665"
"grillparzer-sappho","ger000108","Q1242002","Grillparzer","0","Sappho","Trauerspiel in fünf Aufzügen","Tragedy","http://www.textgridrep.org/textgrid:nv2j.0","Hanser","München","1960","76","1818","10","false","0.8047619047619048","0.5777777777777777","1.4444444444444444","melitta","5.2","3","","1818","1819","8","10","4","4","2","2","1","26","1817","33","4","5","33","16806","16394","1381","0","2320"
"grillparzer-weh-dem-der-luegt","ger000136","Q2554350","Grillparzer","0","Weh dem, der lügt!","Lustspiel in fünf Aufzügen","Comedy","http://www.textgridrep.org/textgrid:npm2.0","","","","","1838","16","false","0.8743395493395494","0.7166666666666667","1.2833333333333334","leon","10.75","2","","1838","1840","15","16","1","15","0","0","1","86","","5","1","5","0","17933","17583","2499","0","2234"
"grohmann-der-physiognomist-oder-keine-regel-ohn-ausnahme","ger000625","Q120196971","Grohmann","0","Der Physiognomist. Oder: Keine Regel ohn' Ausnahme","Ein Lustspiel in einem Aufzug","Comedy","https://books.google.com/books?id=uhtYAAAAcAAJ&printsec=frontcover","Schneider","Leipzig","1778","63","1778","6","false","0.6777777777777777","0.6","1.4","wilhelm","3","2","","","1778","5","6","1","5","0","0","1","9","","15","0","0","15","10219","9854","390","296","0"
"grohmann-gioconda-oder-weiberrache-kennt-keine-grenzen","ger000628","Q120490055","Grohmann","0","Gioconda oder Weiberrache kennt keine Grenzen","Ein Originaltrauerspiel in drey Aufzügen","Tragedy","https://books.google.com/books?id=qxNaAAAAcAAJ&printsec=frontcover","Büschel","Leipzig","1781","83","1781","8","false","0.8041666666666667","0.6071428571428571","1.4285714285714286","cotaldi|montano","4.25","3","","","1781","6","8","3","5","0","0","1","17","","31","0","3","31","12555","11517","826","320","0"
"grohmann-wohlthat-fuer-wohlthat","ger000655","Q123472404","Grohmann","0","Wohlthat für Wohlthat","Ein Schauspiel in zween Aufzügen","Comedy","https://de.wikisource.org/wiki/Wohlthat_für_Wohlthat","Müller","Riga","1790","62","1790","14","false","0.7921201814058956","0.4175824175824176","1.8681318681318682","willner","5.428571428571429","4","1813-06-24","1813","1790","9","14","2","12","0","0","1","38","1786","10","0","1","11","6955","6655","453","270","24"
"gronemann-hamans-flucht","ger000644","Q122426071","Gronemann","0","Hamans Flucht","Ein Purimspiel, in fünf Bildern","","https://doi.org/10.1515/9783110518672-001","De Gruyter","Berlin und Boston","2018","22","1901","22","false","0.9333333333333332","0.3333333333333333","1.6666666666666667","heinz|atlas","7","2","","1901","1926","21","22","3","18","1","2","1","77","1900","6","0","0","5","5397","4877","1140","116","304"
"gruebel-k-und-k-landsturm","ger000774","Q139886733","Grübel","0","K. und k. Landsturm","Erinnerungen an den Doppeladler. Drei Akte","","https://commons.wikimedia.org/wiki/File:S._Gr%C3%BCbel_-_K._und_k._Landsturm._Erinnerungen_an_den_Doppeladler._Drei_Akte_(1930).pdf","Vertriebsstelle des Verbandes Deutscher Bühnenschriftsteller und Bühnenkomponisten","Berlin","1930","83","1930","56","false","0.8309924517170133","0.23766233766233766","2.05","kletschak","13.071428571428571","4","","","1930","35","56","6","50","0","1","1","366","","47","0","3","47","21934","20491","5297","884","94"
"gryphius-absurda-comica-oder-herr-peter-squentz","ger000547","Q333566","Gryphius","0","Absurda Comica oder Herr Peter Squentz","Schimpff-Spiel","Comedy","http://www.textgridrep.org/textgrid:p8vz.0","","","","","1658","14","false","0.9358974358974359","0.8461538461538461","1.1538461538461537","several characters","11","2","","","1658","13","14","3","11","0","0","1","77","1648/1650","3","1","3","0","9535","9162","562","266","476"
"gryphius-cardenio-und-celinde","ger000538","Q42187675","Gryphius","0","Cardenio und Celinde oder Unglücklich Verliebete","Trauerspiel","Tragedy","http://www.textgridrep.org/textgrid:p7m9.0","","","","","1657","17","false","0.8663042839513428","0.5735294117647058","1.4411764705882353","cardenio","9.176470588235293","3","","1661","1657","15","17","3","11","3","1","1","78","1650","5","0","5","0","19774","17542","214","0","2009"
"gryphius-carolus-stuardus","ger000550","Q42187688","Gryphius","0","Carolus Stuardus","Trauerspiel","Tragedy","http://www.textgridrep.org/textgrid:p8rz.0","","","","","1650","55","false","0.6723076923076924","0.11245791245791245","2.5754060324825985","carol","6.072727272727272","7","","1650","1657","15","55","14","39","2","4","9","167","1649","32","0","5","0","32447","31021","234","9","2774"
"gryphius-catharina-von-georgien","ger000548","Q1736032","Gryphius","0","Catharina von Georgien oder Bewehrete Beständigkeit","Trauerspiel","Tragedy","http://www.textgridrep.org/textgrid:p7dk.0","","","","","1651","22","false","0.6491869241869243","0.22077922077922077","1.9090909090909092","catharina","4.636363636363637","4","","1651","1657","13","22","9","10","3","2","4","51","1647","30","5","5","0","26236","25032","265","0","2910"
"gryphius-horribilicribrifax-teutsch","ger000549","Q20984917","Gryphius","0","Horribilicribrifax Teutsch","Scherzspiel","Comedy","http://www.textgridrep.org/textgrid:p87j.0","","","","","1650","21","false","0.5157218442932728","0.2571428571428571","2.057142857142857","coelestina","5.142857142857143","4","","1674","1663","9","21","7","14","0","0","1","54","1647/1650","42","1","5","0","22749","20138","393","937","12"
"gryphius-leo-armenius-oder-fuersten-mord","ger000546","Q1818468","Gryphius","0","Leo Armenius oder Fürsten-Mord","Trauer-spiel","Tragedy","http://www.textgridrep.org/textgrid:p878.0","","","","","1650","37","false","0.8733352454405084","0.2552552552552553","2.045045045045045","michael","9.18918918918919","4","","1651","1650","25","37","3","34","0","6","1","170","1646","23","1","5","23","25486","24134","222","5","2754"
"gryphius-papinianus","ger000551","Q42194033","Gryphius","0","Großmütiger Rechtsgelehrter oder Sterbender Aemilius Paulus Papinianus","Trauerspiel","Tragedy","http://www.textgridrep.org/textgrid:p7hs.0","","","","","1659","34","false","0.654640947288006","0.1354723707664884","2.302941176470588","papinianus","4.470588235294118","4","","1660","1659","11","34","9","23","2","7","4","76","1659","31","0","5","0","30220","29044","249","12","2933"
"gryphius-verlibtes-gespenste-die-gelibte-dornrose","ger000552","Q42190297","Gryphius","0","Verlibtes Gespenste / Die gelibte Dornrose","Gesang-Spil / Schertz-Spil","Comedy","http://www.textgridrep.org/textgrid:p8d8.0","","","","","1660","21","false","0.9091080876795162","0.26666666666666666","1.1884057971014492","wilhelm","5.333333333333333","2","","1660","1661","9","21","5","16","0","2","4","56","1660","29","0","8","2","19470","18797","539","361","1102"
"guenderode-der-kanonenschlag","ger000723","Q133257709","Günderode","0","Der Kanonenschlag oder Das Gastmahl des Tantalus","Ein heroisches komisches tragisches Schauspiel","","https://doi.org/10.21248/gups.86429","Stroemfeld","Frankfurt am Main und Basel","2006","9","1801","8","false","0.9285714285714286","0.8571428571428571","1.1428571428571428","juno|jupiter|merkur","6","2","","","","7","8","4","4","0","0","1","24","1800/1801","2","0","2","0","1478","1324","135","0","192"
"guenderode-magie-und-schicksal","ger000440","Q56254770","Günderode","0","Magie und Schicksal","Drama in drei Akten","","http://www.textgridrep.org/textgrid:pb4c.0","","","","","1805","9","false","0.9722222222222222","0.9722222222222222","1.0277777777777777","several characters","7.777777777777778","2","","","1805","8","9","3","6","0","0","1","35","","3","0","3","0","8747","8678","360","0","1152"
"guenderode-nikator","ger000125","Q56254778","Günderode","0","Nikator","Eine dramatische Skizze in drei Akten","","http://www.textgridrep.org/textgrid:pb6v.0","","","","","1805","7","false","0.9238095238095239","0.9047619047619048","1.0952380952380953","several characters","5.428571428571429","2","","","1805","6","7","2","5","0","1","1","19","","3","0","3","0","3936","3882","102","0","509"
"guenderode-udohla","ger000293","Q56254774","Günderode","0","Udohla","Drama in zwei Akten","","http://www.textgridrep.org/textgrid:pb0f.0","","","","","1805","7","false","1","1","1","several characters","6","1","","","1805","6","7","2","5","0","0","1","21","","2","0","2","0","5588","5534","177","0","742"
"gutzkow-das-urbild-des-tartueffe","ger000019","Q56254645","Gutzkow","0","Das Urbild des Tartüffe","Lustspiel in fünf Aufzügen","Comedy","http://www.textgridrep.org/textgrid:p5c7.0","","","","","1844","17","false","0.7591637121048885","0.47794117647058826","1.5808823529411764","moliere","7.647058823529412","3","","1844","1847","13","17","3","14","0","0","1","65","","35","0","5","35","23948","22110","1632","984","7"
"gutzkow-richard-savage","ger000006","Q56254719","Gutzkow","0","Richard Savage oder Der Sohn einer Mutter","Trauerspiel in fünf Aufzügen","Tragedy","http://www.textgridrep.org/textgrid:p5c8.0","","","","","1839","28","false","0.787224283652855","0.30158730158730157","1.9153439153439153","savage","8.142857142857142","4","","1839","1842","22","28","3","24","1","1","1","114","1839","30","0","5","39","20964","20002","1855","480","25"
"gutzkow-uriel-acosta","ger000042","Q56254763","Gutzkow","0","Uriel Acosta","Trauerspiel in fünf Aufzügen","Tragedy","http://www.textgridrep.org/textgrid:p5cg.0","","","","","1846","17","false","0.7440879382055853","0.36764705882352944","1.661764705882353","uriel","5.882352941176471","3","","1846","1847","15","17","2","13","2","2","1","50","1846","28","0","5","28","17379","15869","1488","0","2193"
"gutzkow-zopf-und-schwert","ger000045","Q52743932","Gutzkow","0","Zopf und Schwert","Lustspiel in fünf Aufzügen","Comedy","http://www.textgridrep.org/textgrid:p5bz.0","","","","","1844","26","false","0.8092614461958353","0.32","1.843076923076923","koenig","8","3","","1844","1844","18","26","5","18","3","7","1","104","1843","34","0","5","41","22747","20892","2569","1004","0"
"haffner-die-fledermaus","ger000329","Q464930","Haffner","1","Die Fledermaus","Operette in drei Aufzügen","","http://www.textgridrep.org/textgrid:pgp7.0","","","","","1874","29","true","0.8758079381712304","0.7093596059113301","1.3152709359605912","chor_der_gaeste_alle","19.862068965517242","3","","1874","","26","29","11","17","1","3","1","288","","41","37","3","41","16654","15972","1743","759","1023"
"hafner-der-furchtsame","ger000005","Q56256336","Hafner","0","Der Furchtsame","Ein Lustspiel in drey Aufzügen","Comedy","http://www.textgridrep.org/textgrid:pgph.0","","","","","1764","9","false","1","1","1","several characters","8","1","","1764","1764","8","9","2","7","0","0","1","36","","43","0","3","43","21770","21268","1862","597","0"
"hafner-die-reisenden-komoedianten","ger000681","Q78728476","Hafner","0","Die reisenden Komödianten, oder der gescheide und dämische Impresaro","Ein Lustspiel von einer Abhandlung","Comedy","https://books.google.com/books?id=e3g6AAAAcAAJ&printsec=frontcover","Kurtzbök","Wien","1774","48","1762","7","false","1","1","1","several characters","6","1","","1762","1762","6","7","0","7","0","0","1","21","","3","0","1","3","8015","7860","353","121","365"
"hafner-maegera-die-foerchterliche-hexe","ger000002","Q56256362","Hafner","0","Mägera, die förchterliche Hexe oder Das bezauberte Schloß des Herrn von Einhorn","Ein neues Zauberlustspiel","Comedy","http://www.textgridrep.org/textgrid:pgpm.0","","","","","1763","10","false","0.9166666666666667","0.7777777777777778","1.2222222222222223","odoardo|riepel|anselmo","7","2","","1763","1764","9","10","3","7","0","0","1","35","1762/1763","40","0","3","40","22862","22077","2712","564","270"
"hagemann-ludwig-der-springer","ger000684","Q124804439","Hagemann","0","Ludwig der Springer","Schauspiel in fünf Aufzügen","","https://books.google.com/books?id=lpjczgEACAAJ&printsec=frontcover","Hahn","Hannover","1793","122","1792","20","false","0.7660184260184261","0.3684210526315789","1.7105263157894737","konrad","7","3","1792-06-18","1792","1793","16","20","1","19","0","4","1","70","","58","0","5","58","16355","14863","1609","864","6"
"hallmann-mariamne","ger000702","Q125959854","Hallmann","0","Mariamne","Trauer-Spiel","Tragedy","http://www.textgridrep.org/textgrid:pj27.0","De Gruyter","Berlin und New York","1975","151","1669","64","false","0.876059907938719","0.16865079365079366","1.6632860040567952","herodes","10.625","3","","1669","1670","41","64","11","36","17","3","7","340","","22","0","5","0","28606","26107","492","0","3143"
"halm-der-sohn-der-wildnis","ger000113","Q56256383","Halm","0","Der Sohn der Wildnis","Dramatisches Gedicht in fünf Akten","","http://www.textgridrep.org/textgrid:pj2h.0","","","","","1842","18","false","0.8646521778874718","0.6209150326797386","1.3790849673202614","parthenia","10.555555555555555","2","","1842","1843","17","18","3","15","0","1","1","95","","5","0","5","0","21664","21322","2226","0","2890"
"hartleben-die-sittliche-forderung","ger000350","Q56395700","Hartleben","0","Die sittliche Forderung","","Comedy","http://www.textgridrep.org/textgrid:pk02.0","","","","","1896","3","false","1","1","1","berta|rita|friedrich","2","1","","1896","1897","2","3","2","1","0","0","1","3","","1","0","0","1","5423","5318","949","257","16"
"hartleben-hanna-jagert","ger000099","Q56395724","Hartleben","0","Hanna Jagert","Komödie","Comedy","http://www.textgridrep.org/textgrid:pk6x.0","","","","","1893","18","false","0.8978609625668449","0.5294117647058824","1.4705882352941178","hanna","9","2","","1893","1893","17","18","6","11","1","2","1","81","","3","0","3","0","20487","20186","3798","768","0"
"hartleben-rosenmontag","ger000114","Q56395736","Hartleben","0","Rosenmontag","Eine Offiziers-Tragödie","Tragedy","http://www.textgridrep.org/textgrid:pjw6.0","","","","","1898","24","false","0.8283825884154833","0.47101449275362317","1.5724637681159421","moritz","10.833333333333334","3","","1900","1898","20","24","0","24","0","2","1","130","1899","31","1","5","31","25994","24770","6141","1132","14"
"hasenclever-der-sohn","ger000492","Q1196915","Hasenclever","0","Der Sohn","Ein Drama in fünf Akten","","https://www.gutenberg.org/ebooks/61578","Kurt Wolff Verlag","Leipzig","1917","128","1914","11","false","0.506060606060606","0.23636363636363636","2.0444444444444443","der_sohn","2.3636363636363638","3","1916-09-30","1916","1914","6","11","2","9","0","1","2","13","1913","25","5","5","25","24309","23660","2321","761","161"
"hauptmann-carl-der-antiquar","ger000239","Q56395781","Hauptmann","0","Der Antiquar","Komödie in einem Akt","Comedy","http://www.textgridrep.org/textgrid:pkjc.0","","","","","1909","4","false","1","1","1","several characters","3","1","","1910","1909","3","4","1","3","0","0","1","6","","1","0","1","0","7918","7794","1825","226","0"
"hauptmann-carl-die-armseligen-besenbinder","ger000059","Q56439772","Hauptmann","0","Die armseligen Besenbinder","Altes Märchen in fünf Akten","","http://www.textgridrep.org/textgrid:pkhm.0","","","","","1913","35","false","0.8299666907741442","0.280672268907563","1.9260504201680673","der_gendarm","9.542857142857143","4","","1913","1913","27","35","11","22","2","2","1","167","","35","0","5","35","18507","17257","4376","500","16"
"hauptmann-carl-ephraims-breite","ger000104","Q56448129","Hauptmann","0","Ephraims Breite","Schauspiel in fünf Akten","","http://www.textgridrep.org/textgrid:pkj2.0","","","","","1900","27","false","0.8171693535986622","0.5470085470085471","1.4814814814814814","bauer|kretschmer|huhndorf","14.222222222222221","3","","1900","1900","22","27","12","13","2","5","1","192","1899","35","0","5","35","21725","21005","4276","846","0"
"hauptmann-carl-frau-nadja-bielew","ger000060","Q56448086","Hauptmann","0","Frau Nadja Bielew","Tragischer Akt","Tragedy","http://www.textgridrep.org/textgrid:pkhc.0","","","","","1909","4","false","1","1","1","several characters","3","1","","","1909","3","4","3","1","0","0","1","6","","1","0","1","0","6713","6586","1599","193","0"
"hauptmann-carl-gaukler-tod-und-juwelier","ger000406","Q56448040","Hauptmann","0","Gaukler, Tod und Juwelier","Spiel in fünf Akten","","http://www.textgridrep.org/textgrid:pkh4.0","","","","","1917","30","false","0.747207691689116","0.4298850574712644","1.7448275862068965","mander","12.466666666666667","4","","1920","1917","22","30","17","13","0","2","1","187","","54","0","5","54","17631","16576","3868","431","25"
"hauptmann-carl-im-goldenen-tempel-buche-verzeichnet","ger000288","Q56448140","Hauptmann","0","Im goldenen Tempel-Buche verzeichnet","(Nach einer japanischen Skizze) / Dichtung in drei Vorgängen / (Hinter Schleiern zu spielen)","","http://www.textgridrep.org/textgrid:pkj1.0","","","","","1909","9","false","0.8587301587301588","0.6944444444444444","1.3055555555555556","giwau|hotoke","5.555555555555555","2","","1910","1909","8","9","6","3","0","0","1","25","","3","0","3","0","5547","5184","1451","0","604"
"hauptmann-carl-musik","ger000448","Q56447962","Hauptmann","0","Musik","Spiel in vier Akten","","http://www.textgridrep.org/textgrid:pkhv.0","","","","","1918","34","false","0.9732969076958847","0.45989304812834225","1.2321428571428572","der_domorganist","15.176470588235293","2","","","1918","24","34","5","13","16","14","2","258","","32","0","4","31","10120","9553","2540","292","20"
"hauptmann-carl-tobias-buntschuh","ger000385","Q56447803","Hauptmann","0","Tobias Buntschuh","Eine burleske Tragödie in fünf Akten","Tragedy","http://www.textgridrep.org/textgrid:pkhg.0","","","","","1916","24","false","0.6808381433381433","0.2246376811594203","1.9047619047619047","clown_odebrecht","5.166666666666667","3","","","1916","15","24","4","19","0","1","3","62","","62","0","5","62","19248","17808","4235","497","27"
"hauptmann-die-ratten","ger000477","Q1215655","Hauptmann","0","Die Ratten","Berliner Tragikomödie","Tragicomedy","https://www.projekt-gutenberg.org/hauptmag/ratten/index.html","","","","","1911","18","false","0.8873800491447551","0.7647058823529411","1.2352941176470589","several characters","13","2","","1911","1911","17","18","8","10","0","0","1","117","1910","5","6","5","0","32222","29755","5227","967","40"
"hauptmann-florian-geyer","ger000504","Q27992230","Hauptmann","0","Florian Geyer","Die Tragödie des Bauernkrieges","Tragedy","https://www.projekt-gutenberg.org/hauptmag/floriang/index.html","","","","","1896","91","false","0.9010377613689216","0.3111111111111111","1.7802197802197801","florian_geyer","28","3","","1896","1896","79","91","4","87","0","7","1","1274","1894/1895","6","1","5","0","38387","35862","4467","1497","62"
"hauptmann-gabriel-schillings-flucht","ger000510","Q101228999","Hauptmann","0","Gabriel Schillings Flucht","Drama","","https://www.gutenberg.org/ebooks/45009","","","","","1912","14","false","0.9075091575091575","0.8351648351648352","1.164835164835165","several characters","10.857142857142858","2","","1912","1912","13","14","5","9","0","1","1","76","1905/1906","5","0","5","0","21924","18767","4747","782","6"
"hauptmann-vor-sonnenaufgang","ger000509","Q1593312","Hauptmann","0","Vor Sonnenaufgang","Soziales Drama","","https://www.gutenberg.org/ebooks/52218","","","","","1889","18","false","0.8875520539736227","0.7581699346405228","1.2418300653594772","loth|hoffmann|helene","12.88888888888889","2","","1889","1889","17","18","8","10","0","0","1","116","1889","5","4","5","0","26811","24076","6459","1149","3"
"hebbel-agnes-bernauer","ger000043","Q394468","Hebbel","0","Agnes Bernauer","Ein deutsches Trauerspiel in fünf Aufzügen","Tragedy","http://www.textgridrep.org/textgrid:pksn.0","","","","","1852","31","false","0.8515496904196594","0.34838709677419355","1.696774193548387","albrecht","10.451612903225806","3","","1852","1855","25","31","3","27","1","4","1","162","","63","1","5","63","25844","25298","2062","909","3"
"hebbel-demetrius","ger000253","Q55723869","Hebbel","0","Demetrius","","","http://www.textgridrep.org/textgrid:pmfw.0","Hanser","München","1964","125","1864","28","false","0.7280080091170317","0.2724867724867725","1.8994708994708995","demetrius","7.357142857142857","3","","1869","1864","19","28","6","19","3","3","1","103","1863","78","0","5","78","27254","26806","1224","0","3951"
"hebbel-der-diamant","ger000179","Q56422588","Hebbel","0","Der Diamant","Eine Komödie in fünf Akten","Comedy","http://www.textgridrep.org/textgrid:pm99.0","","","","","1847","23","false","0.9154589371980676","0.2924901185770751","1.3302752293577982","jacob|der_prinz","6.434782608695652","3","","1848","1847","12","23","9","14","0","0","3","74","1841","29","0","5","28","23647","22838","1251","585","459"
"hebbel-der-gehoernte-siegfried","ger000016","Q56448206","Hebbel","0","Der gehörnte Siegfried","Vorspiel in einem Akt","","http://www.textgridrep.org/textgrid:pkng.0","Hanser","München","1964","22","1861","9","false","0.7185185185185186","0.5555555555555556","1.0909090909090908","several characters","4.444444444444445","2","","1861","1862","6","9","2","7","0","0","2","20","","4","0","0","4","5117","5032","98","0","694"
"hebbel-der-rubin","ger000325","Q56439266","Hebbel","0","Der Rubin","Ein Märchen-Lustspiel in drei Akten","Comedy","http://www.textgridrep.org/textgrid:pm7m.0","","","","","1849","17","false","0.7475152298681711","0.5","1.5514705882352942","assad","8","3","","1849","1851","14","17","1","15","1","1","1","68","1849","23","0","3","23","12351","12011","1265","0","1732"
"hebbel-genoveva","ger000327","Q56438347","Hebbel","0","Genoveva","Eine Tragödie in fünf Akten","Tragedy","http://www.textgridrep.org/textgrid:pmtc.0","","","","","1843","19","false","0.8425349246556678","0.43859649122807015","1.5614035087719298","golo","7.894736842105263","2","","1849","1843","17","19","3","15","1","1","1","75","","44","0","5","44","33896","33087","2804","0","4511"
"hebbel-gyges-und-sein-ring","ger000238","Q42190665","Hebbel","0","Gyges und sein Ring","Eine Tragödie in fünf Akten","Tragedy","http://www.textgridrep.org/textgrid:pmj9.0","Hanser","München","1964","66","1856","9","false","0.9722222222222222","0.9722222222222222","1.0277777777777777","several characters","7.777777777777778","2","","1889","1856","8","9","3","5","1","1","1","35","","5","2","5","0","16211","16073","512","0","2290"
"hebbel-herodes-und-mariamne","ger000101","Q56448192","Hebbel","0","Herodes und Mariamne","Eine Tragödie in fünf Akten","Tragedy","http://www.textgridrep.org/textgrid:pmgg.0","","","","","1849","27","false","0.8421874542789575","0.2962962962962963","1.9173789173789173","herodes|titus","7.703703703703703","4","","1849","1850","18","27","3","23","1","1","1","104","","35","0","5","35","26986","26689","1028","0","3804"
"hebbel-judith","ger000324","Q1711004","Hebbel","0","Judith","Eine Tragödie in fünf Akten","Tragedy","http://www.textgridrep.org/textgrid:pn2n.0","","","","","1840","59","false","0.9541372916404028","0.3699590882524839","1.630040911747516","achior","21.45762711864407","2","","1840","1841","53","59","7","50","2","8","1","633","","7","3","5","0","22494","21841","1252","613","0"
"hebbel-kriemhilds-rache","ger000160","Q56448247","Hebbel","0","Kriemhilds Rache","Ein Trauerspiel in fünf Akten","Tragedy","http://www.textgridrep.org/textgrid:pm1c.0","Hanser","München","1964","103","1861","21","false","0.7700385593242738","0.5333333333333333","1.4952380952380953","hagen","10.666666666666666","3","","1861","1862","18","21","4","17","0","0","1","112","","72","0","5","72","23439","22796","1496","0","3271"
"hebbel-maria-magdalene","ger000309","Q1896129","Hebbel","0","Maria Magdalene","Ein bürgerliches Trauerspiel in drei Akten","Tragedy","http://www.textgridrep.org/textgrid:pkx0.0","","","","","1844","11","false","0.7545454545454546","0.5636363636363636","1.4363636363636363","klara","5.636363636363637","2","","1846","1844","10","11","3","8","0","0","1","31","","24","5","3","24","25317","16974","706","455","16"
"hebbel-siegfrieds-tod","ger000392","Q56448223","Hebbel","0","Siegfrieds Tod","Ein Trauerspiel in fünf Akten","Tragedy","http://www.textgridrep.org/textgrid:pn22.0","Hanser","München","1964","79","1861","18","false","0.7398555148555149","0.5098039215686274","1.3553719008264462","kriemhild","8.666666666666666","2","","1861","1862","15","18","4","12","2","1","2","78","","46","0","5","46","17547","17179","1029","0","2516"
"hebbel-trauerspiel-in-sizilien","ger000296","Q56439572","Hebbel","0","Ein Trauerspiel in Sizilien","Tragikomödie in einem Akt","Tragicomedy","http://www.textgridrep.org/textgrid:pmp3.0","","","","","1847","9","false","0.8904761904761904","0.6944444444444444","1.3055555555555556","ambrosio|bartolino","5.555555555555555","2","","1907","1847","8","9","1","8","0","0","1","25","1847","7","0","0","7","7533","6609","275","0","942"
"heine-almansor","ger000284","Q19127058","Heine","0","Almansor","Eine Tragödie","Tragedy","http://www.textgridrep.org/textgrid:psxj.0","","","","","1821","35","false","0.9305165815360718","0.46050420168067224","1.6067226890756303","zuleima|aly","15.657142857142857","3","","1823","1821","30","35","4","29","2","4","1","274","","8","0","0","8","13747","13527","1078","0","1815"
"heine-william-ratcliff","ger000446","Q21552749","Heine","0","William Ratcliff","Tragödie","Tragedy","http://www.textgridrep.org/textgrid:ptkw.0","","","","","1823","16","false","0.9207875457875458","0.5833333333333334","1.4166666666666667","ratcliff","8.75","2","","1888","1823","15","16","2","13","1","2","1","70","","4","1","0","4","7452","6800","896","3","847"
"heiseler-die-kinder-godunofs","ger000029","Q55724067","Heiseler","0","Die Kinder Godunófs","Tragödie","Tragedy","http://www.textgridrep.org/textgrid:pvxf.0","","","","","1929","31","false","0.9125849573439446","0.43870967741935485","1.5612903225806452","boris","13.161290322580646","2","","1930","1929","30","31","3","27","1","2","1","204","1923","5","0","5","0","13473","13159","1433","0","1837"
"heiseler-peter-und-alexej","ger000196","Q55724133","Heiseler","0","Peter und Alexéj","Tragödie","Tragedy","http://www.textgridrep.org/textgrid:pvxk.0","","","","","1912","29","false","0.8725870754908868","0.5763546798029556","1.4236453201970443","several characters","16.137931034482758","2","","1913","1912","28","29","3","25","1","3","1","234","1906","5","0","5","0","17629","16864","2823","76","2167"
"helldorff-der-zwischenact","ger000729","Q134487611","Helldorff","0","Der Zwischenact","Zwischenspiel in 1 Acte","","https://nbn-resolving.org/urn:nbn:de:urmel-hisbest-358064","Schumann","Schneeberg","1828","47","1828","9","false","0.8904761904761904","0.6944444444444444","1.3055555555555556","madam_silberstoff|moorberg","5.555555555555555","2","","","1828","8","9","3","6","0","0","1","25","","17","0","0","17","3810","3521","505","0","321"
"hensel-die-entfuehrung-oder-die-zaertliche-mutter","ger000765","Q85756841","Hensel","0","Die Entführung, oder: die zärtliche Mutter","Ein Drama in fünf Aufzügen","","http://resolver.sub.uni-goettingen.de/purl?PPN857233920","Logenmeister","Wien","1772","88","1772","11","false","0.6294372294372295","0.4727272727272727","1.6363636363636365","lady","4.7272727272727275","3","1772-07-18","1772","1772","8","11","5","6","0","0","1","26","","62","1","5","62","14469","13701","1470","342","0"
"hensler-der-schornsteinfeger","ger000705","Q127627729","Hensler","0","Der Schornsteinfeger","Ein Original Lustspiel in drey Aufzügen","Comedy","https://books.google.com/books?id=Mh1IAAAAcAAJ&printsec=frontcover","Wallishausser","Wien","1791","91","1789","12","false","0.8082671957671957","0.6515151515151515","1.3636363636363635","kaspar|wilhelm","7.166666666666667","3","1789-10-30","1789","1791","10","12","3","9","0","0","1","43","","60","0","3","60","17692","17057","1966","758","0"
"hensler-die-teufelsmuehle-am-wienerberg","ger000111","Q55724220","Hensler","0","Die Teufelsmühle am Wienerberg","Ein österreichisches Volksmährchen mit Gesang in vier Aufzügen","","http://www.textgridrep.org/textgrid:pzj2.0","","","","","1799","35","false","0.791505410780983","0.2453781512605042","1.8705882352941177","guenther","8.342857142857143","4","","","1799","29","35","4","20","11","8","1","146","","58","1","4","58","15761","14871","2266","653","340"
"hermes-der-advokat","ger000736","Q135334624","Hermes","0","Der Advokat","Lustspiel in einem Act","Comedy","https://resolver.staatsbibliothek-berlin.de/SBB00038B7200000000","","Seidenberg","1829","35","1829","8","false","0.5958333333333333","0.39285714285714285","1.7142857142857142","goeren","2.75","3","","","1829","6","8","3","5","0","0","1","11","","21","0","1","21","5750","5569","318","129","15"
"herzenskron-hoang-puff","ger000571","Q111669378","Herzenskron","0","Hoang-Puff","Posse in einem Acte, nach dem Französischen der Herren Caignéz und Louis frey bearbeitet","Comedy","https://de.wikisource.org/wiki/Hoang-Puff","","","","","1822","7","false","0.8857142857142858","0.8571428571428571","1.1428571428571428","hoang-puff|zimar|nadir","5.142857142857143","2","1822-09-30","1822","1826","6","7","1","6","0","1","1","18","","18","0","0","18","5770","5506","562","343","0"
"herzl-das-neue-ghetto","ger000699","Q125352855","Herzl","0","Das neue Ghetto","Schauspiel in 4 Acten","","https://archive.org/details/bub_gb_T5k5AAAAMAAJ","Buchdruckerei »Industrie« – Selbstverlag","Wien","1903","100","1897","23","false","0.815275944647327","0.4901185770750988","1.5256916996047432","jacob","10.782608695652174","3","1898-01-05","1898","1897","20","23","8","13","2","4","1","124","1894","33","1","4","33","16068","15568","2668","988","0"
"herzl-der-fluechtling","ger000633","Q121335756","Herzl","0","Der Flüchtling","Lustspiel in einem Aufzug","Comedy","https://archive.org/details/derfluchtlinglus00herz","Reclam","Leipzig","1887","30","1887","4","false","1","1","1","several characters","3","1","1889-05-04","1889","1887","3","4","2","2","0","0","1","6","","10","0","0","10","5911","5582","979","392","0"
"heym-atalanta-oder-die-angst","ger000535","Q106254921","Heym","0","Atalanta oder Die Angst","","","http://www.textgridrep.org/textgrid:q3hr.0","","","","","1911","3","false","1","1","1","atalanta|bartolomeo|sigismondo","2","1","","1981","1962","2","3","1","2","0","0","1","3","1910/1911","3","0","1","0","7477","7326","1021","0","960"
"heyne-der-stammbaum","ger000553","Q110080014","Heyne","0","Der Stammbaum","Erste Fortsetzung der beyden Billets","Comedy","https://de.wikisource.org/wiki/Der_Stammbaum_(1791)","Dyk","Leipzig","1791","56","1791","4","false","1","1","1","several characters","3","1","","","1791","3","4","1","3","0","0","1","6","","9","0","0","9","7955","7855","827","348","0"
"heyne-die-beiden-billets","ger000482","Q79349104","Heyne","0","Die beiden Billets","Ein Lustspiel in einem Akt","Comedy","https://de.wikisource.org/wiki/Die_beiden_Billets_(1790)","Dyk","Leipzig","1790","46","1783","3","false","1","1","1","guerge|schnapps|roesgen","2","1","1783-07-09","1783","1783","2","3","1","2","0","0","1","3","","11","0","0","11","6067","5969","296","192","0"
"heyse-colberg","ger000047","Q56201612","Heyse","0","Colberg","Historisches Schauspiel in fünf Akten","","http://www.textgridrep.org/textgrid:q4j5.0","","","","","1865","30","false","0.8638153501698393","0.35172413793103446","1.7517241379310344","gneisenau","10.2","3","","1865","1868","22","30","2","25","3","3","1","153","","49","0","5","49","21602","20534","2671","5","2909"
"heyse-don-juans-ende","ger000266","Q56201730","Heyse","0","Don Juan's Ende","Trauerspiel in fünf Akten","Tragedy","http://www.textgridrep.org/textgrid:q41n.0","","","","","1883","15","false","0.8404003404003404","0.49523809523809526","1.5142857142857142","don_juan","6.933333333333334","3","","1884","1883","13","15","4","9","2","2","1","52","","33","0","5","33","21408","20575","3158","614","18"
"hillern-guten-abend","ger000646","Q122203279","Hillern","0","Guten Abend","Dramatischer Scherz in einem Act","Comedy","https://books.google.com/books?id=c557kN17WVcC&printsec=frontcover","Reclam","Leipzig","1865","12","1865","3","false","1","1","1","franziska|arnold|adlerstein","2","1","1865-10-09","1865","1865","2","3","1","2","0","0","1","3","","3","0","0","3","4394","4299","527","100","0"
"hippel-der-mann-nach-der-uhr","ger000359","Q51393766","Hippel","0","Der Mann nach der Uhr oder Der ordentliche Mann","Lustspiel in einem Aufzuge","Comedy","http://www.textgridrep.org/textgrid:q5q1.0","Niemeyer","Halle (Saale)","1928","49","1765","6","false","1","1","1","several characters","5","1","","1765","1765","5","6","2","4","0","0","1","15","","18","0","0","18","8875","8718","524","409","0"
"hofmannsthal-alkestis","ger000115","Q56448268","Hofmannsthal","0","Alkestis","Ein Trauerspiel nach Euripides","Tragedy","http://www.textgridrep.org/textgrid:qdk1.0","","","","","1894","33","false","1","0.8295454545454546","1","several characters","26.545454545454547","1","","1916","1909","29","33","8","17","7","8","2","438","1893/1894","2","0","1","0","7547","7506","743","0","975"
"hofmannsthal-arabella","ger000210","Q390779","Hofmannsthal","0","Arabella","Lyrische Komödie in drei Aufzügen","Comedy","http://www.textgridrep.org/textgrid:qdmd.0","","","","","1928","18","false","0.8966727716727717","0.7777777777777778","1.2222222222222223","several characters","13.222222222222221","2","","1933","1928","17","18","5","12","1","3","1","119","","3","19","3","0","13921","13574","3370","0","1364"
"hofmannsthal-ariadne-auf-naxos","ger000267","Q654633","Hofmannsthal","0","Ariadne auf Naxos","Oper in einem Aufzuge nebst einem Vorspiel / Neue Bearbeitung","","http://www.textgridrep.org/textgrid:qd3h.0","","","","","1912","17","true","0.9279411764705883","0.6397058823529411","1.3602941176470589","der_tenor_bacchus|zerbinetta|primadonna_ariadne","10.235294117647058","2","","1916","1912","16","17","5","12","0","0","1","87","","2","22","1","0","7914","7737","1802","177","546"
"hofmannsthal-das-bergwerk-zu-falun","ger000161","Q18572634","Hofmannsthal","0","Das Bergwerk zu Falun","","","http://www.textgridrep.org/textgrid:qdqn.0","","","","","1899","27","false","0.9208320764203117","0.46153846153846156","1.5384615384615385","elis","12","2","","1949","1933","26","27","13","13","1","2","1","162","1899","5","1","5","0","21735","21105","3998","0","2474"
"hofmannsthal-das-salzburger-grosse-welttheater","ger000265","Q56255229","Hofmannsthal","0","Das Salzburger große Welttheater","","","http://www.textgridrep.org/textgrid:qdm5.0","","","","","1922","16","false","1","1","1","several characters","15","1","","1922","1929","15","16","1","7","8","2","1","120","","1","1","1","0","14215","14042","3223","134","1064"
"hofmannsthal-der-abenteurer-und-die-saengerin","ger000102","Q56448275","Hofmannsthal","0","Der Abenteurer und die Sängerin oder Die Geschenke des Lebens","In einem Aufzug (mit einer Verwandlung)","","http://www.textgridrep.org/textgrid:qdks.0","","","","","1899","16","false","0.9416666666666669","0.8833333333333333","1.1166666666666667","several characters","13.25","2","","1899","1899","15","16","5","11","0","0","1","106","1898","2","0","0","2","18039","17740","3423","85","1922"
"hofmannsthal-der-rosenkavalier","ger000109","Q471240","Hofmannsthal","0","Der Rosenkavalier","Komödie für Musik","","http://www.textgridrep.org/textgrid:qdjz.0","","","","","1911","32","true","0.9146343940911004","0.5564516129032258","1.4435483870967742","several characters","17.25","2","","1911","1911","31","32","6","20","6","11","1","276","1909/1910","3","34","3","0","20724","19753","7619","0","1785"
"hofmannsthal-der-schwierige","ger000364","Q200657","Hofmannsthal","0","Der Schwierige","Lustspiel in drei Akten","Comedy","http://www.textgridrep.org/textgrid:qd6w.0","","","","","1920","18","false","0.7404897571564238","0.39215686274509803","1.6862745098039216","hans_karl|crescence","6.666666666666667","3","","1921","1920","13","18","7","11","0","0","1","60","1917","48","3","3","48","29644","29167","2513","1280","0"
"hofmannsthal-der-tod-des-tizian","ger000127","Q1197448","Hofmannsthal","0","Der Tod des Tizian","Ein dramatisches Fragment","","http://www.textgridrep.org/textgrid:qdhd.0","","","","","1901","9","false","0.8888888888888888","0.7777777777777778","1","several characters","6.222222222222222","1","","1901","1901","7","9","1","8","0","0","2","28","1892","2","2","1","0","3042","2727","745","0","324"
"hofmannsthal-der-tor-und-der-tod","ger000079","Q1197570","Hofmannsthal","0","Der Tor und der Tod","","","http://www.textgridrep.org/textgrid:qd27.0","","","","","1894","6","false","1","1","1","several characters","5","1","","1898","1894","5","6","2","3","1","0","1","15","1893","1","2","1","0","4185","4060","495","0","554"
"hofmannsthal-der-turm","ger000387","Q1197640","Hofmannsthal","0","Der Turm","Ein Trauerspiel in fünf Aufzügen","Tragedy","http://www.textgridrep.org/textgrid:qdj2.0","","","","","1924","97","false","0.9532155290880571","0.31507731958762886","1.698668384879725","julian","30.24742268041237","3","","1928","1924","92","97","4","90","3","8","1","1467","1921/1924","7","2","5","4","36106","35524","7293","1168","0"
"hofmannsthal-der-unbestechliche","ger000386","Q1197676","Hofmannsthal","0","Der Unbestechliche","Lustspiel in fünf Akten","Comedy","http://www.textgridrep.org/textgrid:qd46.0","","","","","1923","13","false","0.7606449106449106","0.6282051282051282","1.3717948717948718","baronin","7.538461538461538","2","","1923","1924","12","13","7","6","0","0","1","49","1923","39","4","5","39","18589","17779","3327","725","0"
"hofmannsthal-die-frau-im-fenster","ger000237","Q55118676","Hofmannsthal","0","Die Frau im Fenster","","","http://www.textgridrep.org/textgrid:qdmw.0","","","","","1898","4","false","0.75","0.5","1","amme|dianora|braccio","1.5","1","","1898","1898","2","4","2","2","0","0","2","3","1897","2","0","1","0","8280","7923","1335","66","844"
"hofmannsthal-die-frau-ohne-schatten","ger000012","Q1143019","Hofmannsthal","0","Die Frau ohne Schatten","Oper in drei Akten","","http://www.textgridrep.org/textgrid:qdcq.0","","","","","1919","24","true","0.8935987448859303","0.677536231884058","1.3224637681159421","several characters","15.583333333333334","2","","1919","1919","23","24","4","9","11","9","1","187","1911/1915","3","18","3","0","12151","11963","3702","0","1929"
"hofmannsthal-elektra","ger000375","Q731927","Hofmannsthal","0","Elektra","Tragödie in einem Aufzug frei nach Sophokles","Tragedy","http://www.textgridrep.org/textgrid:qd2g.0","","","","","1903","18","false","1","1","1","several characters","17","1","","1903","1904","17","18","12","6","0","1","1","153","1903","1","28","1","0","11258","11193","1492","0","1459"
"hofmannsthal-jedermann","ger000159","Q16632333","Hofmannsthal","0","Jedermann","Das Spiel vom Sterben des reichen Mannes","","http://www.textgridrep.org/textgrid:qdnz.0","S. Fischer","Frankfurt am Main","1979","64","1911","43","false","1","1","1","several characters","42","1","1911-11-01","1911","1911","42","43","11","26","6","1","1","903","1903/1911","1","6","1","0","12382","12322","876","0","1792"
"hofmannsthal-oedipus-und-die-sphinx","ger000300","Q293984","Hofmannsthal","0","Ödipus und die Sphinx","Tragödie in drei Aufzügen","Tragedy","http://www.textgridrep.org/textgrid:qdm9.0","","","","","1906","34","false","0.9788106448112842","0.5811051693404634","1.4188948306595366","oedipus","19.176470588235293","2","","1906","1906","33","34","4","28","2","6","1","326","1904/1905","3","1","3","0","22869","22646","2357","0","3090"
"holtei-die-kalkbrenner","ger000331","Q56255253","Holtei","0","Die Kalkbrenner","Liederposse in einem Akt","Comedy","http://www.textgridrep.org/textgrid:qfxj.0","","","","","1825","8","false","0.8392857142857143","0.7857142857142857","1.2142857142857142","kotzeluch","5.5","2","","1825","1828","7","8","2","6","0","1","1","22","","11","0","0","11","6894","6368","465","197","148"
"holtei-ein-trauerspiel-in-berlin","ger000289","Q56255245","Holtei","0","Ein Trauerspiel in Berlin","Bürgerliches Drama in drei Akten","Tragedy","http://www.textgridrep.org/textgrid:qfxf.0","Trewendt","Breslau","1867","98","1832","18","false","0.8269505186171853","0.5359477124183006","1.4901960784313726","doerthe","9.11111111111111","3","1832-03-24","1832","1838","15","18","4","13","1","1","1","82","","40","0","3","40","19357","18186","2217","734","0"
"holz-ignorabimus","ger000390","Q51400411","Holz","0","Ignorabimus","Tragödie","Tragedy","http://www.textgridrep.org/textgrid:qh44.0","","","","","1914","7","false","1","1","1","several characters","6","1","","1927","1914","6","7","1","4","2","0","1","21","","5","0","5","0","105636","104107","48850","3857","0"
"holz-jerschke-traumulus","ger000399","Q56254577","Holz","1","Traumulus","Tragische Komödie","Tragicomedy","http://www.textgridrep.org/textgrid:qh0j.0","","","","","1904","27","false","0.8403898786939722","0.4301994301994302","1.6894586894586894","zedlitz","11.185185185185185","3","","1904","1904","20","27","3","24","0","2","1","151","","5","0","5","0","20357","19783","3259","923","29"
"holz-schlaf-die-familie-selicke","ger000223","Q1212316","Holz","1","Die Familie Selicke","Drama in drei Aufzügen","","http://www.textgridrep.org/textgrid:qggj.0","","","","","1890","8","false","1","1","1","several characters","7","1","","1890","1890","7","8","3","5","0","0","1","28","","3","2","3","0","18971","18524","5511","801","2"
"holz-sonnenfinsternis","ger000174","Q56254816","Holz","0","Sonnenfinsternis","Tragödie","Tragedy","http://www.textgridrep.org/textgrid:qhpn.0","","","","","1908","6","false","0.9333333333333332","0.9333333333333333","1.0666666666666667","several characters","4.666666666666667","2","","1913","1908","5","6","1","5","0","0","1","14","","5","0","5","0","56769","55593","25781","2101","0"
"holz-sozialaristokraten","ger000051","Q2305239","Holz","0","Sozialaristokraten","Komödie","Comedy","http://www.textgridrep.org/textgrid:qhwd.0","","","","","1896","16","false","0.8814178876678876","0.7333333333333333","1.2666666666666666","several characters","11","2","","1897","1896","15","16","4","12","0","0","1","88","","5","1","5","0","23309","22665","5009","877","10"
"horvath-geschichten-aus-dem-wiener-wald","ger000522","Q11247830","Horváth","0","Geschichten aus dem Wiener Wald","Volksstück in drei Teilen","","http://hdl.handle.net/11471/541.10.5405","","","","","1931","26","false","0.8080787489032981","0.44","1.593846153846154","marianne","11","3","","1931","1931","24","26","12","14","0","0","1","143","1930/1931","15","7","0","15","21102","19749","4416","1293","90"
"horvath-kasimir-und-karoline","ger000467","Q1734967","Horváth","0","Kasimir und Karoline","Volksstück","","https://www.projekt-gutenberg.org/horvath/kasimir/index.html","","","","","1932","17","false","0.6389865036923861","0.34558823529411764","1.8583333333333334","kasimir|karoline","5.529411764705882","4","","1932","1932","11","17","7","9","1","1","2","47","1931/1932","117","3","0","117","11943","10255","2623","754","73"
"houwald-die-freistatt","ger000519","Q104552092","Houwald","0","Die Freistatt","Ein tragisches Bild in einem Acte","Comedy","https://books.google.com/books?id=a51JAAAAMAAJ&pg=PA1","Göschen","Leipzig","1825","44","1819","4","false","0.5833333333333334","0.6666666666666666","1.3333333333333333","conrad","2","2","","1819","1819","3","4","1","3","0","0","1","4","1817","7","1","0","7","4731","4602","513","0","572"
"huber-die-torte","ger000627","Q120411019","Huber","0","Die Torte","Ein Lustspiel für Kinder in einem Aufzuge","Comedy","https://books.google.com/books?id=unMgNxNwgYEC&printsec=frontcover","","Frankfurt und Leipzig","1786","22","1786","9","false","0.9523809523809523","0.8333333333333334","1.1666666666666667","fritz|karl","6.666666666666667","2","","","1786","8","9","3","6","0","0","1","30","","10","0","0","10","2084","1925","225","73","0"
"iffland-das-erbtheil-des-vaters","ger000015","Q51394607","Iffland","0","Das Erbtheil des Vaters","Ein Schauspiel in vier Aufzügen","","http://www.textgridrep.org/textgrid:qkmh.0","","","","","1802","15","false","0.8597254597254597","0.6857142857142857","1.3428571428571427","delomer|dominique_sohn","9.6","3","","","1802","13","15","2","11","2","2","1","72","","50","0","4","50","24567","24009","2194","1559","0"
"iffland-das-gewissen","ger000732","Q133374450","Iffland","0","Das Gewissen","Ein bürgerliches Trauerspiel in fünf Aufzügen","Tragedy","https://books.google.com/books?id=DzaAhbWVGJAC&printsec=frontcover","Göschen","Leipzig","1799","158","1796","10","false","0.9055555555555556","0.8888888888888888","1.1111111111111112","several characters","8","2","1796-12-09","1796","1799","9","10","3","7","0","0","1","40","","58","0","5","58","24457","23883","1974","1395","0"
"iffland-der-spieler","ger000303","Q51394875","Iffland","0","Der Spieler","Ein Schauspiel in fünf Aufzügen","","http://www.textgridrep.org/textgrid:qkn4.0","","","","","1796","20","false","0.81174571343689","0.4789473684210526","1.5315789473684212","herr_von_wallenfeld","9.1","3","","1796","1796","17","20","1","19","0","0","1","91","","66","0","5","66","24724","24069","2572","1506","0"
"iffland-die-jaeger","ger000156","Q51394974","Iffland","0","Die Jäger","Ein ländliches Sittengemälde in fünf Aufzügen","","http://www.textgridrep.org/textgrid:qkmq.0","","","","","1785","18","false","0.825525092191759","0.46405228758169936","1.673202614379085","anton","7.888888888888889","3","","1785","1785","12","18","5","12","1","1","1","71","","70","0","5","70","27421","26574","2076","1562","19"
"iffland-figaro-in-deutschland","ger000434","Q51395031","Iffland","0","Figaro in Deutschland","Ein Lustspiel in fünf Aufzügen","Comedy","http://www.textgridrep.org/textgrid:qkmw.0","","","","","1790","17","false","0.8514847897200838","0.6691176470588235","1.3308823529411764","baronesse|figaro|hyazinth","10.705882352941176","2","","","1790","15","17","2","14","1","1","1","91","","95","0","5","95","31210","29625","3234","2024","0"
"iffland-liebe-und-wille","ger000587","Q112947415","Iffland","0","Liebe und Wille","Ein ländliches Gespräch in einer Handlung","","https://de.wikisource.org/wiki/Liebe_und_Wille","Klang","Wien","1843","16","1814","12","false","0.9727272727272728","0.9696969696969697","1.0303030303030303","several characters","10.666666666666666","2","1814-01-09","1814","1814","11","12","3","7","2","2","1","64","","6","0","0","6","3228","3114","130","160","0"
"iffland-verbrechen-aus-ehrsucht","ger000235","Q51395085","Iffland","0","Verbrechen aus Ehrsucht","Ein Familiengemälde in fünf Aufzügen","","http://www.textgridrep.org/textgrid:qkmx.0","","","","","1784","16","false","0.6959890803640804","0.4083333333333333","1.6416666666666666","ruhberg_der_sohn","6.125","3","1784-03-09","1784","1784","13","16","4","12","0","0","1","49","","56","0","5","56","21710","21217","1735","1182","0"
"immermann-andreas-hofer","ger000312","Q51529607","Immermann","0","Andreas Hofer, der Sandwirt von Passeier","Ein Trauerspiel","Tragedy","http://www.textgridrep.org/textgrid:qkq1.0","","","","","1835","39","false","0.7944855466594597","0.13900134952766532","2.251184834123223","andreas_hofer","5.282051282051282","4","","1835","1865","23","39","4","30","5","5","2","103","1826/1833","33","0","5","33","18121","17709","1026","220","1956"
"immermann-das-gericht-von-st-petersburg","ger000465","Q56440768","Immermann","0","Das Gericht von St. Petersburg","Tragödie","Tragedy","http://www.textgridrep.org/textgrid:qkp7.0","","","","","1832","39","false","0.7862692364395151","0.23481781376518218","2.1713900134952766","peter","8.923076923076923","5","","1835","1832","26","39","4","35","0","8","1","174","","33","0","5","33","20320","19752","1607","157","2456"
"immermann-die-bojaren","ger000463","Q56440749","Immermann","0","Die Bojaren","Schauspiel","","http://www.textgridrep.org/textgrid:qknj.0","","","","","1832","59","false","0.8273894579765168","0.1852717708942139","2.4149620105201635","glebof","10.745762711864407","5","","1835","1832","32","59","3","54","2","5","1","317","","35","0","5","35","17926","17407","1547","50","2481"
"immermann-eudoxia","ger000167","Q56440600","Immermann","0","Eudoxia","Ein Epilog","","http://www.textgridrep.org/textgrid:qkps.0","","","","","1832","12","false","0.9242424242424242","0.6212121212121212","1.378787878787879","peter|gordon","6.833333333333333","2","","1835","1832","11","12","2","8","2","2","1","41","","2","0","0","2","7052","7015","246","0","913"
"immermann-merlin","ger000004","Q56440735","Immermann","0","Merlin","Eine Mythe","","http://www.textgridrep.org/textgrid:qkp2.0","","","","","1832","28","false","0.7520269413126555","0.2619047619047619","2.267195767195767","artus","7.071428571428571","4","","","1832","14","28","4","22","2","4","1","99","1831/1832","19","0","0","1","22864","21686","885","7","3265"
"kaffka-der-transport","ger000589","Q112960912","Kaffka","0","Der Transport","Ein Lustspiel in einem Aufzuge","Comedy","https://books.google.com/books?id=rM9UAAAAcAAJ&printsec=frontcover","","","","","1777","10","false","0.9301587301587302","0.9111111111111111","1.0888888888888888","several characters","8.2","2","","","1777","9","10","2","8","0","0","1","41","","19","0","0","19","8705","8486","889","308","11"
"kafka-der-gruftwaechter","ger000566","Q204780","Kafka","0","Der Gruftwächter","","","http://www.kafka.org/index.php?gruftwaechter","S. Fischer","Frankfurt/M.","1993","14","1917","3","false","1","1","1","fuerst|kammerherr|waechter","2","1","","1950","1936","2","3","0","3","0","0","1","3","1916/1917","1","3","1","0","1779","1710","214","103","0"
"kaiser-die-industrie-ausstellung","ger000596","Q115644573","Kaiser","0","Die Industrie-Ausstellung","Volksstück mit Gesang in zwei Acten","Comedy","https://books.google.com/books?id=7L04AQAAMAAJ&printsec=frontcover","Pichler","Wien","1846","150","1845","31","false","0.8837266675976353","0.2903225806451613","1.5108225108225108","several characters","8.709677419354838","3","1845-08-01","1845","1846","12","31","6","25","0","1","2","135","","41","0","2","41","29022","28296","3499","894","281"
"kaiser-die-koralle","ger000545","Q108266338","Kaiser","0","Die Koralle","Schauspiel in fünf Akten","","https://www.gutenberg.org/ebooks/63038","","","","","1917","18","false","0.8433825615198164","0.46405228758169936","1.5359477124183007","milliardaer","7.888888888888889","2","","1917","1917","17","18","4","14","0","0","1","71","","5","0","5","0","15503","14710","2354","883","0"
"kaiser-die-schule-des-armen","ger000093","Q56255237","Kaiser","0","Die Schule des Armen oder Zwei Millionen","Original-Charakterbild mit Gesang in vier Akten","","http://www.textgridrep.org/textgrid:qn26.0","","","","","1847","33","false","0.8842856396670399","0.2556818181818182","1.7878787878787878","christoph","8.181818181818182","3","","1847","1848","30","33","4","28","1","4","1","135","","41","0","4","41","21939","21189","2766","828","162"
"kaiser-stadt-und-land","ger000021","Q56255241","Kaiser","0","Stadt und Land oder Der Viehhändler aus Oberösterreich","Posse mit Gesang in drei Aufzügen","Comedy","http://www.textgridrep.org/textgrid:qn29.0","","","","","1844","15","false","0.8938476338476337","0.6952380952380952","1.3047619047619048","sebastian","9.733333333333333","2","","1844","1845","14","15","4","11","0","0","1","73","","38","0","3","38","16976","16365","2259","842","110"
"kaltneker-das-bergwerk","ger000403","Q56254541","Kaltneker","0","Das Bergwerk","Ein Drama in drei Akten","","http://www.textgridrep.org/textgrid:qn30.0","","","","","1921","56","false","0.9801063924633718","0.4461038961038961","1.1101036269430051","several characters","24.535714285714285","2","","1923","1921","31","56","12","40","4","5","2","687","1918","5","0","3","0","12081","11649","2037","684","36"
"kaltneker-die-opferung","ger000180","Q51405035","Kaltneker","0","Die Opferung","Eine Tragödie in vier Akten","Tragedy","http://www.textgridrep.org/textgrid:qn2w.0","","","","","1922","40","false","0.9622232504337769","0.41410256410256413","1.5858974358974358","der_prinz","16.15","2","","1922","1925","39","40","5","33","2","3","1","323","1918","4","0","4","0","16315","15743","2643","463","419"
"kannengiesser-die-vierbeinigten-philosophen","ger000543","Q107822636","Kannengießer","0","Die vierbeinigten Philosophen","Ein Trauerspiel in einem Act","","https://de.wikisource.org/wiki/Die_vierbeinigten_Philosophen","","","","","1802","12","false","0.8407106782106782","0.4090909090909091","1.5909090909090908","herr_von_albern","4.5","2","","","1802","11","12","0","8","4","0","1","27","","11","1","0","11","2850","2714","311","86","2"
"kind-der-freischuetz","ger000405","Q156435","Kind","0","Der Freischütz","Romantische Oper in drei Aufzügen","","http://www.textgridrep.org/textgrid:qx5q.0","","","","","1821","23","true","0.7673428529263768","0.383399209486166","1.774703557312253","max|kaspar","8.434782608695652","4","","1821","","19","23","6","12","5","9","1","97","","20","38","3","20","11301","10571","2774","295","608"
"klabund-der-kreidekreis","ger000070","Q16061494","Klabund","0","Der Kreidekreis","Spiel in fünf Akten nach dem Chinesischen","","http://www.textgridrep.org/textgrid:qxh9.0","","","","","1925","22","false","0.8774092069546615","0.4329004329004329","1.567099567099567","haitang|tschang-ling","9.090909090909092","2","","1925","1925","21","22","4","18","0","2","1","100","","5","1","5","0","18584","18306","1339","565","303"
"klabund-xyz","ger000533","Q106082380","Klabund","0","XYZ","Spiel zu dreien in drei Akten","Comedy","http://www.textgridrep.org/textgrid:qz9g.0","","","","","1927","6","false","0.8666666666666667","0.7333333333333333","1.2666666666666666","y|x","3.6666666666666665","2","","1927","1928","5","6","1","3","2","0","1","11","1927","3","0","3","0","14073","13759","1756","1130","0"
"kleist-amphitryon","ger000437","Q475044","Kleist","0","Amphitryon","Ein Lustspiel nach Molière","Comedy","http://www.textgridrep.org/textgrid:r0jz.0","Aufbau-Verlag","Berlin und Weimar","1978","82","1807","15","false","0.9183927183927185","0.7523809523809524","1.2476190476190476","sosias|amphitryon","10.533333333333333","2","1899-04-08","1899","1807","14","15","2","12","1","3","1","79","1803/1807","22","2","3","22","18226","18050","363","0","2598"
"kleist-das-kaethchen-von-heilbronn","ger000208","Q316826","Kleist","0","Das Käthchen von Heilbronn oder die Feuerprobe","Ein großes historisches Ritterschauspiel","","http://www.textgridrep.org/textgrid:r0gb.0","Aufbau-Verlag","Berlin und Weimar","1978","117","1810","61","false","0.8337145605575068","0.16830601092896175","2.0107344632768362","der_graf_vom_strahl","10.098360655737705","3","1810-03-17","1810","1810","46","61","8","43","10","13","2","308","1807/1808","53","6","5","53","26026","24962","2703","447","1600"
"kleist-der-zerbrochene-krug","ger000363","Q486602","Kleist","0","Der zerbrochne Krug","Ein Lustspiel","Comedy","http://www.textgridrep.org/textgrid:r0sb.0","Aufbau-Verlag","Berlin und Weimar","1978","75","1808","13","false","0.8383116883116883","0.6410256410256411","1.358974358974359","adam|licht|walter","7.6923076923076925","2","1808-03-02","1808","1811","11","13","5","7","1","1","1","50","1803/1806","13","14","0","13","16601","16417","384","0","2395"
"kleist-die-familie-schroffenstein","ger000049","Q1212309","Kleist","0","Die Familie Schroffenstein","Ein Trauerspiel in fünf Aufzügen","Tragedy","http://www.textgridrep.org/textgrid:r0px.0","Aufbau-Verlag","Berlin und Weimar","1978","113","1803","29","false","0.8662617703436303","0.42857142857142855","1.6009852216748768","eustache","12","3","1804-01-09","1804","1803","24","29","7","21","1","3","1","174","1802","13","3","5","13","23425","23027","1593","0","3513"
"kleist-die-hermannsschlacht","ger000078","Q615212","Kleist","0","Die Hermannsschlacht","Ein Drama","","http://www.textgridrep.org/textgrid:r0hz.0","Aufbau-Verlag","Berlin und Weimar","1978","111","1808","84","false","0.810206460394366","0.10986804360298336","2.5834767641996557","hermann","9.119047619047619","4","1860-10-18","1860","1821","44","84","7","70","7","11","1","383","1808","53","5","5","53","22129","21182","2201","0","2872"
"kleist-penthesilea","ger000152","Q451932","Kleist","0","Penthesilea","Ein Trauerspiel","Tragedy","http://www.textgridrep.org/textgrid:r0n2.0","Aufbau-Verlag","Berlin und Weimar","1978","116","1808","84","false","0.8931706439744059","0.14027538726333907","2.283132530120482","prothoe","11.642857142857142","5","1876-04-25","1876","1808","55","84","61","22","1","15","1","489","1806/1807","24","7","0","24","24819","24478","1736","0","3491"
"kleist-prinz-friedrich-von-homburg","ger000362","Q366146","Kleist","0","Prinz Friedrich von Homburg","Ein Schauspiel","","http://www.textgridrep.org/textgrid:r10b.0","Aufbau-Verlag","Berlin und Weimar","1978","91","1810","43","false","0.836574003614579","0.22259136212624583","1.8582375478927202","der_prinz_von_homburg","9.348837209302326","3","1821-10-03","1821","1821","31","43","6","35","2","6","2","201","1809/1810","36","7","5","36","18572","17631","2920","0","2118"
"kleist-robert-guiskard","ger000745","Q26262785","Kleist","0","Robert Guiskard, Herzog der Normänner","[Fragment aus dem Trauerspiel]","Tragedy","http://www.textgridrep.org/textgrid:r0vx.0","Aufbau-Verlag","Berlin und Weimar","1978","22","1808","24","false","0.872164294039294","0.34057971014492755","1.6284584980237153","der_greis","7.833333333333333","2","1901-04-06","1901","1808","22","24","2","20","2","2","2","94","1802/1808","10","1","0","10","4597","4414","344","0","565"
"kleist-seneka","ger000756","Q137710523","Kleist","0","Seneka","Ein Traurspiel","Tragedy","http://www.textgridrep.org/textgrid:r08t.0","Reclam","Stuttgart","1971","19","1758","8","false","0.65","0.42857142857142855","1.25","polybius|seneka","3","2","","","1758","5","8","1","7","0","0","2","12","1757/1758","8","0","2","9","4545","4295","96","52","0"
"klemm-der-auf-den-parnass-versetzte-gruene-hut","ger000330","Q55006545","Klemm","0","Der auf den Parnaß versetzte grüne Hut","Ein Lustspiel in drey Aufzügen","Comedy","http://www.textgridrep.org/textgrid:r11m.0","","","","","1767","7","false","1","1","1","several characters","6","1","","1767","1767","6","7","2","5","0","0","1","21","1767","36","0","3","36","12592","12304","265","614","6"
"klemm-der-besuch","ger000577","Q112654763","Klemm","0","Der Besuch","Ein Lustspiel in einem Aufzuge","Comedy","https://de.wikisource.org/wiki/Der_Besuch_(Klemm)","Schulz","Wien","1765","16","1765","7","false","0.6285714285714287","0.5714285714285714","1.4285714285714286","celimene","3.4285714285714284","2","","","1765","6","7","4","3","0","0","1","12","","9","0","0","9","3376","3307","64","151","0"
"klingemann-faust","ger000110","Q55006790","Klingemann","0","Faust","Ein Trauerspiel in fünf Acten","Tragedy","http://www.textgridrep.org/textgrid:r121.0","","","","","1812","20","false","0.743970588235294","0.2631578947368421","1.7894736842105263","faust","5","3","","1812","1815","18","20","2","15","3","3","1","50","","43","0","5","43","19631","18537","4580","0","2369"
"klinger-das-leidende-weib","ger000497","Q95579878","Klinger","0","Das leidende Weib","Ein Trauerspiel","Tragedy","http://www.textgridrep.org/textgrid:r135.0","Winkler","München","1971","51","1775","27","false","0.6931264209041985","0.2564102564102564","2.1623931623931623","franz","6.666666666666667","4","","","1775","13","27","9","16","2","1","1","90","","33","0","5","33","16076","15789","444","732","8"
"klinger-die-neue-arria","ger000103","Q56422542","Klinger","0","Die neue Arria","Ein Schauspiel","","http://www.textgridrep.org/textgrid:r134.0","Winkler","München","1971","71","1776","19","false","0.792785284890548","0.3508771929824561","1.7836257309941521","julio|solina","6.315789473684211","3","","","1776","13","19","6","13","0","0","1","60","1775","17","0","5","17","23726","23512","744","811","48"
"klinger-die-zwillinge","ger000190","Q1217801","Klinger","0","Die Zwillinge","Ein Trauerspiel in fünf Aufzügen","Tragedy","http://www.textgridrep.org/textgrid:r12v.0","Winkler","München","1971","54","1776","8","false","0.875","0.75","1.25","grimaldi","5.25","2","","1776","1776","7","8","2","5","1","1","1","21","","21","3","5","21","17733","17498","462","637","16"
"klinger-prinz-seiden-wurm-der-reformator","ger000498","Q95588022","Klinger","0","Prinz Seiden-Wurm der Reformator oder die Kron-Kompetenten","Ein moralisches Drama aus dem fünften Theil des Orpheus","","http://www.textgridrep.org/textgrid:r12n.0","","","","","1780","34","false","0.880546397187264","0.4206773618538324","1.910873440285205","prinz_seiden-wurm|minister_bim","13.882352941176471","4","","","1780","22","34","4","26","4","7","1","236","1779","34","0","5","32","14127","13614","900","393","91"
"klinger-simsone-grisaldo","ger000443","Q56422563","Klinger","0","Simsone Grisaldo","Ein Schauspiel in fünf Akten","","http://www.textgridrep.org/textgrid:r13g.0","Winkler","München","1971","81","1776","20","false","0.8235067954920897","0.49473684210526314","1.5421052631578946","grisaldo","9.4","3","","","1776","18","20","4","16","0","1","1","94","","16","0","5","16","26778","26499","1049","917","10"
"klinger-sturm-und-drang","ger000053","Q1768388","Klinger","0","Sturm und Drang","Ein Schauspiel","","http://www.textgridrep.org/textgrid:r12k.0","Winkler","München","1971","56","1777","13","false","0.7814130314130315","0.6410256410256411","1.3974358974358974","wild","7.6923076923076925","3","1777-04-01","1777","1777","11","13","5","8","0","0","1","50","1776","37","6","5","37","17747","17417","923","782","0"
"klopstock-der-tod-abels","ger000722","Q130634521","Klopstock","0","Der Tod Abels","Ein Trauerspiel","Tragedy","https://books.google.com/books?id=Y8A6AAAAcAAJ&pg=PA147","Göschen","Leipzig","1823","30","1759","5","false","0.8666666666666666","0.8","1.2","abel|eva","3.2","2","","","1759","4","5","2","3","0","0","1","8","","17","0","3","17","3310","3138","233","113","0"
"klopstock-der-tod-adams","ger000013","Q22809001","Klopstock","0","Der Tod Adams","Ein Trauerspiel","Tragedy","http://www.textgridrep.org/textgrid:r1zm.0","","","","","1757","11","false","0.9393939393939393","0.7272727272727273","1.2727272727272727","adam|seth","7.2727272727272725","2","","","1757","10","11","5","5","1","0","1","40","1753/1756","20","0","3","20","7100","6126","251","186","0"
"klopstock-hermanns-schlacht","ger000345","Q56447366","Klopstock","0","Hermanns Schlacht","Ein Bardiet für die Schaubühne","","http://www.textgridrep.org/textgrid:r1hd.0","","","","","1769","53","false","0.8884058165079888","0.3113207547169811","1.6944847605224964","brenno","16.18867924528302","3","","","1769","51","53","6","47","0","3","1","429","1766/1767","14","0","0","14","23253","22345","1093","695","650"
"kobell-der-roaga","ger000290","Q56447413","Kobell","0","Der Roaga [Reiher]","","","http://www.textgridrep.org/textgrid:r22j.0","","","","","1847","4","false","1","1","1","several characters","3","1","","1847","1868","3","4","1","3","0","0","1","6","1847","5","0","0","5","3775","3683","484","90","158"
"koch-die-maennerfeindin","ger000680","Q124657244","Koch","0","Die Männerfeindin","Schauspiel in einem Aufzuge","","https://books.google.com/books?id=ZE5WAAAAcAAJ&pg=RA1-PA1","Kratzsch","Hamburg","1803","71","1803","7","false","0.9238095238095239","0.9047619047619048","1.0952380952380953","several characters","5.428571428571429","2","","","1803","6","7","4","3","0","0","1","19","","12","0","1","12","8514","8340","512","424","0"
"koerner-die-blumen","ger000688","Q123335315","Körner","0","Die Blumen","Ein Spiel in Versen","","https://www.projekt-gutenberg.org/koerner/dramfrag/chap005.html","Hempel","Berlin","1879","6","1811","2","false","0","1","1","lilla|rosa","1","1","","","","1","2","2","0","0","0","1","1","1811","1","0","0","1","1401","1298","49","0","240"
"koerner-die-braut","ger000520","Q104585885","Körner","0","Die Braut","Ein Lustspiel in Alexandrinern, in einem Aufzuge","Comedy","https://www.projekt-gutenberg.org/koerner/braut/index.html","","","","","1812","3","false","0","0.6666666666666666","1.3333333333333333","sohn","1.3333333333333333","2","","1812","1813","2","3","1","2","0","0","1","2","1811","9","0","0","9","5056","4876","207","0","519"
"koerner-zriny","ger000346","Q42197855","Körner","0","Zriny","Ein Trauerspiel in fünf Aufzügen","Tragedy","http://www.textgridrep.org/textgrid:r23w.0","","","","","1812","22","false","0.797830956921866","0.31601731601731603","2.051948051948052","zriny","6.636363636363637","4","","1812","1814","14","22","2","19","1","4","1","73","1812","50","0","5","50","20898","20211","794","0","2857"
"koller-der-zauberstein","ger000574","Q111592520","Koller","0","Der Zauberstein","Eine Posse in einem Aufzuge. Vierte Fortsetzung der beiden Billets","Comedy","https://de.wikisource.org/wiki/Der_Zauberstein","Blothe","Osnabrück","1804","50","1804","4","false","0.5833333333333333","0.6666666666666666","1.3333333333333333","goerge","2","2","","","1804","3","4","1","3","0","0","1","4","","15","0","0","15","5467","5304","302","409","0"
"kotzebue-blind-geladen","ger000615","Q884182","Kotzebue","0","Blind geladen","Lustspiel in Einem Akt","Comedy","https://de.wikisource.org/wiki/Blind_geladen","Hartmann","Leipzig","1811","70","1810","7","false","0.6904761904761906","0.6190476190476191","1.380952380952381","thal","3.7142857142857144","2","1810-11-18","1810","1811","6","7","1","6","0","0","1","13","","23","1","0","23","6645","6341","372","498","0"
"kotzebue-das-kind-der-liebe","ger000700","Q125580548","Kotzebue","0","Das Kind der Liebe","Ein Schauspiel in fünf Akten","","https://books.google.com/books?id=DSwHAAAAQAAJ&printsec=frontcover","Kummer","Leipzig","1791","198","1790","19","false","0.5239006607427661","0.23976608187134502","2.128654970760234","pfarrer","4.315789473684211","4","1790-02-10","1790","1791","11","19","4","15","0","0","1","41","","40","0","5","40","27170","23849","1992","914","0"
"kotzebue-das-koestlichste","ger000676","Q124435188","Kotzebue","0","Das Köstlichste","Schauspiel in Einem Akt","","https://books.google.com/books?id=KY5TAAAAcAAJ&pg=PA97","La Garde","Berlin","1806","34","1806","9","false","0.8042328042328042","0.6666666666666666","1.3611111111111112","aldor|ellina|korasmin","5.333333333333333","3","","","1806","7","9","1","8","0","0","1","24","","8","0","0","8","3890","3798","95","0","430"
"kotzebue-das-posthaus-in-treuenbrietzen","ger000679","Q110889067","Kotzebue","0","Das Posthaus in Treuenbrietzen","Lustspiel in einem Akt","Comedy","https://books.google.com/books?id=sI9TAAAAcAAJ&pg=PA1","Kummer","Leipzig","1808","71","1807","6","false","0.9","0.8","1.2","fix|therese","4","2","1807-12-20","1807","1808","5","6","2","4","0","0","1","12","","16","0","0","16","6715","6582","427","509","2"
"kotzebue-das-unsichtbare-maedchen","ger000636","Q121433916","Kotzebue","0","Das unsichtbare Mädchen","Ein Intermezzo","","https://books.google.com/books?id=F5BTAAAAcAAJ&pg=PA303","Hartmann","Leipzig","1812","34","1811","3","false","1","1","1","suschen|goldangel|stoffel","2","1","","1811","1812","2","3","1","2","0","0","1","3","","5","0","0","5","3311","3211","82","124","171"
"kotzebue-der-arme-poet","ger000583","Q112775643","Kotzebue","0","Der arme Poet","Ein Schauspiel in Einem Akt","","https://books.google.com/books?id=RZUeAQAAIAAJ&pg=PA142-IA3","Hartmann","Leipzig","1813","54","1812","5","false","0.8","0.7","1.3","lorenz|therese","2.8","2","1812-08-17","1812","1813","4","5","2","3","0","0","1","7","","9","0","0","9","6067","5929","290","242","0"
"kotzebue-der-freimaurer","ger000487","Q89212706","Kotzebue","0","Der Freimaurer","Lustspiel in Einem Act","Comedy","https://www.projekt-gutenberg.org/kotzebue/freimaur/freimaur.html","","","","","1817","4","false","0.8333333333333333","0.8333333333333334","1.1666666666666667","karoline|graf","2.5","2","","1817","1818","3","4","1","3","0","0","1","5","","10","0","0","10","4531","4463","73","0","471"
"kotzebue-der-hyperboreische-esel","ger000188","Q56448380","Kotzebue","0","Der Hyperboreische Esel, oder Die heutige Bildung","Ein drastisches Drama und philosophisches Lustspiel für Jünglinge / In einem Aufzuge","Comedy","http://www.textgridrep.org/textgrid:r2mm.0","","","","","1799","6","false","1","1","1","several characters","5","1","","1799","1799","5","6","2","4","0","0","1","15","","12","0","0","12","7273","5671","242","321","0"
"kotzebue-der-schutzgeist","ger000485","Q88192948","Kotzebue","0","Der Schutzgeist","Eine dramatische Legende in sechs Akten nebst einem Vorspiel","","http://www.deutschestextarchiv.de/kotzebue_schutzgeist_1814","Kummer","Leipzig","1814","275","1814","28","false","0.6553803339517624","0.14285714285714285","2.502645502645503","adelheid","3.857142857142857","5","","1814","1814","16","28","5","21","2","2","1","54","","52","0","7","51","24976","24124","1776","0","3223"
"kotzebue-der-verschwiegene-wider-willen","ger000579","Q112164010","Kotzebue","0","Der Verschwiegene wider Willen, oder die Fahrt von Berlin nach Potsdam","Ein Lustspiel in Einem Act","Comedy","https://de.wikisource.org/wiki/Der_Verschwiegene_wider_Willen","Hartmann","Leipzig","1816","70","1815","8","false","0.7696428571428572","0.6428571428571429","1.3571428571428572","frosch","4.5","2","1815-11-19","1815","1816","7","8","2","6","0","0","1","18","","25","0","0","25","7075","6709","491","412","0"
"kotzebue-der-weibliche-jacobiner-clubb","ger000578","Q111939198","Kotzebue","0","Der weibliche Jacobiner-Clubb","Ein politisches Lustspiel in Einem Aufzug","Comedy","https://de.wikisource.org/wiki/Der_weibliche_Jacobiner-Clubb","Kummer","Leipzig","1792","72","1791","20","false","0.865066844919786","0.7315789473684211","1.2736842105263158","duport|madam_duport|antoinette","13.9","3","1791-11-19","1791","1792","18","20","10","10","0","0","1","139","1791","18","0","0","18","7726","7393","496","478","0"
"kotzebue-der-wirrwarr","ger000494","Q91933035","Kotzebue","0","Der Wirrwarr, oder der Muthwillige","Eine Posse in fünf Akten","Comedy","https://www.projekt-gutenberg.org/kotzebue/wirrwarr/index.html","","","","","1801","10","false","0.792063492063492","0.6222222222222222","1.3777777777777778","fritz","5.6","2","","1801","1803","9","10","4","6","0","0","1","28","","50","0","5","50","18601","18022","1608","1343","0"
"kotzebue-die-alten-liebschaften","ger000666","Q124079923","Kotzebue","0","Die alten Liebschaften","Lustspiel in Einem Akt","Comedy","https://books.google.com/books?id=F5BTAAAAcAAJ&pg=PA51","Hartmann","Leipzig","1812","48","1811","3","false","1","1","1","julie|baron|elise","2","1","1811-09-21","1811","1812","2","3","2","1","0","0","1","3","","11","0","0","11","5051","4980","178","0","530"
"kotzebue-die-beiden-klingsberg","ger000281","Q56448388","Kotzebue","0","Die beiden Klingsberg","Ein Lustspiel in vier Akten","Comedy","http://www.textgridrep.org/textgrid:r2mv.0","","","","","1801","13","false","0.7399322899322899","0.46153846153846156","1.564102564102564","graf","5.538461538461538","3","","","1801","11","13","6","7","0","0","1","36","","54","0","4","54","20117","19587","1520","1280","4"
"kotzebue-die-deutschen-kleinstaedter","ger000225","Q1218034","Kotzebue","0","Die deutschen Kleinstädter","Ein Lustspiel in vier Akten","Comedy","http://www.textgridrep.org/textgrid:r2m4.0","","","","","1802","13","false","0.8637362637362638","0.6666666666666666","1.3333333333333333","frau_staar","8","2","","1802","1803","12","13","5","7","1","1","1","52","","53","1","4","53","18025","17479","1058","1160","21"
"kotzebue-die-indianer-in-england","ger000057","Q22712283","Kotzebue","0","Die Indianer in England","Lustspiel in drei Aufzügen","Comedy","http://www.textgridrep.org/textgrid:r2mn.0","","","","","1789","14","false","0.9150072150072149","0.7472527472527473","1.2637362637362637","kaberdar|liddy|samuel","9.714285714285714","3","","1789","1790","12","14","3","11","0","0","1","68","1788","43","0","3","43","23188","22649","1891","1153","0"
"kotzebue-die-spanier-in-peru","ger000490","Q90038124","Kotzebue","0","Die Spanier in Peru, oder: Rollas Tod","Ein romantisches Trauerspiel in fünf Aufzügen","Tragedy","https://www.projekt-gutenberg.org/kotzebue/rollas/index.html","","","","","1794","49","false","0.8707500730388147","0.1879251700680272","2.264455782312925","rolla","9.020408163265307","4","","1794","1796","24","49","12","35","2","5","1","221","","49","0","5","49","22312","21045","1869","1530","20"
"kotzebue-graf-benjowsky","ger000488","Q1541382","Kotzebue","0","Graf Benjowsky, oder: die Verschwörung auf Kamtschatka","Ein Schauspiel in fünf Aufzügen","","https://www.projekt-gutenberg.org/kotzebue/benjowsk/index.html","","","","","1794","32","false","0.8240909966494783","0.36088709677419356","1.6834677419354838","benjowsky","11.1875","3","","1794","1795","29","32","2","30","0","1","1","179","","34","1","5","34","24844","24195","2922","1834","20"
"kotzebue-maedchenfreundschaft","ger000486","Q88636794","Kotzebue","0","Mädchenfreundschaft, oder der türkische Gesandte","Ein Lustspiel in einem Akt","Comedy","https://de.wikisource.org/wiki/Mädchenfreundschaft,_oder_der_türkische_Gesandte","Wallishausser","Wien","1805","28","1805","8","false","0.9285714285714286","0.8928571428571429","1.1071428571428572","several characters","6.25","2","1805-06-18","1805","1805","7","8","5","3","0","1","1","25","","14","0","0","14","4412","4151","485","270","0"
"kotzebue-menschenhass-und-reue","ger000142","Q1920777","Kotzebue","0","Menschenhaß und Reue","Schauspiel in fünf Aufzügen","","http://www.textgridrep.org/textgrid:r2mf.0","","","","","1788","12","false","0.768001443001443","0.6363636363636364","1.3636363636363635","der_major","7","2","","1788","1790","11","12","4","8","0","0","1","42","","51","1","5","51","24335","23659","1754","1117","0"
"kotzebue-pagenstreiche","ger000495","Q92072925","Kotzebue","0","Pagenstreiche","Eine Posse in fünf Aufzügen","Comedy","https://www.projekt-gutenberg.org/kotzebue/pagenstr/index.html","","","","","1803","16","false","0.8683441558441559","0.7916666666666666","1.2083333333333333","baron|deborah","11.875","2","","1803","1804","15","16","5","11","0","0","1","95","","66","0","5","66","22205","21227","2353","1391","69"
"kotzebue-sultan-wampum","ger000491","Q90230139","Kotzebue","0","Sultan Wampum, oder: die Wünsche","Ein orientalisches Scherzspiel mit Gesang in drei Aufzügen","Comedy","https://www.projekt-gutenberg.org/kotzebue/wampum/index.html","","","","","1791","11","false","0.8301587301587301","0.5272727272727272","1.4727272727272727","wampum","5.2727272727272725","2","","1791","1794","10","11","1","8","2","1","1","29","","36","0","3","36","13134","12591","1065","520","330"
"kotzebue-ueble-laune","ger000484","Q88089338","Kotzebue","0","Ueble Laune","Ein Schauspiel in vier Akten","","https://www.projekt-gutenberg.org/kotzebue/ueblaune/index.html","Kummer","Leipzig","1799","174","1797","15","false","0.831067821067821","0.3619047619047619","1.7428571428571429","ulrike|der_geheimderath","5.066666666666666","3","","1797","1799","11","15","2","13","0","2","1","38","","45","1","4","45","22071","21642","1833","1686","14"
"kotzebue-wer-weiss-wozu-das-gut-ist","ger000654","Q123371304","Kotzebue","0","Wer weiß wozu das gut ist","Ein Schwank in Einem Akt","Comedy","https://books.google.com/books?id=MflXAAAAcAAJ&pg=PA286-IA1","Hartmann","Leipzig","1815","66","1814","6","false","0.8333333333333334","0.6666666666666666","1.3333333333333333","steffen|kaethgen","3.3333333333333335","2","1814-11-07","1814","1815","5","6","1","5","0","0","1","10","","13","0","0","13","7156","7007","317","414","0"
"kraus-die-letzten-tage-der-menschheit","ger000480","Q1218953","Kraus","0","Die letzten Tage der Menschheit","Tragödie in fünf Akten mit Vorspiel und Epilog","Tragedy","https://projekt-gutenberg.org/authors/karl-kraus/books/die-letzten-tage-der-menschheit/","Volk und Welt","Berlin","1978","636","1919","925","false","0.8619446928874888","0.029074529074529076","2.502374061252672","several characters","26.864864864864863","8","","1964","1919","158","925","93","802","30","60","120","12425","1915/1922","220","7","5","220","186517","172530","15083","5537","2342"
"kraus-traumstueck","ger000529","Q105755902","Kraus","0","Traumstück","","","http://pi.lib.uchicago.edu/1001/cat/bib/2965704","Verlag ›Die Fackel‹","Wien – Leipzig","1923","23","1923","11","false","1","1","1","several characters","10","1","","1924","1923","10","11","0","2","9","4","1","55","1922","1","0","0","1","2927","2755","150","0","475"
"krueger-die-candidaten","ger000320","Q56448539","Krüger","0","Die Candidaten oder Die Mittel zu einem Amte zu gelangen","Ein Lustspiel in fünf Handlungen","Comedy","http://www.textgridrep.org/textgrid:r2r7.0","","","","","1747","10","false","0.8026984126984129","0.6888888888888889","1.3111111111111111","der_graf|johann","6.2","2","","1747","1748","9","10","3","7","0","0","1","31","","50","0","5","50","24673","24325","793","524","6"
"krueger-die-geistlichen-auf-dem-lande","ger000173","Q56448672","Krüger","0","Die Geistlichen auf dem Lande","Ein Lustspiel in drey Handlungen","Comedy","http://www.textgridrep.org/textgrid:r2rb.0","","","","","1743","9","false","0.8915343915343913","0.8333333333333334","1.1666666666666667","peter|frau_von_birkenhayn|herr_von_roseneck","6.666666666666667","2","","","1743","8","9","4","5","0","0","1","30","","31","0","3","31","25326","25020","774","698","2"
"kupelwieser-fierrabras","ger000438","Q201295","Kupelwieser","0","Fierrabras","Heroisch-romantische Oper in drei Akten","","http://www.textgridrep.org/textgrid:rdg3.0","","","","","1897","18","true","0.828058053058053","0.49673202614379086","1.5620915032679739","emma|die_ritter|roland","8.444444444444445","3","","1897","","14","18","6","12","0","7","1","76","","33","11","3","33","6927","6109","2147","0","780"
"kurz-prinzessin-pumphia","ger000144","Q56440109","Kurz","0","Prinzessin Pumphia","Eine Parodie in lächerlichen Versen","Comedy","http://www.textgridrep.org/textgrid:rdgt.0","","","","","1767","14","false","0.9068027210884354","0.43956043956043955","1.3103448275862069","kulican","5.714285714285714","2","","","1767","10","14","2","10","2","2","2","40","","31","0","3","31","11992","10317","2792","0","1059"
"lachmann-salome","ger000537","Q723407","Lachmann","0","Salome","Drama in einem Aufzuge","","http://www.textgridrep.org/textgrid:rdhd.0","","","","","1905","17","true","0.9169467787114847","0.6544117647058824","1.3455882352941178","erster_soldat|jochanaan","10.470588235294118","2","","1905","1905","16","17","2","15","0","0","1","89","","4","35","0","4","6253","6144","475","259","0"
"laddey-maentelchen-nach-dem-winde","ger000605","Q116200056","Laddey","0","Mäntelchen nach dem Winde","Lustspiel in einem Akt","Comedy","https://books.google.com/books?id=DdxTAAAAcAAJ&printsec=frontcover","Mäntler","Stuttgart","1871","33","1871","5","false","1","1","1","several characters","4","1","","","1871","4","5","3","2","0","0","1","10","","16","0","0","16","9080","8846","609","279","33"
"larronge-hasemanns-toechter","ger000402","Q28154527","L'Arronge","0","Hasemann's Töchter","Volksstück in 4 Akten","","http://www.textgridrep.org/textgrid:rfbt.0","Stilke","Berlin","1908","88","1877","19","false","0.8264393501235606","0.4502923976608187","1.6257309941520468","emilie","8.105263157894736","3","","1877","1879","15","19","8","11","0","1","1","77","","61","1","4","61","24052","23363","2678","1258","30"
"larronge-mein-leopold","ger000197","Q25203613","L'Arronge","0","Mein Leopold","Volksstück in 3 Akten","","http://www.textgridrep.org/textgrid:rfbx.0","Stilke","Berlin","1908","88","1873","28","false","0.8197061102689144","0.3333333333333333","1.7065527065527066","minna","9","3","","1873","1876","22","28","7","20","1","2","2","126","","61","1","6","61","23623","22813","4301","1239","68"
"lasker-schueler-die-wupper","ger000468","Q1217638","Lasker-Schüler","0","Die Wupper","Schauspiel in fünf Aufzügen","","https://www.projekt-gutenberg.org/lasker/wupper/index.html","","","","","1909","58","false","0.9122296535684631","0.455535390199637","1.5468844525105867","mutter_pius","25.96551724137931","3","","1919","1909","56","58","16","38","4","7","1","753","","6","1","5","2","16781","12128","6021","979","0"
"lasker-schueler-ichundich","ger000767","Q19520992","Lasker-Schüler","0","IchundIch","Ein Schauspiel der Else-Lasker-Schüler in Aufzügen","Tragedy","https://www.kj-skrodzki.de/Dokumente/Text_093.htm","kj-skrodzki.de","","2020","61","1941","34","false","0.8559950483402025","0.5026737967914439","1.5258467023172906","die_dichterin|marte","16.58823529411765","3","1979-11-10","1979","1980","29","34","4","24","6","4","1","282","1940/1941","7","1","5","0","12070","10952","2005","369","476"
"lassalle-franz-von-sickingen","ger000287","Q56448902","Lassalle","0","Franz von Sickingen","Eine historische Tragödie","Tragedy","http://www.textgridrep.org/textgrid:rfc7.0","","","","","1859","64","false","0.8239651229081378","0.12748015873015872","2.7018849206349205","franz","8.03125","6","","1969","1859","35","64","4","59","1","6","1","257","1857/1858","39","0","5","39","43701","42299","4159","2","5669"
"laube-die-karlsschueler","ger000453","Q56448941","Laube","0","Die Karlsschüler","","","http://www.textgridrep.org/textgrid:rfd2.0","","","","","1846","14","false","0.935697635697636","0.9120879120879121","1.0879120879120878","several characters","11.857142857142858","2","","1846","1846","13","14","3","11","0","0","1","83","1846","29","0","5","29","43266","30823","4805","1483","54"
"laube-gottsched-und-gellert","ger000063","Q56183293","Laube","0","Gottsched und Gellert","Charakterlustspiel in fünf Akten","Comedy","http://www.textgridrep.org/textgrid:rfct.0","","","","","1845","14","false","0.9798534798534798","0.978021978021978","1.021978021978022","several characters","12.714285714285714","2","","1845","1846","13","14","4","10","0","0","1","89","1845","33","0","5","33","41579","33086","6518","1522","4"
"laube-monaldeschi","ger000254","Q56440842","Laube","0","Monaldeschi","Tragödie in fünf Akten","Tragedy","http://www.textgridrep.org/textgrid:rfcv.0","Max Hesses Verlag","Leipzig","1909","143","1841","12","false","0.8317640692640693","0.6212121212121212","1.378787878787879","brahe","6.833333333333333","2","","1841","1845","11","12","2","10","0","1","1","41","","68","0","5","68","42111","27714","3460","723","1169"
"laube-struensee","ger000389","Q56448986","Laube","0","Struensee","Tragödie in fünf Akten","Tragedy","http://www.textgridrep.org/textgrid:rfcn.0","Max Hesses Verlag","Leipzig","1909","106","1844","8","false","1","1","1","several characters","7","1","","1844","1846","7","8","2","6","0","0","1","28","","44","0","5","44","31564","22516","4561","994","0"
"laufs-jacoby-pension-schoeller","ger000069","Q1792084","Laufs","1","Pension Schöller","Posse in drei Aufzügen","Comedy","http://www.textgridrep.org/textgrid:rfd8.0","","","","","1890","20","false","0.8365715656892126","0.5684210526315789","1.4526315789473685","kissling","10.8","3","","1890","1890","18","20","7","13","0","0","1","108","","36","3","3","36","15730","15376","1970","919","0"
"lautensack-die-pfarrhauskomoedie","ger000024","Q56254804","Lautensack","0","Die Pfarrhauskomödie","Carmen Sacerdotale / Drei Szenen","Comedy","http://www.textgridrep.org/textgrid:rfn5.0","","","","","1911","4","false","1","1","1","several characters","3","1","","1920","1911","3","4","2","2","0","0","1","6","","3","0","0","3","10949","10030","3865","617","0"
"lautensack-hahnenkampf","ger000432","Q56256241","Lautensack","0","Hahnenkampf","Eine Komödie in sechs Szenen","Comedy","http://www.textgridrep.org/textgrid:rfm5.0","","","","","1908","17","false","0.8860340639752405","0.6838235294117647","1.3161764705882353","apotheker","10.941176470588236","2","","","1908","16","17","5","11","1","1","1","93","","6","0","0","6","11588","11198","2837","465","14"
"lautensack-medusa","ger000263","Q56256257","Lautensack","0","Medusa","Aus den Papieren eines Mönches","","http://www.textgridrep.org/textgrid:rfmj.0","","","","","1904","7","false","1","1","1","several characters","6","1","","","1904","6","7","4","3","0","0","1","21","","1","0","0","1","5410","4828","1030","242","0"
"lawaetz-die-diamanten","ger000652","Q123175556","Lawätz","0","Die Diamanten","Ein Schauspiel in einem Aufzuge. (Wahre Geschichte.)","","https://books.google.com/books?id=9AMTc7EvXTQC&pg=PA1","","Augsburg","1794","78","1793","10","false","0.859920634920635","0.5555555555555556","1.4444444444444444","baumann","5","2","","","1793","9","10","3","7","0","0","1","25","","15","0","0","15","11265","9194","1409","350","0"
"leisewitz-der-besuch-um-mitternacht","ger000447","Q56449014","Leisewitz","0","Der Besuch um Mitternacht","","","http://www.textgridrep.org/textgrid:rfx8.0","Winkler","München","1971","2","1774","3","false","1","1","1","der_fuerst|der_kammerherr|der_geist","2","1","","","1774","2","3","0","2","1","0","1","3","","1","0","0","1","455","441","36","13","0"
"leisewitz-die-pfandung","ger000260","Q56449035","Leisewitz","0","Die Pfandung","","","http://www.textgridrep.org/textgrid:rfxg.0","Winkler","München","1971","2","1774","2","false","0","1","1","der_mann|die_frau","1","1","","","1774","1","2","1","1","0","0","1","1","","1","0","0","1","408","394","23","18","0"
"leisewitz-julius-von-tarent","ger000050","Q1713126","Leisewitz","0","Julius von Tarent","Ein Trauerspiel","Tragedy","http://www.textgridrep.org/textgrid:rfxf.0","Winkler","München","1971","55","1776","16","false","0.5607638888888888","0.25","2.066666666666667","julius","3.75","4","1776-06-19","1776","1776","9","16","5","11","0","0","1","30","","36","5","5","36","17213","16885","860","508","0"
"lenz-der-englaender","ger000423","Q1193157","Lenz","0","Der Engländer","Eine dramatische Phantasei","","http://www.textgridrep.org/textgrid:rhnx.0","Goverts","Stuttgart","1967","25","1777","11","false","0.9098124098124099","0.6363636363636364","1.3636363636363635","robert","6.363636363636363","2","","","1777","10","11","2","9","0","1","1","35","1775/1776","6","1","5","6","6077","5847","932","155","14"
"lenz-der-hofmeister","ger000338","Q21213113","Lenz","0","Der Hofmeister oder Vorteile der Privaterziehung","Eine Komödie","Comedy","http://www.textgridrep.org/textgrid:rhzq.0","Goverts","Stuttgart","1967","96","1774","24","false","0.7637022699522701","0.2246376811594203","1.9671361502347418","geheimer_rat","5.166666666666667","4","","1778","1774","14","24","9","15","0","0","2","62","1771/1772","35","4","5","35","25385","24798","1682","656","0"
"lenz-der-neue-menoza","ger000400","Q1199464","Lenz","0","Der neue Menoza oder Geschichte des cumbanischen Prinzen Tandi","Eine Komödie","Comedy","http://www.textgridrep.org/textgrid:rj22.0","Goverts","Stuttgart","1967","75","1774","23","false","0.7388128779433127","0.3359683794466403","1.9209486166007905","graf","7.391304347826087","4","","1963","1774","13","23","5","16","2","0","1","85","1773","36","3","5","36","18731","18143","1415","702","1"
"lenz-die-freunde-machen-den-philosophen","ger000155","Q56255339","Lenz","0","Die Freunde machen den Philosophen","Eine Komödie","Comedy","http://www.textgridrep.org/textgrid:rhjs.0","Goverts","Stuttgart","1967","50","1775","17","false","0.8949346405228757","0.4632352941176471","1.536764705882353","strephon","7.411764705882353","2","","","1775","16","17","2","15","0","0","1","63","1775/1776","20","0","5","20","12483","12092","1503","341","8"
"lenz-die-soldaten","ger000374","Q1216300","Lenz","0","Die Soldaten","Ein Schauspiel","","http://www.textgridrep.org/textgrid:rhtz.0","Goverts","Stuttgart","1967","67","1776","37","false","0.7889039253489382","0.29429429429429427","1.907936507936508","mary","10.594594594594595","4","","1863","1776","28","37","10","27","0","0","2","196","1774/1775","36","4","5","36","16135","15495","2549","557","16"
"lenz-pandaemonium-germanicum","ger000701","Q2049260","Lenz","0","Pandämonium Germanicum","Eine Skizze","","http://www.textgridrep.org/textgrid:rhqt.0","Goverts","Stuttgart","1967","29","1775","73","false","0.973556182961462","0.16552511415525115","2.071156773211568","goethe","11.917808219178083","4","","","1819","55","73","6","64","3","9","1","435","1775","10","1","3","9","7016","6828","1919","233","2"
"lessing-damon","ger000031","Q1158714","Lessing","0","Damon, oder die wahre Freundschaft","Ein Lustspiel in einem Aufzuge","Comedy","http://www.textgridrep.org/textgrid:rkzp.0","Hanser","München","1970","28","1747","5","false","0.9","0.9","1.1","damon|die_witwe|leander","3.6","2","","","1747","4","5","2","3","0","0","1","9","","10","2","0","10","7656","7595","20","183","0"
"lessing-der-freigeist","ger000379","Q51386027","Lessing","0","Der Freigeist","Ein Lustspiel in fünf Aufzügen","Comedy","http://www.textgridrep.org/textgrid:rjg0.0","Hanser","München","1970","83","1755","11","false","0.8244588744588746","0.5272727272727272","1.509090909090909","adrast|theophan","5.2727272727272725","3","","","1755","9","11","4","7","0","0","1","29","1749","35","2","5","35","21720","21477","476","893","0"
"lessing-der-junge-gelehrte","ger000272","Q1198951","Lessing","0","Der junge Gelehrte","Ein Lustspiel in drei Aufzügen","Comedy","http://www.textgridrep.org/textgrid:rjwv.0","Hanser","München","1970","96","1748","6","false","1","1","1","several characters","5","1","","1748","1754","5","6","2","4","0","0","1","15","","42","2","3","42","26404","26134","570","1048","20"
"lessing-der-misogyn","ger000391","Q56255302","Lessing","0","Der Misogyn","Ein Lustspiel in drei Aufzügen","Comedy","http://www.textgridrep.org/textgrid:rkq6.0","Hanser","München","1970","50","1755","7","false","0.9238095238095239","0.9047619047619048","1.0952380952380953","several characters","5.428571428571429","2","","","1755","6","7","3","4","0","0","1","19","1748","23","0","3","23","13193","13005","347","477","0"
"lessing-der-schatz","ger000249","Q56255327","Lessing","0","Der Schatz","Ein Lustspiel in einem Aufzuge","Comedy","http://www.textgridrep.org/textgrid:rkzk.0","Hanser","München","1970","47","1755","9","false","0.5148148148148147","0.4166666666666667","1.6666666666666667","anselmo","3.3333333333333335","3","","","1755","7","9","0","9","0","0","1","15","1750","18","0","0","18","12421","12288","274","612","0"
"lessing-die-alte-jungfer","ger000401","Q56255313","Lessing","0","Die alte Jungfer","Ein Lustspiel in drei Aufzügen","Comedy","http://www.textgridrep.org/textgrid:rjdc.0","Hanser","München","1970","42","1749","11","false","0.8432900432900432","0.6909090909090909","1.309090909090909","jungfer_ohldin|lisette","6.909090909090909","2","","","1749","10","11","3","8","0","0","1","38","1748","23","0","3","23","10261","10012","303","476","9"
"lessing-die-juden","ger000222","Q1213679","Lessing","0","Die Juden","Ein Lustspiel in einem Aufzuge","Comedy","http://www.textgridrep.org/textgrid:rktc.0","Hanser","München","1970","40","1754","7","false","0.7","0.6666666666666666","1.4285714285714286","der_reisende|das_fraeulein|lisette","4","3","","1766","1754","5","7","2","5","0","0","1","14","1749","23","3","0","23","10647","10476","397","380","0"
"lessing-emilia-galotti","ger000088","Q782653","Lessing","0","Emilia Galotti","Ein Trauerspiel in fünf Aufzügen","Tragedy","http://www.textgridrep.org/textgrid:rksp.0","Hanser","München","1971","78","1772","13","false","0.5174603174603174","0.3717948717948718","1.7820512820512822","marinelli","4.461538461538462","3","1772-03-13","1772","1772","9","13","3","10","0","0","1","29","","43","0","5","43","21136","20809","1332","835","0"
"lessing-minna-von-barnhelm","ger000357","Q1209859","Lessing","0","Minna von Barnhelm, oder das Soldatenglück","Ein Lustspiel in fünf Aufzügen","Comedy","http://www.textgridrep.org/textgrid:rjh9.0","Hanser","München","1970","100","1767","13","false","0.757031857031857","0.4230769230769231","1.6025641025641026","von_tellheim","5.076923076923077","3","1767-09-30","1767","1767","11","13","3","10","0","0","1","33","","56","12","5","56","26433","25916","1665","1136","0"
"lessing-miss-sara-sampson","ger000087","Q1713147","Lessing","0","Miß Sara Sampson","Ein Trauerspiel in fünf Aufzügen","Tragedy","http://www.textgridrep.org/textgrid:rjmw.0","Hanser","München","1971","92","1755","11","false","0.6948051948051948","0.43636363636363634","1.7454545454545454","mellefont","4.363636363636363","4","1755-07-10","1755","1755","7","11","5","6","0","0","1","24","","44","6","5","44","26705","26353","808","690","0"
"lessing-nathan-der-weise","ger000369","Q286611","Lessing","0","Nathan der Weise","Ein dramatisches Gedicht in fünf Aufzügen","","http://www.textgridrep.org/textgrid:rkpt.0","Hanser","München","1971","143","1779","14","false","0.738095238095238","0.31868131868131866","1.8571428571428572","saladin","4.142857142857143","3","1783-04-14","1783","1779","10","14","3","11","0","0","1","29","","41","23","5","41","30459","29908","935","0","4740"
"lessing-philotas","ger000194","Q6074342","Lessing","0","Philotas","Ein Trauerspiel","Tragedy","http://www.textgridrep.org/textgrid:rjqs.0","Hanser","München","1971","26","1759","4","false","0.5833333333333333","0.6666666666666666","1.3333333333333333","philotas","2","2","1774-01-24","1774","1759","3","4","0","4","0","0","1","4","","8","2","0","8","7122","7057","85","195","0"
"lieberkuehn-die-lissabonner","ger000730","Q123238778","Lieberkühn","0","Die Lissabonner","Ein bürgerliches Trauerspiel, in einem Aufzuge","Tragedy","https://de.wikisource.org/wiki/Die_Lissabonner","Meyer","Breslau","1758","64","1757","8","false","0.5","0.4642857142857143","1.6071428571428572","don_pedro","3.25","3","1757-01-29","1757","1758","6","8","3","5","0","0","1","13","","19","0","0","19","8888","8716","123","136","0"
"linhart-miss-jenny-love","ger000735","Q20521867","Linhart","0","Miß Jenny Love","Ein Trauerspiel in fünf Aufzügen","Tragedy","https://books.google.com/books?id=WtM5AAAAcAAJ&printsec=frontcover","Stage","Augsburg","1780","64","1780","13","false","0.582051282051282","0.41025641025641024","1.7820512820512822","heartwich|sandwell","4.923076923076923","4","","","1780","8","13","2","11","0","0","1","32","","43","1","5","43","11367","10807","1472","301","0"
"lortzing-der-waffenschmied","ger000147","Q1197876","Lortzing","0","Der Waffenschmied","Komische Oper in drei Aufzügen","","http://www.textgridrep.org/textgrid:s6kj.0","","","","","1846","12","true","0.8949735449735451","0.8333333333333334","1.1666666666666667","several characters","9.166666666666666","2","","1846","","11","12","2","8","2","4","1","55","","38","6","3","38","13441","12872","1294","453","1127"
"lortzing-der-wildschuetz","ger000269","Q253376","Lortzing","0","Der Wildschütz oder Die Stimme der Natur","Komische Oper in drei Aufzügen","","http://www.textgridrep.org/textgrid:r2m9.0","","","","","1842","16","true","0.854229797979798","0.5","1.575","baculus|graf|baron","7.5","3","","1842","","12","16","7","7","2","5","1","60","","45","8","3","45","18356","17670","1938","559","1548"
"lortzing-zar-und-zimmermann","ger000094","Q147594","Lortzing","0","Zar und Zimmermann","Komische Oper in drei Aufzügen","","http://www.textgridrep.org/textgrid:s6kn.0","","","","","1837","20","true","0.8521944721944721","0.4105263157894737","1.6842105263157894","zar|van_bett|iwanow","7.8","3","","1837","1891","15","20","5","11","4","10","1","78","","37","11","3","37","16328","15596","1890","441","1274"
"ludwig-der-erbfoerster","ger000011","Q56439928","Ludwig","0","Der Erbförster","Trauerspiel in fünf Aufzügen","Tragedy","http://www.textgridrep.org/textgrid:s6m6.0","","","","","1850","17","false","0.7767598414657239","0.4632352941176471","1.6102941176470589","andres","7.411764705882353","3","","1850","1853","13","17","3","14","0","0","1","63","1849","44","0","5","44","25807","25065","3449","1122","0"
"ludwig-die-makkabaeer","ger000430","Q56439968","Ludwig","0","Die Makkabäer","Trauerspiel in fünf Akten","Tragedy","http://www.textgridrep.org/textgrid:s6m2.0","","","","","1854","38","false","0.8658500526759356","0.5576102418207681","1.4423897581792318","simon","20.63157894736842","2","","","1854","35","38","4","26","8","10","1","392","1852","7","0","5","0","20808","20220","2691","0","2741"
"maler-mueller-fausts-leben-dramatisiert","ger000561","Q111396487","Maler Müller","0","Fausts Leben dramatisiert","","","http://www.textgridrep.org/textgrid:spgf.0","Winkler","München","1971","75","1778","73","false","0.9053719564982458","0.2039573820395738","2.1773444753946145","faust","14.684931506849315","4","","","1778","39","73","5","67","1","4","3","536","1776/1778","16","0","0","0","25244","23687","1003","615","130"
"maler-mueller-golo-und-genovefa","ger000435","Q1536644","Maler Müller","0","Golo und Genovefa","Ein Schauspiel in fünf Aufzügen","","http://www.textgridrep.org/textgrid:spd6.0","","","","","1781","61","false","0.815496633162929","0.16557377049180327","2.0956284153005464","golo","9.934426229508198","3","","","1811","42","61","9","49","3","7","1","303","1775/1781","52","1","5","52","47033","46225","2148","1866","261"
"malss-der-alte-buerger-capitain","ger000018","Q56379497","Malß","0","Der alte Bürger-Capitain oder Die Entführung","Lustspiel in zwei Aufzügen","Comedy","http://www.textgridrep.org/textgrid:s8bv.0","","","","","1820","16","false","0.8732548701298701","0.575","1.425","capitain","8.625","2","","1821","1820","15","16","2","12","2","1","1","69","","32","0","2","32","14488","13007","860","524","0"
"malss-die-jungfern-koechinnen","ger000044","Q54366286","Malß","0","Die Jungfern Köchinnen","Lokalposse in einem Akt","Comedy","http://www.textgridrep.org/textgrid:s8br.0","","","","","1835","11","false","0.890909090909091","0.8363636363636363","1.1636363636363636","madame_hammel","8.363636363636363","2","","1835","1836","10","11","7","4","0","0","1","46","","28","0","0","28","9681","9309","952","452","8"
"marinelli-die-ueberschwemmung","ger000746","Q136367497","Marinelli","0","Die Ueberschwemmung","Ein rührendes kleines Stück in einem Aufzuge","","https://books.google.com/books?id=PyddAAAAcAAJ&printsec=frontcover","Royer","Pest","1775","14","1775","6","false","1","1","1","several characters","5","1","","","1775","5","6","0","6","0","0","1","15","","1","0","1","0","2320","2149","179","71","0"
"martini-rhynsolt-und-sapphira","ger000690","Q124818355","Martini","0","Rhynsolt und Sapphira","Ein prosaisches Trauerspiel in drey Handlungen","Tragedy","https://books.google.com/books?id=0HMFlTtLX7AC&pg=PA73","Rüdiger","Berlin und Leipzig","1767","34","1755","7","false","0.8666666666666666","0.7619047619047619","1.2380952380952381","sapphira","4.571428571428571","2","","1755","1755","6","7","1","6","0","0","1","16","1753","21","0","3","21","6287","6081","359","163","0"
"may-babel-und-bibel","ger000221","Q15785023","May","0","Babel und Bibel","Arabische Fantasia in zwei Akten","","http://www.textgridrep.org/textgrid:s9j7.0","","","","","1906","31","false","0.8982858509468782","0.6387096774193548","1.3612903225806452","scheik","19.161290322580644","2","","","1906","30","31","3","20","8","7","1","297","","48","1","2","48","27800","23163","9214","9","2558"
"meisl-der-lustige-fritz","ger000119","Q36145209","Meisl","0","Der lustige Fritz oder Schlafe, Träume, stehe auf, kleide dich an und bessre dich!","Ein Märchen neuerer Zeit in zwei Aufzügen","","http://www.textgridrep.org/textgrid:sc8m.0","","","","","1818","30","false","0.8508172219936925","0.26666666666666666","1.767816091954023","fritz","7.733333333333333","3","","1818","1819","28","30","5","11","14","2","1","116","","36","2","2","36","14797","14137","1168","490","317"
"meisl-orpheus-und-euridice","ger000316","Q56255206","Meisl","0","Orpheus und Euridice oder So geht es im Olymp zu!","Eine mythologische Karrikatur in zwey Acten in Knittelreimen","","http://www.textgridrep.org/textgrid:sc8q.0","","","","","1813","23","false","0.8174178478526306","0.38735177865612647","1.6753246753246753","orpheus","8.521739130434783","3","","1813","1813","18","23","8","13","2","4","2","98","","27","0","2","27","14053","13677","574","0","1665"
"milius-hydropathie-auf-der-eisenbahn","ger000738","Q135404534","E. Milius","0","Hydropathie auf der Eisenbahn","Dramatischer Scherz in einem Akt","Comedy","https://resolver.staatsbibliothek-berlin.de/SBB00038BB600000000","Kern","Breslau","1845","46","1845","6","false","1","1","1","several characters","5","1","","","1845","5","6","2","4","0","0","1","15","","5","0","0","5","4082","3927","335","174","0"
"moeller-der-graf-von-walltron-oder-die-subordination","ger000593","Q114711538","Möller","0","Der Graf von Walltron, oder die Subordination","Ein Originaltrauerspiel in fünf Aufzügen","Tragedy","https://books.google.com/books?id=7goAa3sq_BEC&printsec=frontcover","Hagen","Prag","1776","111","1776","20","false","0.8207364367658485","0.47368421052631576","1.5368421052631578","winter","9","3","1776-01-25","1776","1776","18","20","3","17","0","1","1","90","","30","0","5","30","21893","20496","2299","577","0"
"moeller-sophie-oder-der-gerechte-fuerst","ger000595","Q115398385","Möller","0","Sophie, oder der gerechte Fürst","Ein Schauspiel in drey Aufzügen","","https://books.google.com/books?id=_CNdAAAAcAAJ&printsec=frontcover","Böhme","Leipzig","1777","","1777","23","false","0.8480368878067087","0.3794466403162055","1.7509881422924902","sophie","8.347826086956522","3","","","1777","17","23","6","17","0","0","1","96","","21","0","3","21","16554","15605","2516","524","0"
"moeser-die-tugend-auf-der-schaubuehne","ger000481","Q84606039","Möser","0","Die Tugend auf der Schaubühne; oder: Harlekin's Heirath","Ein Nachspiel in einem Aufzuge","","http://www.textgridrep.org/textgrid:sj74.0","","","","","1763","7","false","0.8857142857142858","0.7142857142857143","1.2857142857142858","harlekin|peter","4.285714285714286","2","","","1798","6","7","2","5","0","0","1","15","1763","17","0","1","17","7080","6935","258","305","0"
"moritz-blunt-oder-der-gast","ger000528","Q105729385","Moritz","0","Blunt oder der Gast","Ein Schauspiel in einem Aufzuge","","https://books.google.com/books?id=jBZaAAAAcAAJ&printsec=frontcover","Wever","Berlin","1781","38","1781","6","false","1","1","1","several characters","5","1","","","1781","5","6","3","3","0","0","1","15","","5","0","0","0","6526","6300","372","184","0"
"mosenthal-das-goldene-kreuz","ger000454","Q10861061","Mosenthal","0","Das goldene Kreuz","Oper in zwei Aufzügen","","http://www.textgridrep.org/textgrid:sj6f.0","","","","","1875","10","true","0.9166666666666666","0.8666666666666667","1.1333333333333333","several characters","7.8","2","","1875","","9","10","4","5","1","5","1","39","","14","5","2","14","9422","8958","1156","199","831"
"mosenthal-die-koenigin-von-saba","ger000036","Q841406","Mosenthal","0","Die Königin von Saba","Oper in vier Aufzügen","","http://www.textgridrep.org/textgrid:sj68.0","","","","","1875","14","true","0.9130230880230881","0.7582417582417582","1.2527472527472527","several characters","9.857142857142858","3","","1875","","12","14","4","8","2","6","1","69","","22","9","4","22","7308","6242","2440","0","831"
"mosenthal-die-lustigen-weiber-von-windsor","ger000334","Q615663","Mosenthal","0","Die lustigen Weiber von Windsor","Komisch-phantastische Oper in drei Aufzügen","","http://www.textgridrep.org/textgrid:sj6g.0","","","","","1849","22","true","0.882860692486361","0.3852813852813853","1.7272727272727273","falstaff","8.090909090909092","3","","1849","","18","22","3","12","7","8","1","89","","43","18","3","43","12182","11474","2303","204","1088"
"moser-das-stiftungsfest","ger000457","Q56379310","Moser","0","Das Stiftungsfest","Schwank in 3 Aufzügen","Comedy","http://www.textgridrep.org/textgrid:sj6v.0","","","","","1862","11","false","0.9128427128427127","0.8","1.2","ludmilla","8","2","","","1862","10","11","3","8","0","0","1","44","","52","0","3","52","19972","19570","2438","1334","0"
"moser-krieg-oder-frieden","ger000315","Q56379343","Moser","0","Krieg oder Frieden?","Dramatische Bagatelle in einem Akt","","http://www.textgridrep.org/textgrid:sj6r.0","","","","","1859","8","false","0.7107142857142856","0.4642857142857143","1.5357142857142858","johann","3.25","2","","1859","1859","7","8","2","6","0","0","1","13","","19","0","0","19","5237","4962","612","265","0"
"muehsam-judas","ger000020","Q56191990","Mühsam","0","Judas","Arbeiterdrama in fünf Akten","","http://www.textgridrep.org/textgrid:sjhr.0","","","","","1921","34","false","0.9159013028988693","0.7789661319073083","1.2210338680926915","several characters","25.705882352941178","2","","","1921","33","34","10","22","2","4","1","437","1920","5","0","5","0","32416","31430","4046","1862","4"
"muehsam-staatsraeson","ger000229","Q56191992","Mühsam","0","Staatsräson","Ein Denkmal für Sacco und Vanzetti","","http://www.textgridrep.org/textgrid:sjpt.0","","","","","1928","62","false","0.9036184249385987","0.27075621364357483","1.7667900581702802","rosa","16.516129032258064","3","","1929","1928","57","62","12","46","4","3","1","512","","15","0","0","15","24805","24479","1294","898","40"
"muellner-der-neun-und-zwanzigste-februar","ger000506","Q98544670","Müllner","0","Der neun und zwanzigste Februar","Trauerspiel in einem Akt","Tragedy","https://books.google.com/books?id=iNf_1Uc_1LgC&pg=PA19","","","","","1812","4","false","1","1","1","several characters","3","1","","1812","1815","3","4","1","3","0","0","1","6","","9","0","0","9","8611","6047","788","6","899"
"muellner-die-schuld","ger000360","Q1216076","Müllner","0","Die Schuld","Trauerspiel in vier Akten","Tragedy","http://www.textgridrep.org/textgrid:ssrf.0","","","","","1813","8","false","0.7285714285714285","0.5714285714285714","1.4285714285714286","elvire","4","2","","1813","1816","7","8","2","6","0","0","1","16","","28","1","4","28","16373","15877","2279","0","2833"
"muellner-koenig-yngurd","ger000261","Q56191998","Müllner","0","König Yngurd","Trauerspiel in fünf Akten","Tragedy","http://www.textgridrep.org/textgrid:ssrb.0","Vieweg","Braunschweig","1828","264","1817","37","false","0.8101678643440657","0.2732732732732733","1.864864864864865","alf","9.837837837837839","3","","1817","1817","27","37","3","28","6","6","1","182","","47","0","5","47","30474","28174","3682","0","3598"
"musil-die-schwaermer","ger000475","Q42743294","Musil","0","Die Schwärmer","Schauspiel in drei Aufzügen","","https://www.projekt-gutenberg.org/musil/schwaerm/index.html","","","","","1921","7","false","1","1","1","several characters","6","1","","1929","1921","6","7","3","4","0","0","1","21","1920","3","0","3","0","36376","34754","4370","1298","0"
"mylius-die-schaeferinsel","ger000007","Q56191997","Mylius","0","Die Schäferinsel","Ein Lustspiel in drey Aufzügen","Comedy","http://www.textgridrep.org/textgrid:st5r.0","","","","","1749","8","false","1","1","1","several characters","7","1","","","1749","7","8","3","5","0","0","1","28","","30","0","3","30","12301","12042","508","0","1588"
"nestroy-das-haus-der-temperamente","ger000341","Q1168809","Nestroy","0","Das Haus der Temperamente","Posse mit Gesang in zwei Akten","Comedy","http://www.textgridrep.org/textgrid:strx.0","","","","","1837","43","false","0.6912222134877224","0.18272425249169436","2.401219512195122","schlankel","7.674418604651163","5","","1837","1891","23","43","16","24","3","3","3","165","1837","605","2","2","52","28851","26657","6975","1587","145"
"nestroy-das-maedl-aus-der-vorstadt","ger000200","Q1169908","Nestroy","0","Das Mädl aus der Vorstadt oder Ehrlich währt am längsten","Posse in drei Aufzügen","Comedy","http://www.textgridrep.org/textgrid:str5.0","","","","","1841","15","false","0.8088888888888888","0.5428571428571428","1.6095238095238096","schnoferl","7.6","3","","1841","1845","12","15","7","6","2","2","1","57","1841","60","2","3","60","20948","20308","2566","1110","182"
"nestroy-der-boese-geist-lumpazivagabundus","ger000062","Q1198430","Nestroy","0","Der böse Geist Lumpazivagabundus oder Das liederliche Kleeblatt","Zauberposse mit Gesang in drei Aufzügen","Comedy","http://www.textgridrep.org/textgrid:strq.0","","","","","1833","51","false","0.8234796234565555","0.16470588235294117","2.0823529411764707","zwirn","8.235294117647058","4","","1833","1835","39","51","13","29","9","0","1","210","1833","44","5","3","44","14521","13922","2040","765","214"
"nestroy-der-talisman","ger000083","Q1197313","Nestroy","0","Der Talisman","Posse mit Gesang in drei Aufzügen","Comedy","http://www.textgridrep.org/textgrid:str1.0","","","","","1843","30","false","0.8139911722264663","0.23218390804597702","2.2118226600985222","titus|flora","6.733333333333333","5","","1843","1843","17","30","7","16","7","0","2","101","1840","71","2","3","71","20658","19954","2862","880","301"
"nestroy-der-unbedeutende","ger000117","Q15805213","Nestroy","0","Der Unbedeutende","Posse mit Gesang in drei Akten","Comedy","http://www.textgridrep.org/textgrid:str4.0","","","","","1846","36","false","0.8223811401361719","0.44761904761904764","1.6873015873015873","peter","15.666666666666666","4","","1846","1849","29","36","10","24","2","2","1","282","","69","3","3","69","19278","18215","3589","992","196"
"nestroy-der-zerrissene","ger000366","Q1198187","Nestroy","0","Der Zerrissene","Posse mit Gesang in drei Aufzügen","Comedy","http://www.textgridrep.org/textgrid:stqx.0","","","","","1844","21","false","0.8486517450803165","0.38095238095238093","1.7619047619047619","kathi","7.619047619047619","3","","1844","1845","16","21","2","18","1","0","1","80","1844","48","2","3","48","17229","16546","3169","866","120"
"nestroy-einen-jux-will-er-sich-machen","ger000206","Q1306988","Nestroy","0","Einen Jux will er sich machen","Posse mit Gesang in vier Aufzügen","Comedy","http://www.textgridrep.org/textgrid:str8.0","","","","","1842","22","false","0.7883756153000452","0.4199134199134199","1.6103896103896105","christoph","8.818181818181818","3","","1842","1844","19","22","7","14","1","1","1","97","1842","63","3","4","63","21843","20868","4255","1215","112"
"nestroy-eulenspiegel","ger000305","Q18411585","Nestroy","0","Eulenspiegel oder Schabernack über Schabernack","Posse mit Gesang in vier Akten","Comedy","http://www.textgridrep.org/textgrid:strd.0","","","","","1835","19","false","0.7548191574507362","0.47368421052631576","1.5730994152046784","mehlwurm|nelkenstein","8.526315789473685","3","","1835","1839","14","19","5","13","1","3","1","81","","81","2","4","81","16541","15683","3133","896","181"
"nestroy-freiheit-in-kraehwinkel","ger000131","Q15810453","Nestroy","0","Freiheit in Krähwinkel","Posse mit Gesang in zwei Abteilungen und drei Aufzügen","Comedy","http://www.textgridrep.org/textgrid:stqr.0","","","","","1848","34","false","0.7510164419242914","0.3065953654188948","1.8163992869875223","ultra","10.117647058823529","3","","1848","1849","22","34","12","15","7","9","1","172","1848","66","3","3","66","14346","13424","2310","760","201"
"nestroy-judith-und-holofernes","ger000441","Q1711097","Nestroy","0","Judith und Holofernes","Travestie in einem Akt","","http://www.textgridrep.org/textgrid:strh.0","","","","","1849","26","false","0.7657075830152753","0.24615384615384617","2.4766666666666666","jojakim","6.153846153846154","4","","1849","1891","13","26","3","20","3","0","2","80","1849","24","2","0","24","6696","6376","1004","273","196"
"nestroy-zu-ebener-erde-und-erster-stock","ger000028","Q227456","Nestroy","0","Zu ebener Erde und erster Stock oder Die Launen des Glückes","Lokalposse mit Gesang in drei Aufzügen","Comedy","http://www.textgridrep.org/textgrid:strp.0","","","","","1835","39","false","0.8415975594708625","0.20647773279352227","2.2361673414304994","zins","7.846153846153846","4","","1835","1838","18","39","8","29","2","0","1","153","","233","0","3","86","20286","18575","3923","1030","216"
"neuber-das-schaeferfest","ger000122","Q56449055","Neuber","0","Das Schäferfest oder Die Herbstfreude","Ein deutsches Lustspiel in Versen","Comedy","http://www.textgridrep.org/textgrid:sttf.0","","","","","1754","17","false","1","0.5588235294117647","1","several characters","8.941176470588236","1","","","1754","11","17","5","7","5","0","2","76","","57","0","5","56","21168","20498","757","0","2435"
"neuber-die-beschuetzte-schauspielkunst","ger000226","Q56449075","Neuber","0","Die von der Weisheit wider die Unwissenheit beschützte Schauspielkunst","","","http://www.textgridrep.org/textgrid:stst.0","","","","","1736","10","false","0.5752380952380952","0.35555555555555557","1.7777777777777777","schauspielkunst","3.2","3","","","1736","7","10","0","0","10","0","1","16","","13","0","1","13","6684","4771","106","0","569"
"neuber-die-verehrung-der-vollkommenheit","ger000230","Q56449066","Neuber","0","Die Verehrung der Vollkommenheit durch die gebesserten deutschen Schauspiele","","","http://www.textgridrep.org/textgrid:stsd.0","","","","","1737","7","false","0.8857142857142858","0.7142857142857143","1.2857142857142858","trauerspiel|regel","4.285714285714286","2","","","1737","6","7","0","0","7","0","1","15","","4","0","1","4","6419","4807","452","4","566"
"neuber-ein-deutsches-vorspiel","ger000321","Q56449106","Neuber","0","Ein Deutsches Vorspiel","","","http://www.textgridrep.org/textgrid:stt4.0","","","","","1734","14","false","0.8038580467151896","0.5494505494505495","1.4505494505494505","alethea","7.142857142857143","2","","","1734","13","14","7","5","2","0","1","50","","8","1","0","8","5715","5101","256","0","576"
"niebergall-datterich","ger000353","Q1172722","Niebergall","0","Datterich","Localposse in der Mundart der Darmstädter in sechs Bildern","Comedy","http://www.textgridrep.org/textgrid:sv5m.0","","","","","1841","21","false","0.7584905487161125","0.35714285714285715","1.6428571428571428","datterich","7.142857142857143","2","","1862","1841","20","21","4","17","0","0","1","75","","48","1","6","48","19274","18806","1717","853","18"
"panizza-das-liebeskonzil","ger000084","Q2646532","Panizza","0","Das Liebeskonzil","Eine Himmelstragödie in fünf Aufzügen","Comedy","http://www.textgridrep.org/textgrid:swzz.0","","","","","1895","44","false","0.9031582054309326","0.2822410147991543","1.4439359267734553","gott_vater","12.136363636363637","3","","","1895","22","44","7","16","21","9","3","267","","11","2","5","11","16307","14170","6947","418","15"
"panizza-nero","ger000368","Q56447721","Panizza","0","Nero","Tragödie in fünf Aufzügen","Tragedy","http://www.textgridrep.org/textgrid:swzc.0","","","","","1898","56","false","0.9529810062423566","0.18571428571428572","1.5954738330975955","nero","10.214285714285714","2","","","1898","34","56","9","45","2","4","3","286","","8","0","5","5","29173","23213","8758","601","79"
"pappenheim-frauenrecht","ger000648","Q122981570","Pappenheim","0","Frauenrecht","Schauspiel in drei Aufzügen","","https://www.projekt-gutenberg.org/pappenhe/frauenre/index.html","Turia + Kant","Wien","2002","27","1899","19","false","0.9137549756744803","0.6198830409356725","1.4385964912280702","martha|susanne|katharina","11.157894736842104","3","","","1899","17","19","16","3","0","2","1","106","","3","0","3","0","7065","6453","1023","219","4"
"pelzel-apolls-gericht-oder-das-bestrafte-vorurtheil-vindebonens","ger000626","Q120401569","Pelzel","0","Apolls Gericht, oder das bestrafte Vorurtheil Vindebonens","Ein allegorisches Drama in einem Akte von einem Wiener","","https://de.wikisource.org/wiki/Apolls_Gericht","Kurzböck","Wien","1769","32","1769","9","false","0.8751322751322752","0.6666666666666666","1.3333333333333333","das_vorurtheil|das_franzoesische_schauspiel","5.333333333333333","2","","","1769","8","9","0","2","7","0","1","24","","5","0","0","5","3692","3290","185","104","0"
"pelzel-yariko","ger000742","Q133270117","Pelzel","0","Yariko","Ein Trauerspiel in einer Handlung","Tragedy","https://books.google.com/books?id=G7cy4g6x598C&printsec=frontcover","Trattner","Wien","1770","28","1770","9","false","0.827777777777778","0.75","1.25","yariko","6","2","1771-06-01","1771","1770","8","9","1","8","0","0","1","27","","14","0","0","14","5465","5268","774","200","0"
"pfeffel-der-einsiedler","ger000764","Q133270066","Pfeffel","0","Der Einsiedler","Ein Trauerspiel in Versen von einem Aufzuge","Tragedy","http://resolver.sub.uni-goettingen.de/purl?PPN870045725","Macklot","Carlsruhe","1761","48","1761","4","false","1","1","1","several characters","3","1","","1762","1761","3","4","1","3","0","0","1","6","","10","0","0","10","4477","4298","301","0","444"
"pfeffel-der-schatz","ger000768","Q138329683","Pfeffel","0","Der Schatz","Ein Schäferspiel von einem Aufzuge","","https://data.onb.ac.at/rep/105CDC6E","Garbe","Franckfurt am Mayn","1761","32","1761","5","false","1","1","1","several characters","4","1","1767-05-12","1767","1761","4","5","2","3","0","0","1","10","","7","0","0","7","3515","2290","125","0","234"
"pfeffel-serena","ger000692","Q125134130","Pfeffel","0","Serena","Ein Bürgerliches Trauerspiel","Tragedy","https://books.google.com/books?id=BUEwAAAAYAAJ&pg=PA25","Garbe","Frankfurt und Leipzig","1764","40","1764","5","false","0.7","0.7","1.3","philint","2.8","2","","","1764","4","5","1","4","0","0","1","7","","9","0","0","9","5375","5200","298","191","0"
"pfeffel-vorspiel-ueber-die-buergerliche-tragoedie","ger000691","Q124987182","Pfeffel","0","Vorspiel über die Bürgerliche Tragödie","","","https://books.google.com/books?id=BUEwAAAAYAAJ&pg=PA3","Garbe","Frankfurt und Leipzig","1764","22","1764","5","false","1","1","1","several characters","4","1","","","1764","4","5","1","4","0","0","1","10","","3","0","0","3","3020","2978","20","92","0"
"pfeil-lucie-woodvil","ger000215","Q55148569","Pfeil","0","Lucie Woodvil","Ein bürgerliches Trauerspiel in fünf Handlungen","Tragedy","http://www.textgridrep.org/textgrid:t25v.0","Reclam","Leipzig","1934","81","1756","8","false","0.8833333333333333","0.75","1.25","robert|willhelm","5.25","2","","1756","1756","7","8","3","5","0","0","1","21","","48","0","5","48","27729","27322","520","548","0"
"platen-berengar","ger000500","Q93269748","Platen","0","Berengar","Comödie in einem Akt","Comedy","https://books.google.com/books?id=ofE6AAAAcAAJ&pg=PA125","","","","","1824","6","false","1","1","1","several characters","5","1","","","1824","5","6","2","4","0","0","1","15","1824","3","0","0","0","3870","3771","153","51","397"
"platen-der-romantische-oedipus","ger000143","Q56447685","Platen","0","Der romantische Ödipus","Ein Lustspiel in 5 Akten","Comedy","http://www.textgridrep.org/textgrid:t337.0","","","","","1829","22","false","0.9040504949595859","0.4588744588744589","1.273972602739726","jokaste|zelinde|tiresias","9.636363636363637","2","","1855","1829","16","22","6","13","3","1","2","106","1827/1828","5","0","5","0","15105","14744","372","0","1807"
"platen-die-verhaengnisvolle-gabel","ger000074","Q42197205","Platen","0","Die verhängnisvolle Gabel","Ein Lustspiel in 5 Akten","Comedy","http://www.textgridrep.org/textgrid:t2z2.0","","","","","1826","7","false","0.9238095238095239","0.9047619047619048","1.0952380952380953","several characters","5.428571428571429","2","","","1826","6","7","2","5","0","0","1","19","1826","5","0","5","0","13762","13672","242","0","1481"
"pollinger-antonio-del-bassanio","ger000761","Q133289064","Pollinger","0","Antonio del Bassanio","Ein bürgerliches Trauerspiel in fünf Aufzügen","Tragedy","https://bcbt.lib.cas.cz/records/c3db7f10-4535-4f23-83c1-93855f093efb","Fitzky","Prag","1778","107","1778","11","false","0.7359307359307359","0.6181818181818182","1.4545454545454546","montroso|jenny","6.181818181818182","3","","","1778","9","11","3","8","0","0","1","34","","26","0","5","26","19300","19048","631","423","0"
"preusse-herzmutterchen","ger000623","Q118906207","Preusse","0","Herzmutterchen!","Lustspiel in einem Act von Dennery und Lemoine","Comedy","https://de.wikisource.org/wiki/Herzmutterchen!","Hayn","Berlin","1847","11","1847","6","false","1","1","1","several characters","5","1","1849-01-17","1849","1847","5","6","2","4","0","0","1","15","","19","0","0","19","9204","8631","1167","424","28"
"prutz-die-politische-wochenstube","ger000280","Q56447636","Prutz","0","Die politische Wochenstube","Eine Komödie","Comedy","http://www.textgridrep.org/textgrid:t8tr.0","","","","","1845","23","false","0.9287831733483908","0.6719367588932806","1.3280632411067195","several characters","14.782608695652174","2","","","1845","22","23","6","15","2","7","1","170","","3","0","3","0","18065","17950","533","0","2336"
"quistorp-der-hypochondrist","ger000192","Q51406156","Quistorp","0","Der Hypochondrist","Ein deutsches Lustspiel","Comedy","http://www.textgridrep.org/textgrid:t907.0","","","","","1745","9","false","0.8566137566137566","0.75","1.25","ernst_gotthart|herr_gotthart","6","2","","","1745","8","9","3","6","0","0","1","27","","32","0","5","32","24199","23339","1648","976","27"
"rache-belsazar","ger000469","Q55773956","Raché","0","Belsazar","Drama in 1 Akt","","https://de.wikisource.org/wiki/Belsazar_(Hennie_Raché)","Elsner","Berlin","1904","8","1904","9","false","0.8595238095238096","0.5833333333333334","1.4166666666666667","belsazar","4.666666666666667","2","","1904","1904","8","9","2","7","0","0","1","21","","9","0","0","9","3875","3487","876","131","0"
"raimund-das-maedchen-aus-der-feenwelt","ger000298","Q1169850","Raimund","0","Das Mädchen aus der Feenwelt oder Der Bauer als Millionär","Romantisches Original-Zaubermärchen mit Gesang in drei Aufzügen","","http://www.textgridrep.org/textgrid:t976.0","","","","","1826","41","false","0.7937385253978271","0.174390243902439","2.169230769230769","wurzel","6.975609756097561","4","","1826","1837","23","41","4","23","14","8","2","143","1826","33","3","3","33","18742","16905","3895","578","213"
"raimund-der-alpenkoenig-und-der-menschenfeind","ger000308","Q1192140","Raimund","0","Der Alpenkönig und der Menschenfeind","Romantisch-komisches Original-Zauberspiel in zwei Aufzügen","","http://www.textgridrep.org/textgrid:t96s.0","","","","","1828","38","false","0.8430481770265051","0.21906116642958748","2.0981507823613086","rappelkopf","8.105263157894736","4","","1828","1828","27","38","10","15","13","9","1","154","1828","36","2","2","36","21450","20538","2860","855","521"
"raimund-der-barometermacher-auf-der-zauberinsel","ger000116","Q1192401","Raimund","0","Der Barometermacher auf der Zauberinsel","Zauberposse mit Gesang und Tanz in zwei Aufzügen als Parodie des Märchens: Prinz Tutu","Comedy","http://www.textgridrep.org/textgrid:t977.0","","","","","1823","26","false","0.8241717346980505","0.19692307692307692","2.0646153846153847","quecksilber","4.923076923076923","4","","1823","1837","19","26","7","12","7","9","1","64","1823","42","1","2","42","13852","13192","1939","533","262"
"raimund-der-diamant-des-geisterkoenigs","ger000076","Q1192907","Raimund","0","Der Diamant des Geisterkönigs","Zauberspiel in zwei Aufzügen","","http://www.textgridrep.org/textgrid:t971.0","","","","","1824","38","false","0.7936465427462658","0.1806543385490754","2.2091917591125196","eduard","6.684210526315789","3","","1824","1837","21","38","11","16","11","7","2","127","1824","48","2","2","48","16369","15301","2865","581","268"
"raimund-der-verschwender","ger000241","Q1197834","Raimund","0","Der Verschwender","Original-Zaubermärchen in drei Aufzügen","","http://www.textgridrep.org/textgrid:t96n.0","","","","","1834","43","false","0.7368487684691736","0.18272425249169436","2.086378737541528","flottwell","7.674418604651163","5","","1834","1837","31","43","6","29","8","8","1","165","1834","45","3","3","45","22937","21769","3464","883","421"
"raimund-die-gefesselte-phantasie","ger000416","Q20170987","Raimund","0","Die gefesselte Phantasie","Original-Zauberspiel in zwei Aufzügen","","http://www.textgridrep.org/textgrid:t97f.0","","","","","1828","24","false","0.8581529946661526","0.4311594202898551","1.7173913043478262","vipria","9.916666666666666","4","","1828","1837","19","24","3","15","6","6","1","119","1826","27","2","2","27","14521","14014","1619","615","327"
"raimund-die-unheilbringende-zauberkrone","ger000184","Q20850889","Raimund","0","Die unheilbringende Zauberkrone oder König ohne Reich, Held ohne Mut, Schönheit ohne Jugend","Tragisch-komisches Original-Zauberspiel in zwei Aufzügen","Tragicomedy","http://www.textgridrep.org/textgrid:t96w.0","","","","","1829","54","false","0.828330682609099","0.1187980433263452","2.724668064290706","simplizius","6.296296296296297","6","","1829","1837","29","54","12","35","7","17","1","170","1829","38","0","2","38","22850","21548","3831","661","945"
"raimund-moisasurs-zauberfluch","ger000427","Q20180755","Raimund","0","Moisasurs Zauberfluch","Original-Zauberspiel in zwei Aufzügen","","http://www.textgridrep.org/textgrid:t96r.0","","","","","1827","29","false","0.7660998568706481","0.19458128078817735","2.2807881773399017","alzinde","5.448275862068965","4","","1827","1837","17","29","4","18","7","4","1","79","1827","22","1","2","22","16243","15357","2553","459","319"
"rambach-die-kuhpocken","ger000581","Q112727935","Rambach","0","Die Kuhpocken","Ein Familiengemälde in einem Akt","","https://books.google.com/books?id=Z2lUAAAAcAAJ&printsec=frontcover","Quien","Berlin","1802","79","1802","10","false","0.961111111111111","0.8444444444444444","1.1555555555555554","der_schulze|baron","7.6","2","","","1802","9","10","4","6","0","0","1","38","","17","0","0","17","8249","7556","548","487","0"
"raupach-agnes-von-hohenstaufen","ger000570","Q394759","Raupach","0","Agnes von Hohenstaufen","Große historisch-romantische Oper in 3 Aufzügen","","http://www.textgridrep.org/textgrid:t9p6.0","","","","","1829","27","true","0.8438369393477752","0.49572649572649574","1.5584045584045585","irmengard|philipp|agnes","12.88888888888889","3","","1829","1837","22","27","5","19","3","9","1","174","","30","6","3","30","8999","8157","1433","0","1208"
"raupach-der-bettler","ger000664","Q124128087","Raupach","0","Der Bettler","Schauspiel in einem Aufzuge","","https://books.google.com/books?id=gDUqAAAAYAAJ&pg=PA69","Hoffmann & Campe","Hamburg","1832","52","1829","7","false","0.6761904761904762","0.47619047619047616","1.6666666666666667","walter","2.857142857142857","3","1829-11-05","1829","1832","5","7","2","5","0","0","1","10","","8","0","0","8","6731","6615","764","289","0"
"raupach-der-degen","ger000685","Q124809332","Raupach","0","Der Degen","Dramatischer Scherz in zwei Aufzügen","Comedy","https://www.projekt-gutenberg.org/raupach/degen/index.html","Reclam","Leipzig","1884","25","1829","9","false","1","1","1","several characters","8","1","1829-06-16","1829","1831","8","9","2","7","0","0","1","36","","13","0","2","13","6363","5768","1575","321","0"
"raupach-der-platzregen-als-eheprokurator","ger000686","Q124809933","Raupach","0","Der Platzregen als Eheprokurator","Eine dramatisirte Anekdote in zwei Aufzügen","","https://www.projekt-gutenberg.org/raupach/platzreg/index.html","Reclam","Leipzig","1884","24","1829","5","false","1","1","1","several characters","4","1","1829-02-14","1829","1830","4","5","2","3","0","0","1","10","","19","0","2","19","6491","6164","728","243","0"
"raupach-der-versiegelte-burgemeister","ger000713","Q130342720","Raupach","0","Der versiegelte Burgemeister","Posse in zwei Aufzügen","Comedy","https://books.google.com/books?id=GwEzAQAAMAAJ&pg=PA1","Hoffmann & Campe","Hamburg","1829","76","1828","13","false","0.8708236208236209","0.6538461538461539","1.3461538461538463","lampe","7.846153846153846","2","1828-03-31","1828","1829","12","13","3","10","0","0","1","51","","15","0","2","15","6514","6245","904","0","941"
"raupach-kritik-und-antikritik","ger000431","Q56447448","Raupach","0","Kritik und Antikritik","Lustspiel in vier Akten","Comedy","http://www.textgridrep.org/textgrid:t9p7.0","","","","","1825","14","false","0.7329055864770151","0.4835164835164835","1.6043956043956045","horst","6.285714285714286","3","","1825","1827","11","14","2","12","0","0","1","44","","45","0","4","45","16597","16168","1119","709","124"
"reil-der-erste-may","ger000527","Q105605657","Reil","0","Der erste May oder der reiche Poet","Ein Frühlingsgemählde nаch wahren Vorfällen entworfen, in einem Aufzuge","","https://books.google.com/books?id=1NG6lQOII9QC&printsec=frontcover","Strauß","Wien","1816","69","1816","11","false","0.8930735930735931","0.6545454545454545","1.3454545454545455","mutter","6.545454545454546","2","1816-05-05","1816","1816","10","11","3","8","0","0","1","36","","16","0","0","16","6246","5220","479","0","808"
"reinhardt-die-braut-des-echos","ger000641","Q121600439","Reinhardt","0","Die Braut des Echo's","Lustspiel in einem Akte","Comedy","https://books.google.com/books?id=KOw6AAAAcAAJ&pg=PA129","Zeh","Nürnberg","1835","32","1835","7","false","1","1","1","several characters","6","1","","","1835","6","7","5","2","0","0","1","21","","12","0","0","12","3647","3410","558","0","361"
"reinick-genoveva","ger000139","Q957377","Reinick","1","Genoveva","Oper in vier Akten","","http://www.textgridrep.org/textgrid:t9ps.0","","","","","1850","19","true","0.8782522860696236","0.5614035087719298","1.4385964912280702","golo|margaretha","10.105263157894736","2","","1850","","18","19","5","10","4","10","1","96","","4","13","4","0","6182","6125","43","0","1100"
"reitzenstein-die-negersclaven","ger000734","Q133374196","Reitzenstein","0","Die Negersclaven","Ein Trauerspiel in fünf Aufzügen","Tragedy","https://books.google.com/books?id=MDRJAAAAcAAJ&printsec=frontcover","Schaumburg","Iamaika [Wien]","1793","198","1793","35","false","0.8162264187432695","0.2739495798319328","1.8386554621848739","donald","9.314285714285715","3","","","1793","29","35","1","32","2","5","1","163","","36","0","5","36","31159","30046","2347","827","8"
"reuter-der-ehrlichen-frau-schlampampe-krankheit-und-tod","ger000600","Q116058683","Reuter","0","La Maladie & la mort de l'honnéte Femme. Das ist: Der ehrlichen Frau Schlampampe Krankheit und Tod","in einem Lust- und Trauerspiele vorgestellet und aus dem Französischen in das Teutsche übergesetzt von Schelmuffsky Reise-Gefährten","Comedy","http://www.textgridrep.org/textgrid:t9qb.0","Volksverlag","Weimar","1962","60","1696","16","false","0.8977564102564102","0.6166666666666667","1.3833333333333333","camille","9.25","2","","","1696","15","16","5","11","0","0","1","74","","38","1","3","38","14600","14224","543","718","4"
"reuter-graf-ehrenfried","ger000602","Q116142789","Reuter","0","Graf Ehrenfried","in einem Lustspiele vorgestellet und mit Ihr: königl. Majestät in Polen etc. etc. und kurfürstl. Durchl. zu Sachsen etc. etc. allergnädigsten Spezial-Bewilligung und Freiheit zum Druck befördert","Comedy","http://www.textgridrep.org/textgrid:t9qh.0","Volksverlag","Weimar","1962","97","1700","28","false","0.7593036003827208","0.455026455026455","1.478527607361963","fortunatus","12.285714285714286","3","1700-05-13","1700","1700","23","28","4","23","1","0","2","172","","55","0","3","55","22621","21921","1240","1233","79"
"reuter-l-honnete-femme-oder-die-ehrliche-frau-zu-plissine","ger000601","Q116141668","Reuter","0","L'Honnéte Femme oder die ehrliche Frau zu Plißine","in einem Lustspiele vorgestellet und aus dem Französischen übersetzet von Hilario","Comedy","http://www.textgridrep.org/textgrid:t9qj.0","Volksverlag","Weimar","1962","50","1695","16","false","0.8588637057387057","0.575","1.4416666666666667","charlotte","8.625","3","1937-10-24","1937","1695","14","16","5","11","0","0","1","69","","34","1","3","34","11416","10897","485","639","31"
"richter-eumenides-duester","ger000507","Q100145770","Richter","0","Eumenides Düster","Trauerspiel nach Adolph Müllner's Weise","Tragedy","https://books.google.com/books?id=UuRHAAAAMAAJ&pg=PA283","Vieweg","Braunschweig","1828","61","1819","5","false","0.6","0.6","1.4","eumenides","2.4","2","","","1819","4","5","1","4","0","0","1","6","","8","0","1","8","5552","4921","516","0","909"
"riese-martha","ger000307","Q168488","Riese","0","Martha oder Der Markt zu Richmond","Romantisch-Komische Oper in vier Aufzügen","","http://www.textgridrep.org/textgrid:tbf2.0","","","","","1847","24","true","0.8499292986425339","0.4166666666666667","1.7427536231884058","maegde_vier_maegde_weitere_maegde_alle_maegde","9.583333333333334","3","","1847","","17","24","10","11","3","10","1","115","","28","17","4","28","8670","8260","714","0","1619"
"rilke-ohne-gegenwart","ger000214","Q55972713","Rilke","0","Ohne Gegenwart","Drama in zwei Akten","","http://www.textgridrep.org/textgrid:tbqn.0","","","","","1898","3","false","1","1","1","mutter|sophie|ernst","2","1","","","1898","2","3","2","1","0","0","1","3","1897","10","0","2","10","7965","7566","1563","379","0"
"roeber-koenig-manfred","ger000162","Q56254790","Roeber","0","König Manfred","Oper in fünf Akten","","http://www.textgridrep.org/textgrid:tg37.0","","","","","1867","25","true","0.7309613427508165","0.29333333333333333","1.7401574803149606","ghismonde","7.04","3","","1867","","19","25","7","16","2","13","2","88","","31","2","5","31","6512","6368","20","0","1145"
"rosenow-die-im-schatten-leben","ger000251","Q56447622","Rosenow","0","Die im Schatten leben","Drama in vier Akten","","http://www.textgridrep.org/textgrid:tgw9.0","","","","","1899","14","false","0.9798534798534799","0.978021978021978","1.021978021978022","several characters","12.714285714285714","2","","","1912","13","14","5","9","0","0","1","89","1899","4","0","4","0","28114","27313","5111","1323","21"
"rosenow-kater-lampe","ger000081","Q1260659","Rosenow","0","Kater Lampe","Komödie in vier Akten","Comedy","http://www.textgridrep.org/textgrid:tgw6.0","","","","","1902","21","false","0.8908414467901422","0.7476190476190476","1.2523809523809524","several characters","14.952380952380953","2","","1902","1906","20","21","9","12","0","3","1","157","1900","4","1","4","0","22820","21438","4773","1067","15"
"rubiner-die-gewaltlosen","ger000132","Q52127153","Rubiner","0","Die Gewaltlosen","Drama in vier Akten","","http://www.textgridrep.org/textgrid:th0n.0","","","","","1919","41","false","0.7773744320481988","0.3597560975609756","1.6564102564102565","der_mann","14.390243902439025","3","","1920","1919","33","41","6","27","8","10","2","295","","69","0","4","69","26463","25409","1879","1197","0"
"ruederer-die-fahnenweihe","ger000351","Q56254783","Ruederer","0","Die Fahnenweihe","Eine Komödie in drei Akten","Comedy","http://www.textgridrep.org/textgrid:tn4k.0","","","","","1895","32","false","0.940182433744725","0.9133064516129032","1.0866935483870968","several characters","28.3125","2","","1896","1895","31","32","11","18","3","3","1","453","1894","3","0","3","0","28685","27148","5960","2007","13"
"sachs-das-kaelberbrueten","ger000687","Q124542357","Sachs","0","Das Kälberbrüten","Ein Fastnachtsspiel","Comedy","https://www.projekt-gutenberg.org/sachs/kaelber/index.html","Matthes","Leipzig und Hartenstein im Erzgebirge","1921","40","1551","3","false","1","1","1","der_bauer|die_baeuerin|der_pfaff","2","1","","","","2","3","1","2","0","0","1","3","1551","1","0","0","1","2644","2576","211","0","347"
"sachs-ein-comedi-von-dem-reichen-sterbenden-menschen-der-hecastus-genannt","ger000597","Q115786804","Sachs","0","Ein comedi von dem reichen sterbenden menschen, der Hecastus genannt","hat neunzehen personen und 5 actus zu spielen","Comedy","http://www.textgridrep.org/textgrid:tp8d.0","Laupp","Tübingen","1872","51","1549","19","false","0.9100029485478401","0.7660818713450293","1.2339181286549707","hecastus_der_reich_mann|epicuria_die_fraw|panocitus_der_ander_knecht","13.789473684210526","2","","","1560","18","19","2","13","4","0","1","131","1549","5","0","5","0","9626","9306","690","0","1284"
"sachs-eulenspiegel-mit-dem-blauen-hosentuch","ger000689","Q124547242","Sachs","0","Eulenspiegel mit dem blauen Hosentuch u. dem Bauern","Ein Fastnachtsspiel","Comedy","https://www.projekt-gutenberg.org/sachs/hosentch/index.html","Matthes","Leipzig und Hartenstein im Erzgebirge","1920","36","1557","4","false","1","1","1","several characters","3","1","","","","3","4","0","4","0","0","1","6","1557","1","0","0","1","2348","2287","139","0","332"
"sander-die-hoftrauer-oder-das-testament","ger000586","Q112687919","Sander","0","Die Hoftrauer, oder das Testament","Ein Lustspiel in einem Aufzuge","Comedy","https://de.wikisource.org/wiki/Die_Hoftrauer,_oder_das_Testament","Orell, Geßner, Füßli und Comp.","Zürich","1795","48","1794","7","false","0.8666666666666666","0.6666666666666666","1.3333333333333333","madame_ehrenpreis|stram","4","2","","","1794","6","7","3","4","0","0","1","14","","25","0","0","25","8081","7887","347","324","0"
"schaefer-faustine-der-weibliche-faust","ger000302","Q51394091","Schaefer","0","Faustine, der weibliche Faust","Tragödie in sechs Aufzügen nebst Vorspiel und Prolog","Tragedy","http://www.textgridrep.org/textgrid:trwt.0","","","","","1898","39","false","0.7937190260719673","0.11875843454790823","2.0268817204301075","faustine|praktinski","4.512820512820513","4","","","1898","17","39","13","17","9","0","4","88","","72","0","6","69","21810","20688","1399","0","2936"
"scheerbart-das-dumme-luder","ger000183","Q51394298","Scheerbart","0","Das dumme Luder","Ein Jupiter-Drama","","http://www.textgridrep.org/textgrid:tvgp.0","edition text + kritik","München","1977","3","1904","5","false","1","1","1","several characters","4","1","1907-02-15","1907","1904","4","5","3","2","0","0","1","10","","1","0","0","1","539","416","24","29","0"
"scheerbart-das-gift","ger000297","Q51393199","Scheerbart","0","Das Gift","Eine Mondschein-Komödie","Comedy","http://www.textgridrep.org/textgrid:tv5t.0","edition text + kritik","München","1977","6","1904","4","false","1","1","1","several characters","3","1","1907-02-15","1907","1904","3","4","1","2","1","0","1","6","","1","0","0","1","1355","1199","253","56","0"
"scheerbart-das-mirakel","ger000370","Q51393345","Scheerbart","0","Das Mirakel","Eine dramatische Szene","","http://www.textgridrep.org/textgrid:tv5b.0","edition text + kritik","München","1977","12","1904","2","false","0","1","1","er|sie","1","1","","","1904","1","2","1","1","0","0","1","1","","1","0","0","1","3115","3039","80","168","0"
"scheerbart-der-alte-petrus","ger000030","Q51393397","Scheerbart","0","Der alte Petrus oder Im Himmel spukt es auch","Ein himmlisches Schauspiel","","http://www.textgridrep.org/textgrid:tvc5.0","edition text + kritik","München","1977","7","1904","8","false","1","1","1","several characters","7","1","","","1904","7","8","1","7","0","1","1","28","","1","0","0","1","1482","1324","520","58","0"
"scheerbart-der-fanatische-buergermeister","ger000424","Q51393477","Scheerbart","0","Der fanatische Bürgermeister","Kosmisches Drama in vier Akten","","http://www.textgridrep.org/textgrid:tvgg.0","edition text + kritik","München","1977","17","1904","8","false","0.8964285714285714","0.8571428571428571","1.1428571428571428","several characters","6","2","","","1904","7","8","1","5","2","2","1","24","","4","0","4","0","4266","3856","1066","139","0"
"scheerbart-der-herr-vom-jenseits","ger000181","Q51393523","Scheerbart","0","Der Herr vom Jenseits","Eine Gartenkomödie","Comedy","http://www.textgridrep.org/textgrid:tvbm.0","edition text + kritik","München","1977","12","1904","3","false","1","1","1","arabella|ko-bo-so|christine","2","1","","","1904","2","3","2","1","0","0","1","3","","1","0","0","1","3128","2911","377","136","0"
"scheerbart-der-regierungswechsel","ger000410","Q51393557","Scheerbart","0","Der Regierungswechsel","Ein politisches Drama","","http://www.textgridrep.org/textgrid:tv63.0","edition text + kritik","München","1977","8","1897","3","false","1","1","1","napoleon|zibolko|susanne","2","1","1907-02-15","1907","1897","2","3","1","2","0","0","1","3","","1","0","0","1","1877","1667","627","62","2"
"scheerbart-der-schornsteinfeger","ger000332","Q51393631","Scheerbart","0","Der Schornsteinfeger","Constantinopolitanische Offizierstragödie","Tragedy","http://www.textgridrep.org/textgrid:tvdx.0","edition text + kritik","München","1977","5","1904","3","false","1","1","1","bimmelmann|von_mohrenheim|ibn_bullak","2","1","1907-02-15","1907","1904","2","3","0","3","0","0","1","3","","1","0","0","1","1075","984","226","61","0"
"scheerbart-der-vornehme-raeuberhauptmann","ger000182","Q51393698","Scheerbart","0","Der vornehme Räuberhauptmann","Ein Bühnenspass in drei Aufzügen","","http://www.textgridrep.org/textgrid:tv5k.0","edition text + kritik","München","1977","6","1904","9","false","0.8134920634920635","0.4722222222222222","1.5277777777777777","knoblauch","3.7777777777777777","2","","","1904","8","9","0","9","0","0","1","17","","3","0","3","0","1230","1047","430","48","0"
"scheerbart-der-wetterfuerst","ger000250","Q51393733","Scheerbart","0","Der Wetterfürst","Ein Schauspiel zwischen hohen Bergen","","http://www.textgridrep.org/textgrid:tvgr.0","edition text + kritik","München","1977","4","1904","3","false","1","1","1","jarrimo|lisabella|roderich","2","1","","","1904","2","3","1","2","0","0","1","3","","2","0","2","0","714","487","297","49","0"
"scheerbart-die-lustigen-raeuber","ger000421","Q51393774","Scheerbart","0","Die lustigen Räuber","Ein Schauspiel in fünf Akten","","http://www.textgridrep.org/textgrid:tvc9.0","edition text + kritik","München","1977","11","1904","10","false","1","1","1","several characters","9","1","","","1904","9","10","2","8","0","0","1","45","","5","0","5","0","2463","2225","762","121","4"
"scheerbart-die-puppe-und-die-dauerwurst","ger000141","Q51393827","Scheerbart","0","Die Puppe und die Dauerwurst","Ein soziales Drama","","http://www.textgridrep.org/textgrid:tvfs.0","edition text + kritik","München","1977","5","1897","3","false","1","1","1","jakob|johann|der_gruene","2","1","","","1897","2","3","0","3","0","0","1","3","","1","0","0","1","1295","1102","394","43","0"
"scheerbart-die-urgrossmutter","ger000310","Q51393881","Scheerbart","0","Die Urgrossmutter","Eine Tragi-Komödie in einem Aufzuge","Tragicomedy","http://www.textgridrep.org/textgrid:tv6f.0","edition text + kritik","München","1977","4","1904","3","false","1","1","1","manella|urgrossmutter|constantin","2","1","","","1904","2","3","2","1","0","0","1","3","","1","0","0","1","835","696","74","33","0"
"scheerbart-die-welt-geht-unter","ger000429","Q51393922","Scheerbart","0","Die Welt geht unter!","Ein Tableau","","http://www.textgridrep.org/textgrid:tv65.0","edition text + kritik","München","1977","4","1904","4","false","1","1","1","several characters","3","1","","","1904","3","4","0","3","1","1","1","6","","1","0","0","1","825","416","450","11","0"
"scheerbart-die-wurzeln-der-wohlhabenheit","ger000097","Q51393982","Scheerbart","0","Die Wurzeln der Wohlhabenheit","Ein schildbürgerliches Schauspiel in fünf Akten","","http://www.textgridrep.org/textgrid:tvcm.0","edition text + kritik","München","1977","11","1904","15","false","0.9010989010989011","0.5714285714285714","1.4285714285714286","kaeseberg|wiedewitt|von_moellerkuchen","8","2","","","1904","14","15","0","14","1","2","1","60","","5","0","5","0","2470","2203","913","84","5"
"scheerbart-es-lebe-europa","ger000034","Q51394019","Scheerbart","0","Es lebe Europa!","Eine Kapitalisten-Tragödie in fünf Akten","Tragedy","http://www.textgridrep.org/textgrid:tvdq.0","edition text + kritik","München","1977","8","1904","9","false","0.8666666666666667","0.6111111111111112","1.3888888888888888","haeser|urban","4.888888888888889","2","","","1904","8","9","2","7","0","0","1","22","","5","0","5","0","1572","1232","438","52","0"
"scheerbart-herr-kammerdiener-kneetschke","ger000153","Q51394068","Scheerbart","0","Herr Kammerdiener Kneetschke","Eine Kammerdiener-Tragödie in fünf Aufzügen","Tragedy","http://www.textgridrep.org/textgrid:tvg7.0","edition text + kritik","München","1977","15","1904","10","false","0.8555555555555555","0.6888888888888889","1.3111111111111111","kneetschke|kathi","6.2","2","1905-12-01","1905","1904","9","10","4","6","0","1","1","31","","5","0","5","0","3082","2664","942","180","0"
"scheerbart-lachende-gespenster","ger000138","Q51394118","Scheerbart","0","Lachende Gespenster","Ein Schauspiel zwischen schwarzen Wänden in einem Aufzuge","","http://www.textgridrep.org/textgrid:tv6h.0","edition text + kritik","München","1977","8","1904","6","false","1","1","1","several characters","5","1","","","1904","5","6","2","1","3","0","1","15","","1","0","0","1","1942","1815","362","109","0"
"scheerbart-okurirasuna","ger000112","Q51394165","Scheerbart","0","Okurirasûna","Grosse Weltkomödie in fünf Akten","Comedy","http://www.textgridrep.org/textgrid:tvb0.0","edition text + kritik","München","1977","24","1904","10","false","1","1","1","several characters","9","1","","","1904","9","10","3","7","0","0","1","45","","5","0","5","0","6287","5712","1961","198","0"
"scheerbart-ruebezahl","ger000231","Q51394222","Scheerbart","0","Rübezahl","Schauspiel in fünf Aufzügen","","http://www.textgridrep.org/textgrid:tvgd.0","edition text + kritik","München","1977","64","1904","18","false","0.8174316424316425","0.32679738562091504","1.8300653594771241","ruebezahl","5.555555555555555","3","","","1904","14","18","4","14","0","2","1","50","","67","0","5","67","14877","13566","3882","603","0"
"schikaneder-die-zauberfloete","ger000256","Q5064","Schikaneder","0","Die Zauberflöte","Große Oper in zwey Aufzügen","","http://www.textgridrep.org/textgrid:twnw.0","","","","","1791","27","true","0.7637981118373276","0.3190883190883191","1.8034188034188035","tamino|papageno","8.296296296296296","3","","1791","","18","27","6","17","4","4","1","112","","49","62","2","49","12760","11677","2178","366","785"
"schildbach-glueck-durch-unglueck","ger000585","Q112929485","Schildbach","0","Glück durch Unglück","Ein Lustspiel in einem Aufzuge","Comedy","https://de.wikisource.org/wiki/Glück_durch_Unglück","Wallishausser","Wien","1808","35","1808","5","false","1","1","1","several characters","4","1","1814-06-04","1814","1808","4","5","2","3","0","0","1","10","","9","0","0","9","5973","5889","460","367","0"
"schiller-die-braut-von-messina","ger000067","Q1211729","Schiller","0","Die Braut von Messina oder Die feindlichen Brüder","Ein Trauerspiel mit Chören","Tragedy","http://www.textgridrep.org/textgrid:v0d8.0","Hanser","München","1962","100","1803","18","false","0.8632495590828925","0.33986928104575165","1.7058823529411764","chor","5.777777777777778","3","1803-03-19","1803","1803","16","18","2","16","0","3","1","52","1802/1803","29","12","4","29","23899","19989","1411","0","2888"
"schiller-die-jungfrau-von-orleans","ger000227","Q1125010","Schiller","0","Die Jungfrau von Orleans","Eine romantische Tragödie","Tragedy","http://www.textgridrep.org/textgrid:tz9d.0","Hanser","München","1962","126","1801","47","false","0.756246433999876","0.15541165587419056","2.418131359851989","johanna","7.148936170212766","5","1801-09-11","1801","1801","28","47","6","40","1","4","1","168","1800/1801","63","21","5","63","28828","27778","3075","0","3756"
"schiller-die-piccolomini","ger000086","Q1215415","Schiller","0","Die Piccolomini","In fünf Aufzügen","","http://www.textgridrep.org/textgrid:tz6r.0","Hanser","München","1962","93","1799","28","false","0.8776207919065063","0.25396825396825395","2.0673758865248226","terzky","6.857142857142857","4","1799-01-30","1799","1800","15","28","3","25","0","0","2","96","1796/1798","31","2","5","31","21352","20723","1754","1","2834"
"schiller-die-raeuber","ger000008","Q466333","Schiller","0","Die Räuber","Ein Schauspiel","","http://www.textgridrep.org/textgrid:v0fv.0","Hanser","München","1962","138","1781","26","false","0.848139426924852","0.5169230769230769","1.4830769230769232","grimm|schwarz","12.923076923076923","2","1782-01-13","1782","1781","25","26","1","24","1","2","1","168","1779/1780","15","32","5","15","40877","39319","2280","1084","136"
"schiller-die-verschwoerung-des-fiesco-zu-genua","ger000451","Q382941","Schiller","0","Die Verschwörung des Fiesco zu Genua","Ein republikanisches Trauerspiel","Tragedy","http://www.textgridrep.org/textgrid:tzgk.0","Hanser","München","1962","113","1782","36","false","0.7673510064226439","0.2111111111111111","1.9587301587301587","fiesco","7.388888888888889","4","","1782","1783","28","36","5","28","3","8","1","133","","75","13","5","75","30240","28851","3982","1251","0"
"schiller-don-carlos-infant-von-spanien","ger000217","Q498408","Schiller","0","Don Carlos, Infant von Spanien","Ein dramatisches Gedicht","","http://www.textgridrep.org/textgrid:tx4z.0","Hanser","München","1962","213","1787","26","false","0.6809988313530825","0.3446153846153846","1.8","koenig_philipp","8.615384615384615","3","1787-08-29","1787","1787","20","26","6","20","0","1","1","112","1782/1787","69","26","5","69","44148","42704","6091","0","6550"
"schiller-kabale-und-liebe","ger000096","Q263150","Schiller","0","Kabale und Liebe","Ein bürgerliches Trauerspiel in fünf Aufzügen","Tragedy","http://www.textgridrep.org/textgrid:tz39.0","Hanser","München","1962","104","1784","17","false","0.7397759103641457","0.3014705882352941","2.0588235294117645","lady","4.823529411764706","4","1784-04-13","1784","1784","9","17","4","12","1","0","1","41","1782/1783","37","25","5","37","31028","29172","4073","922","0"
"schiller-maria-stuart","ger000311","Q425837","Schiller","0","Maria Stuart","Ein Trauerspiel","Tragedy","http://www.textgridrep.org/textgrid:twt3.0","Hanser","München","1962","138","1800","20","false","0.6793290043290044","0.30526315789473685","2.163157894736842","elisabeth","5.8","4","1800-06-14","1800","1801","12","20","6","14","0","1","1","58","1799/1800","52","22","5","52","30635","29730","2219","0","4326"
"schiller-wallensteins-lager","ger000025","Q2542703","Schiller","0","Wallensteins Lager","","","http://www.textgridrep.org/textgrid:txtj.0","Hanser","München","1962","43","1798","27","false","0.835522238594134","0.4045584045584046","1.6438746438746439","trompeter","10.518518518518519","3","1798-10-12","1798","1800","25","27","2","23","2","4","1","142","1796/1798","11","2","0","11","8926","7819","407","0","1117"
"schiller-wallensteins-tod","ger000058","Q1742540","Schiller","0","Wallensteins Tod","Ein Trauerspiel in fünf Aufzügen","Tragedy","http://www.textgridrep.org/textgrid:v0nx.0","Hanser","München","1962","141","1799","33","false","0.684374906504093","0.23484848484848486","2.0643939393939394","graefin","7.515151515151516","4","1799-04-20","1799","1800","20","33","5","27","1","0","1","124","1796/1799","63","2","5","63","31542","30810","2712","0","4256"
"schiller-wilhelm-tell","ger000452","Q937281","Schiller","0","Wilhelm Tell","Schauspiel","","http://www.textgridrep.org/textgrid:tz0c.0","Hanser","München","1962","117","1804","66","false","0.8755267025047939","0.24895104895104894","1.863869463869464","stauffacher","16.181818181818183","3","1804-03-17","1804","1804","47","66","7","46","13","16","1","534","1802/1804","15","19","5","15","28076","27222","3046","0","3487"
"schink-der-neue-doktor-faust","ger000072","Q55998256","Schink","0","Der neue Doktor Faust","Eine Plaisanterie mit Gesang, in zwei Aufzügen","Comedy","http://www.textgridrep.org/textgrid:v183.0","","","","","1782","4","false","0.5833333333333333","0.6666666666666666","1.3333333333333333","rosalinde","2","2","","","1782","3","4","1","2","1","1","1","4","","14","0","2","14","5484","5368","433","199","79"
"schink-hanswurst-von-salzburg-mit-dem-hoelzernen-gat","ger000218","Q55998364","Schink","0","Hanswurst von Salzburg mit dem hölzernen Gat","Historisch Schauspiel in drei Aufzügen","","http://www.textgridrep.org/textgrid:v186.0","","","","","1778","18","false","0.5538720538720538","0.1830065359477124","1.725","hanswurst","3.111111111111111","3","","","1778","11","18","4","14","0","0","4","28","","31","0","3","29","16549","16060","1056","2","2080"
"schlaf-meister-oelze","ger000248","Q1352330","Schlaf","0","Meister Oelze","Drama in drei Aufzügen","","http://www.textgridrep.org/textgrid:v18g.0","","","","","1892","8","false","0.9404761904761905","0.9285714285714286","1.0714285714285714","several characters","6.5","2","","1900","1892","7","8","4","4","0","0","1","26","","3","1","3","0","20116","19529","4051","958","18"
"schlegel-alarcos","ger000164","Q55998387","Schlegel","0","Alarcos","Ein Trauerspiel in zwei Aufzügen","Tragedy","http://www.textgridrep.org/textgrid:v341.0","","","","","1802","11","false","0.8178932178932179","0.6181818181818182","1.4363636363636363","alvaro","6.181818181818182","3","","1802","1802","9","11","5","6","0","0","1","34","1801","7","0","2","6","10617","10484","231","0","1298"
"schlegel-canut","ger000417","Q1033928","Schlegel","0","Canut","Ein Trauerspiel","Tragedy","http://www.textgridrep.org/textgrid:v3mq.0","Arion","Weimar","1963","45","1746","7","false","0.7380952380952381","0.6190476190476191","1.380952380952381","estrithe","3.7142857142857144","2","","","1746","6","7","2","5","0","0","1","13","1746","23","1","5","23","15488","13979","64","0","1530"
"schlegel-der-geschaeftige-muessiggaenger","ger000397","Q55998437","Schlegel","0","Der geschäftige Müssiggänger","Ein Lustspiel","Comedy","http://www.textgridrep.org/textgrid:v3mx.0","Arion","Weimar","1963","68","1743","15","false","0.8054845154845156","0.41904761904761906","1.5809523809523809","frau_sylvesterinn","5.866666666666666","2","","","1743","14","15","5","10","0","0","1","44","1741","44","0","5","44","23037","22710","151","1058","20"
"schlegel-der-triumph-der-guten-frauen","ger000342","Q55998475","Schlegel","0","Der Triumph der guten Frauen","Ein Lustspiel in fünf Aufzügen","Comedy","http://www.textgridrep.org/textgrid:v3n4.0","Arion","Weimar","1963","63","1748","7","false","0.8428571428571427","0.7142857142857143","1.2857142857142858","cathrine","4.285714285714286","2","","","1748","6","7","4","3","0","0","1","15","1747","48","0","5","48","20988","20636","237","953","0"
"schlegel-die-entfuehrte-dose","ger000665","Q124217835","Schlegel","0","Die entführte Dose","Ein Lustspiel in einem Aufzuge","Comedy","https://books.google.com/books?id=m5TUtgEACAAJ&pg=PA619","Mummische Buchhandlung","Kopenhagen und Leipzig","1762","17","1740","5","false","0.7","0.7","1.3","foppendorf","2.8","2","","1740","1762","4","5","2","3","0","0","1","7","1740","4","0","0","4","2237","1640","12","0","183"
"schlegel-die-stumme-schoenheit","ger000328","Q55998571","Schlegel","0","Die stumme Schönheit","Ein Lustspiel in einem Aufzuge","Comedy","http://www.textgridrep.org/textgrid:v3mw.0","Arion","Weimar","1963","25","1747","8","false","0.8708333333333333","0.75","1.25","jungwitz","5.25","2","1754-06-05","1754","1747","7","8","4","4","0","0","1","21","1747","25","0","0","25","7676","7464","166","0","741"
"schlegel-dueval-und-charmille","ger000613","Q118134246","Schlegel","0","Düval und Charmille","Ein bürgerlich Trauerspiel in fünf Aufzügen. Von einem Frauenzimmer","Tragedy","https://books.google.com/books?id=asJTAAAAcAAJ&printsec=frontcover","Weidmann","Leipzig","1778","140","1778","9","false","0.8269841269841269","0.6666666666666666","1.3333333333333333","mariane|dueval","5.333333333333333","2","2023-09-22","2023","1778","8","9","3","6","0","0","1","24","","45","1","5","45","12190","11225","1796","414","0"
"schlegel-jon","ger000234","Q55998652","Schlegel","0","Jon","Schauspiel in fünf Aufzügen","","http://www.textgridrep.org/textgrid:v1sm.0","","","","","1802","6","false","0.75","0.6","1.1","kreusa|pythia|xuthus","3","2","","1802","1803","4","6","2","4","0","0","2","9","","23","0","5","23","17001","16835","277","0","2380"
"schlosser-die-maskerade","ger000635","Q121354014","Schlosser","0","Die Maskerade","Ein Lustspiel in einem Akt","Comedy","https://books.google.com/books?id=MLIxT1wk4v4C&pg=PA269","Cramer","Bremen","1767","49","1767","7","false","0.8666666666666668","0.8095238095238095","1.1904761904761905","lucinde|valer","4.857142857142857","2","1785-04-28","1785","1767","6","7","2","5","0","0","1","17","","14","0","0","14","7431","6888","955","281","4"
"schmetzer-deutschland-und-seine-feinde","ger000772","Q139554152","Schmetzer","0","Deutschland und seine Feinde","Ein Bühnenfestspiel für unsere Zeit des Kampfes und Sieges","","https://doi.org/10.1515/9783486743753","De Gruyter","Berlin, München, Boston","2019","42","1915","31","false","0.9738476577186255","0.410752688172043","1.5380577427821522","der_deutsche","12.32258064516129","3","","1915","1915","26","31","21","10","0","0","2","191","","7","0","0","7","9156","7873","417","82","392"
"schnitzer-der-zigeunerbaron","ger000292","Q464511","Schnitzer","0","Der Zigeunerbaron","Operette in 3 Acten","","http://www.textgridrep.org/textgrid:v3q4.0","","","","","1885","19","true","0.9112070334206557","0.7777777777777778","1.2280701754385965","several characters","14","3","","1885","","17","19","5","11","3","8","1","133","","14","24","3","13","8208","7979","341","0","1571"
"schnitzler-anatol","ger000089","Q487409","Schnitzler","0","Anatol","","","http://www.textgridrep.org/textgrid:v3vp.0","","","","","1893","11","false","0.6837662337662338","0.34545454545454546","1.6545454545454545","anatol","3.4545454545454546","2","","1910","1893","10","11","7","4","0","0","1","19","1891","7","5","7","0","21918","21415","1830","1589","10"
"schnitzler-anatols-groessenwahn","ger000176","Q56256182","Schnitzler","0","Anatols Größenwahn","","","http://www.textgridrep.org/textgrid:v3t3.0","","","","","1891","6","false","1","1","1","several characters","5","1","","1932","1955","5","6","2","4","0","0","1","15","1891","1","0","1","0","5092","4960","299","410","0"
"schnitzler-das-weite-land","ger000277","Q1171735","Schnitzler","0","Das weite Land","Tragikomödie in fünf Akten","Tragicomedy","http://www.textgridrep.org/textgrid:v3vz.0","","","","","1910","29","false","0.9079463625940388","0.6108374384236454","1.3891625615763548","erna|friedrich","17.103448275862068","2","","1911","1910","28","29","9","18","2","2","1","248","1910","5","1","5","0","32269","31529","3773","1553","0"
"schnitzler-der-einsame-weg","ger000017","Q1198519","Schnitzler","0","Der einsame Weg","Schauspiel in fünf Akten","","http://www.textgridrep.org/textgrid:v3sh.0","","","","","1904","11","false","0.8386002886002886","0.6181818181818182","1.3818181818181818","felix","6.181818181818182","2","1904-02-13","1904","1904","10","11","4","7","0","0","1","34","1900/1903","37","3","5","37","23758","23043","1849","1053","0"
"schnitzler-der-gruene-kakadu","ger000336","Q2675124","Schnitzler","0","Der grüne Kakadu","Groteske in einem Akt","Comedy","http://www.textgridrep.org/textgrid:v3rv.0","","","","","1899","24","false","1","1","1","several characters","23","1","","1899","1899","23","24","5","17","2","2","1","276","","1","5","1","0","11182","11015","1131","701","5"
"schnitzler-der-puppenspieler","ger000306","Q56256231","Schnitzler","0","Der Puppenspieler","Studie in einem Aufzug","","http://www.textgridrep.org/textgrid:v3rz.0","","","","","1903","4","false","1","1","1","several characters","3","1","","1903","1906","3","4","1","3","0","0","1","6","","1","0","1","0","5225","5118","424","231","0"
"schnitzler-der-tapfere-cassian","ger000205","Q56254827","Schnitzler","0","Der tapfere Cassian","Puppenspiel in einem Akt","","http://www.textgridrep.org/textgrid:v3qp.0","","","","","1904","4","false","1","1","1","several characters","3","1","","1904","1906","3","4","1","3","0","0","1","6","1902","1","1","1","0","4671","4593","316","286","0"
"schnitzler-die-frau-mit-dem-dolche","ger000557","Q1212655","Schnitzler","0","Die Frau mit dem Dolche","Schauspiel in einem Akt","","http://www.textgridrep.org/textgrid:v3s3.0","","","","","1902","3","false","1","1","1","leonhard_lionardo|pauline_paola|remigio","2","1","","1902","1902","2","3","1","2","0","0","1","3","1901","3","0","1","0","4452","4150","705","133","296"
"schnitzler-die-letzten-masken","ger000558","Q1218934","Schnitzler","0","Die letzten Masken","Schauspiel in einem Akt","","http://www.textgridrep.org/textgrid:v3s3.0","","","","","1902","6","false","1","1","1","several characters","5","1","","1902","1902","5","6","1","5","0","0","1","15","1901","1","1","1","0","5368","5238","610","194","0"
"schnitzler-komoedie-der-verfuehrung","ger000544","Q1781088","Schnitzler","0","Komödie der Verführung","in drei Akten","Comedy","https://resolver.staatsbibliothek-berlin.de/SBB000345E100000000","S. Fischer","Berlin","1924","260","1924","29","false","0.8925524239183199","0.6674876847290641","1.332512315270936","ambros|max","18.689655172413794","2","1924-10-11","1924","1924","28","29","12","16","1","1","1","271","","5","1","3","3","40136","37993","4956","1979","0"
"schnitzler-komtesse-mizzi","ger000150","Q1781040","Schnitzler","0","Komtesse Mizzi oder Der Familientag","Komödie in einem Akt","Comedy","http://www.textgridrep.org/textgrid:v3sw.0","","","","","1909","9","false","1","1","1","several characters","8","1","","1909","1909","8","9","2","7","0","0","1","36","1907","1","1","1","0","10110","9953","741","545","0"
"schnitzler-lebendige-stunden","ger000556","Q1335820","Schnitzler","0","Lebendige Stunden","Ein Akt","","http://www.textgridrep.org/textgrid:v3s3.0","","","","","1902","3","false","1","1","1","borromaeus|hausdorfer|heinrich","2","1","","1902","1902","2","3","0","3","0","0","1","3","1901","1","1","1","0","4211","4117","353","156","0"
"schnitzler-liebelei","ger000080","Q1823758","Schnitzler","0","Liebelei","Schauspiel in drei Akten","","http://www.textgridrep.org/textgrid:v3vb.0","","","","","1895","9","false","0.8687830687830689","0.7777777777777778","1.2222222222222223","theodor|mizi|christine","6.222222222222222","2","","1895","1896","8","9","4","5","0","0","1","28","1894","3","5","3","0","14999","14868","2341","961","0"
"schnitzler-literatur","ger000559","Q1865099","Schnitzler","0","Literatur","Lustspiel in einem Akt","Comedy","http://www.textgridrep.org/textgrid:v3s3.0","","","","","1902","3","false","1","1","1","klemens|margarete|gilbert","2","1","","1902","1902","2","3","1","2","0","0","1","3","1901","1","1","1","0","7031","6944","308","405","0"
"schnitzler-professor-bernhardi","ger000343","Q872683","Schnitzler","0","Professor Bernhardi","Komödie in fünf Akten","Comedy","http://www.textgridrep.org/textgrid:v3tw.0","","","","","1912","23","false","0.8271397333316838","0.6047430830039525","1.3952569169960474","bernhardi","13.304347826086957","2","","1912","1912","22","23","1","22","0","0","1","153","","5","3","5","0","37476","36960","2722","1665","0"
"schnitzler-reigen","ger000232","Q1414190","Schnitzler","0","Reigen","","","http://www.textgridrep.org/textgrid:v3w3.0","","","","","1903","11","false","0.1515151515151515","0.21818181818181817","2.8181818181818183","dirne|graf","2.1818181818181817","5","1920-12-23","1920","1903","3","11","6","5","0","0","1","12","1896/1897","10","13","0","10","19387","18538","2410","1431","0"
"schnitzler-zum-grossen-wurstel","ger000022","Q29014616","Schnitzler","0","Zum grossen Wurstel","Burleske in einem Akt","Comedy","http://www.textgridrep.org/textgrid:v3t6.0","","","","","1906","31","false","1","1","1","several characters","30","1","","1906","1906","30","31","5","23","3","2","1","465","1902/1904","1","1","1","0","5465","5157","1272","147","374"
"schober-alfonso-und-estrella","ger000154","Q2032667","Schober","0","Alfonso und Estrella","Romantische Oper in drei Akten","","http://www.textgridrep.org/textgrid:v401.0","","","","","1854","18","true","0.8210598043931379","0.5163398692810458","1.522875816993464","chor_der_frauen","8.777777777777779","3","","1854","","14","18","4","11","3","10","1","79","","23","9","3","23","6163","5702","886","0","918"
"schoenherr-der-weibsteufel","ger000478","Q1197996","Schönherr","0","Der Weibsteufel","Drama in fünf Akten","","https://www.gutenberg.org/ebooks/49059","Staackmann","Leipzig","1914","113","1914","3","false","1","1","1","mann|weib|jaeger","2","1","","1915","1914","2","3","1","2","0","0","1","3","1914","5","1","5","0","19027","18900","5788","699","0"
"schoenthan-der-raub-der-sabinerinnen","ger000271","Q1196392","Schönthan","1","Der Raub der Sabinerinnen","Schwank in vier Akten","Comedy","http://www.textgridrep.org/textgrid:v409.0","","","","","1884","11","false","0.9292929292929294","0.7272727272727273","1.290909090909091","several characters","7.2727272727272725","3","","1884","1885","9","11","5","6","0","0","1","40","","46","1","4","46","22872","22443","3515","1278","2"
"schouwaert-die-ueberschwemmung","ger000466","Q51368953","Schouwärt","0","Die Überschwemmung","Ein Schauspiel in drey Akten","","https://de.wikisource.org/wiki/Schouwärt_–_Die_Ueberschwemmung_(1784)","","","","","1784","16","false","0.8665237540237541","0.6333333333333333","1.3916666666666666","poell|leopoldine|amtmann","9.5","3","","","1784","13","16","4","11","1","0","1","76","1784","48","0","3","48","20133","19610","665","583","6"
"schrader-der-hohlweg","ger000621","Q118871504","Schrader","0","Der Hohlweg","Lustspiel in einem Akt","Comedy","https://de.wikisource.org/wiki/Der_Hohlweg","Vereins-Buchhandlung","Berlin","1843","32","1843","8","false","0.6845238095238095","0.6071428571428571","1.3928571428571428","graf","4.25","2","","","1843","7","8","3","5","0","0","1","17","","13","0","0","13","8732","8509","501","373","24"
"schroeder-der-vetter-in-lissabon","ger000382","Q51451355","Schröder","0","Der Vetter in Lissabon","Ein bürgerliches Familiengemälde in drei Aufzügen","","http://www.textgridrep.org/textgrid:vhgn.0","","","","","1784","11","false","0.7467532467532468","0.6181818181818182","1.3818181818181818","mad_wagner","6.181818181818182","2","","1784","1786","10","11","4","7","0","0","1","34","","50","0","3","50","12447","12121","1077","758","0"
"schuecking-elisabeth","ger000754","Q133310426","Schücking","0","Elisabeth","Ein Trauerspiel in fünf Aufzügen","Tragedy","https://gallica.bnf.fr/ark:/12148/bpt6k1916024w","","","1777","77","1777","16","false","0.7486263736263736","0.325","1.725","der_koenig","4.875","3","","","1777","14","16","4","7","5","2","1","39","","24","0","5","24","8184","7822","699","187","7"
"schuetz-die-katze-laesst-das-mausen-nicht","ger000580","Q112686910","Schütz","0","Die Katze läßt das Mausen nicht","Sprüchwort in einem Aufzuge, als Fortsetzung des Bauernguts","Comedy","https://de.wikisource.org/wiki/Die_Katze_läßt_das_Mausen_nicht_(Schütz)","Bechtold","Altona","1801","32","1800","7","false","0.9238095238095239","0.6190476190476191","1.380952380952381","wirth","3.7142857142857144","2","1800-01-13","1800","1801","6","7","1","6","0","1","1","13","","14","0","0","14","4248","4085","256","240","0"
"seemann-dulk-die-waende","ger000459","Q51459425","Seemann","1","Die Wände","Eine politische Komödie in einem Akte","Comedy","http://www.textgridrep.org/textgrid:mk3n.0","","","","","1848","8","false","0.7821428571428571","0.6428571428571429","1.3571428571428572","hans","4.5","2","","","1848","7","8","0","7","1","0","1","18","","9","0","0","9","5779","5596","406","0","681"
"sessa-unser-verkehr","ger000503","Q99601642","Sessa","0","Unser Verkehr","Eine Posse in einem Akte","Comedy","https://books.google.com/books?id=h2BVAAAAcAAJ&printsec=frontcover","Haas","Wien","1815","49","1813","16","false","0.7427895021645021","0.4","1.6","jakob","6","2","","1813","1815","15","16","3","11","2","2","1","48","","23","0","0","23","7990","7759","852","452","0"
"seume-miltiades","ger000479","Q79509676","Seume","0","Miltiades","Ein Trauerspiel in fünf Aufzügen","Tragedy","https://www.projekt-gutenberg.org/seume/miltiade/index.html","Hempel","Berlin","1879","59","1808","14","false","0.7447330447330448","0.5604395604395604","1.4615384615384615","miltiades","7.285714285714286","3","","1868","1808","12","14","1","12","1","1","1","51","","23","0","5","23","14657","12141","410","0","1798"
"sievers-die-schatzgraeber","ger000590","Q113016336","Sievers","0","Die Schatzgräber","Posse in einem Aufzuge. Fortsetzung der beiden Billets","Comedy","https://books.google.com/books?id=dUrPFPLOy_8C&printsec=frontcover","","","","","1807","6","false","1","1","1","several characters","5","1","","","1807","5","6","1","5","0","1","1","15","","9","0","0","9","7709","7426","774","334","0"
"simrock-doctor-johannes-faust","ger000228","Q55999026","Simrock","0","Doctor Johannes Faust","Puppenspiel in vier Aufzügen","","http://www.textgridrep.org/textgrid:vnmx.0","","","","","1846","22","false","0.7984083875126657","0.354978354978355","1.7056277056277056","faust","7.454545454545454","3","","","1846","17","22","5","14","3","1","1","82","","19","1","4","19","11116","10263","958","337","297"
"soden-doktor-faust","ger000450","Q55803592","Soden","0","Doktor Faust","Volks-Schauspiel in fünf Akten","","http://www.textgridrep.org/textgrid:vnn3.0","","","","","1797","62","false","0.7853715078398322","0.15230037017451084","1.873611845584347","doktor_faust","9.290322580645162","3","","","1797","60","62","5","30","27","0","1","288","","65","0","5","65","21601","21034","1021","1360","0"
"solbrig-die-dorfschule","ger000526","Q105525766","Solbrig","0","Die Dorfschule","Eine charakteristische Posse in einem Akte","Comedy","https://books.google.com/books?id=q1PDO0ko1mcC&pg=PA51","Schütz","Magdeburg","1819","30","1812","9","false","1","1","1","several characters","8","1","","1812","1819","8","9","0","9","0","0","1","36","","2","0","0","2","3599","3523","267","182","4"
"sonnleithner-dir-wie-mir","ger000660","Q123954090","Sonnleithner","0","Dir wie mir","Eine dramatische Kleinigkeit in einem Akt","","https://books.google.com/books?id=E5RHk-bSzcgC&printsec=frontcover","Wallishausser","Wien","1812","38","1808","4","false","1","1","1","several characters","3","1","1808-07-27","1808","1812","3","4","2","2","0","0","1","6","","17","0","0","17","5769","5648","299","380","0"
"sonnleithner-fidelio","ger000095","Q193778","Sonnleithner","2","Fidelio","Oper in zwei Aufzügen","","http://www.textgridrep.org/textgrid:vpv1.0","","","","","1805","12","true","0.8615079365079366","0.5454545454545454","1.5757575757575757","rocco|pizarro","6","3","","1805","","9","12","2","9","1","3","1","36","","20","46","2","20","8488","7862","1835","160","664"
"sorge-der-bettler","ger000534","Q64733581","Sorge","0","Der Bettler","Eine dramatische Sendung","","http://www.textgridrep.org/textgrid:vpvq.0","","","","","1912","57","false","0.9904660641502748","0.8157894736842105","1.1842105263157894","dichter_sohn_bruder_juengling|das_maedchen","45.68421052631579","2","","1917","1912","56","57","18","39","0","4","1","1302","","5","1","5","0","20845","19644","4457","505","713"
"sorge-der-sieg-des-christos","ger000149","Q52882110","Sorge","0","Der Sieg des Christos","Eine Vision dargestellt in dramatischen Bildern","","http://www.textgridrep.org/textgrid:vpvw.0","","","","","1924","37","false","0.8533721691616428","0.16366366366366367","1.718543046357616","luther","5.891891891891892","3","","","1924","20","37","3","27","7","5","3","109","1914","18","0","0","18","20208","19255","3171","0","2451"
"sorge-odysseus","ger000418","Q52882303","Sorge","0","Odysseus","Dramatische Phantasie","","http://www.textgridrep.org/textgrid:vpvx.0","","","","","1911","14","false","1","1","1","several characters","13","1","","","1925","13","14","1","13","0","3","1","91","1911","1","0","1","0","8384","7723","3682","213","82"
"spiess-klara-von-hoheneichen","ger000645","Q121688468","Spieß","0","Klara von Hoheneichen","Ritterschauspiel aus dem funfzehnten Jahrhunderte in vier Aufzügen","","https://books.google.com/books?id=Nzs7AAAAcAAJ&printsec=frontcover","Schönfeld-Meißner","Prag und Leipzig","1791","151","1790","18","false","0.7422759339426006","0.2875816993464052","1.908496732026144","klara|otto","4.888888888888889","3","1790-11-30","1790","1790","11","18","2","16","0","4","1","44","","40","1","4","40","22813","22385","1828","716","0"
"stavenhagen-mudder-mews","ger000168","Q13188682","Stavenhagen","0","Mudder Mews","Niederdeutsches Drama in 5 Akten","","http://www.textgridrep.org/textgrid:vrcn.0","","","","","1904","8","false","0.9107142857142857","0.8928571428571429","1.1071428571428572","several characters","6.25","2","","1905","1904","7","8","3","4","1","1","1","25","1903","5","1","5","0","21644","21272","5040","887","80"
"steltzer-franziska-montenegro","ger000716","Q131166948","Steltzer","0","Franziska Montenegro","Ein Trauerspiel in fünf Aufzügen","Tragedy","https://de.wikisource.org/wiki/Franziska_Montenegro","Creutz","Magdeburg und Leipzig","1781","94","1781","13","false","0.4283882783882784","0.32051282051282054","1.858974358974359","katelli","3.8461538461538463","3","","","1781","8","13","2","11","0","0","1","25","","52","0","5","52","15474","14904","1083","468","0"
"stephanie-der-schauspieldirektor","ger000033","Q471810","Stephanie","0","Der Schauspieldirektor","Ein Gelegenheitsstück in einem Aufzuge","","http://www.textgridrep.org/textgrid:vrdc.0","","","","","1786","10","false","1","1","1","several characters","9","1","","1786","","9","10","5","5","0","0","1","45","","10","25","0","10","7730","7631","471","336","83"
"stephanie-die-entfuehrung-aus-dem-serail","ger000381","Q210711","Stephanie","0","Die Entführung aus dem Serail","Ein Singspiel in drey Aufzügen","","http://www.textgridrep.org/textgrid:vrdk.0","","","","","1782","9","true","0.746031746031746","0.6111111111111112","1.2142857142857142","pedrillo","4.888888888888889","2","","1782","","7","9","2","7","0","0","2","22","","28","37","3","28","9670","9308","1032","287","482"
"stephanie-die-liebe-im-narrenhause","ger000133","Q52882712","Stephanie","0","Die Liebe im Narrenhause","Eine komische Oper in zwey Aufzügen","","http://www.textgridrep.org/textgrid:vrds.0","","","","","1787","11","true","1","1","1","several characters","10","1","","1787","","10","11","4","7","0","0","1","55","","41","0","2","41","14943","14416","2020","394","806"
"stephanie-doktor-und-apotheker","ger000344","Q1235105","Stephanie","0","Doktor und Apotheker","Komische Oper in zwei Aufzügen","","http://www.textgridrep.org/textgrid:vrdj.0","","","","","1786","10","true","0.8777777777777779","0.8222222222222222","1.1777777777777778","krautmann","7.4","2","","1786","","9","10","3","7","0","0","1","37","","45","6","2","45","19328","18428","3929","421","1183"
"sternheim-der-snob","ger000493","Q1196902","Sternheim","0","Der Snob","Komödie in drei Aufzügen","Comedy","https://www.gutenberg.org/ebooks/60089","","","","","1914","8","false","0.6607142857142857","0.4642857142857143","1.5357142857142858","christian","3.25","2","","1914","1914","7","8","4","4","0","0","1","13","","20","1","3","20","12297","12138","1000","723","0"
"stramm-die-haidebraut","ger000669","Q124307280","Stramm","0","Die Haidebraut","","","http://www.textgridrep.org/textgrid:w3w0.0","Limes","Wiesbaden","1963","18","1914","5","false","0.8666666666666666","0.8","1.2","laszlo|maruschka","3.2","2","","1919","1914","4","5","2","3","0","0","1","8","","5","0","0","5","3063","2380","1314","248","0"
"stramm-erwachen","ger000563","Q107611479","Stramm","0","Erwachen","","","http://www.textgridrep.org/textgrid:w3x0.0","Limes","Wiesbaden","1963","21","1914","15","false","1","1","1","several characters","14","1","","1921","1914","14","15","5","8","2","3","1","105","","1","0","0","1","4271","3348","2355","237","0"
"stramm-geschehen","ger000673","Q124315651","Stramm","0","Geschehen","","","http://www.textgridrep.org/textgrid:w3vd.0","Limes","Wiesbaden","1963","23","1915","48","false","0.9563379112407789","0.36436170212765956","1.6356382978723405","er|sie","17.125","2","","","1915","47","48","13","10","25","9","1","411","1915","5","0","0","5","3755","2834","2177","426","0"
"stramm-kraefte","ger000672","Q124311807","Stramm","0","Kräfte","","","http://www.textgridrep.org/textgrid:w3xb.0","Limes","Wiesbaden","1963","22","1915","4","false","1","1","1","several characters","3","1","","1919","1915","3","4","2","2","0","0","1","6","","5","0","0","5","4320","3376","2567","317","0"
"stramm-rudimentaer","ger000670","Q124309865","Stramm","0","Rudimentär","","","http://www.textgridrep.org/textgrid:w3sp.0","Limes","Wiesbaden","1963","20","1914","3","false","1","1","1","er|sie|chauffeur","2","1","1924-01-27","1924","1914","2","3","1","2","0","0","1","3","","1","0","0","1","4565","4263","2540","190","0"
"stramm-sancta-susanna","ger000671","Q124310297","Stramm","0","Sancta Susanna","Ein Gesang der Mainacht","","http://www.textgridrep.org/textgrid:w3vm.0","Limes","Wiesbaden","1963","13","1914","7","false","1","1","1","several characters","6","1","","1918","1914","6","7","6","1","0","1","1","21","","1","0","0","1","2211","1343","1484","114","0"
"sturz-julie","ger000066","Q52883292","Sturz","0","Julie","Ein Trauerspiel in fünf Aufzügen","Tragedy","http://www.textgridrep.org/textgrid:w3zd.0","","","","","1767","10","false","0.6290476190476191","0.4888888888888889","1.6","wohlau","4.4","3","","","1767","7","10","3","7","0","0","1","22","","49","0","5","49","15186","14792","604","372","0"
"sudermann-der-bettler-von-syrakus","ger000461","Q52883502","Sudermann","0","Der Bettler von Syrakus","Tragödie in fünf Akten und einem Vorspiel","Tragedy","http://www.textgridrep.org/textgrid:w40m.0","","","","","1911","66","false","0.8167835703438168","0.17902097902097902","2.1771561771561774","der_blinde","11.636363636363637","5","","1911","1911","43","66","11","52","3","4","1","384","","50","0","5","50","24340","23086","3426","0","3276"
"sudermann-die-ehre","ger000107","Q25217734","Sudermann","0","Die Ehre","Schauspiel in vier Akten","","http://www.textgridrep.org/textgrid:w40n.0","","","","","1889","15","false","0.8122751322751324","0.5714285714285714","1.4761904761904763","muehlingk|robert","8","3","","1889","1889","12","15","6","9","0","0","1","60","","52","2","4","52","24385","23645","3202","1350","0"
"sudermann-die-schmetterlingsschlacht","ger000521","Q104664855","Sudermann","0","Die Schmetterlingsschlacht","Komödie in vier Akten","Comedy","https://books.google.com/books?id=KU04AQAAIAAJ&printsec=frontcover","Cotta","Stuttgart","1895","","1894","10","false","0.8615873015873013","0.7555555555555555","1.2444444444444445","rosi","6.8","2","","1894","1895","9","10","4","6","0","0","1","34","","58","1","4","58","19957","19149","2296","1271","0"
"sudermann-heimat","ger000100","Q5699549","Sudermann","0","Heimat","Schauspiel in vier Akten","","http://www.textgridrep.org/textgrid:w407.0","","","","","1893","14","false","0.830890934462363","0.6043956043956044","1.3956043956043955","frau_schwartze","7.857142857142857","2","","1893","1893","13","14","8","6","0","0","1","55","","53","2","4","53","22128","21466","2526","1079","0"
"sudermann-stein-unter-steinen","ger000541","Q107557211","Sudermann","0","Stein unter Steinen","Schauspiel in vier Akten","","https://www.gutenberg.org/ebooks/62132","","","","","1905","18","false","0.8200867034200368","0.5490196078431373","1.4509803921568627","zarncke|lore","9.333333333333334","2","","1905","1905","15","18","4","12","2","3","1","84","","43","0","4","43","22102","20856","4194","1240","4"
"thoma-die-lokalbahn","ger000361","Q52884344","Thoma","0","Die Lokalbahn","Komödie in drei Akten","Comedy","http://www.textgridrep.org/textgrid:wbvk.0","","","","","1902","15","false","0.8370536870536872","0.580952380952381","1.4190476190476191","buergermeister","8.133333333333333","2","","1902","1902","14","15","4","11","0","0","1","61","","38","1","3","38","16381","15801","2557","1244","10"
"thoma-die-medaille","ger000037","Q52884454","Thoma","0","Die Medaille","Komödie in einem Akt","Comedy","http://www.textgridrep.org/textgrid:wc9p.0","","","","","1901","14","false","1","1","1","several characters","13","1","","1901","1901","13","14","4","10","0","0","1","91","","7","0","0","7","10364","10213","825","623","27"
"thoma-erster-klasse","ger000098","Q1362158","Thoma","0","Erster Klasse","Bauernschwank in einem Akt","Comedy","http://www.textgridrep.org/textgrid:wcbf.0","","","","","1910","10","false","0.95","0.9333333333333333","1.0666666666666667","several characters","8.4","2","","1910","1910","9","10","2","8","0","0","1","42","1910","6","1","0","6","9917","9746","1863","679","0"
"thoma-lottchens-geburtstag","ger000207","Q55007595","Thoma","0","Lottchens Geburtstag","Lustspiel in einem Akt","Comedy","http://www.textgridrep.org/textgrid:wc9q.0","","","","","1911","6","false","0.9","0.8","1.2","frau_giselius|coelestine","4","2","","1911","1911","5","6","4","2","0","0","1","12","1911","11","0","0","11","7449","7247","1096","515","0"
"thoma-magdalena","ger000073","Q1883767","Thoma","0","Magdalena","Ein Volksstück in drei Aufzügen","","http://www.textgridrep.org/textgrid:wc0g.0","","","","","1912","13","false","0.6714618714618715","0.358974358974359","1.705128205128205","thomas","4.3076923076923075","3","","1912","1912","11","13","3","9","1","1","1","28","","28","1","3","28","18748","18095","3334","1149","0"
"thoma-moral","ger000056","Q55007722","Thoma","0","Moral","Komödie in drei Akten","Comedy","http://www.textgridrep.org/textgrid:wcj0.0","","","","","1908","17","false","0.8604575163398693","0.4338235294117647","1.7647058823529411","beermann","6.9411764705882355","3","","1908","1909","13","17","7","10","0","0","1","59","","25","0","3","25","19086","18383","2458","1170","3"
"thon-adelheit-von-rastenberg","ger000741","Q135905349","Thon","0","Adelheit von Rastenberg","Ein Trauerspiel in fünf Aufzügen","Tragedy","https://books.google.com/books?id=aAU7AAAAcAAJ&pg=PA251","","Augsburg","1788","68","1788","11","false","0.8106782106782107","0.5454545454545454","1.4545454545454546","franz|hohenburg","5.454545454545454","2","","","1788","9","11","5","6","0","0","1","30","","45","0","5","45","10483","9994","1230","448","12"
"tieck-der-abschied","ger000714","Q130350990","Tieck","0","Der Abschied","Ein Trauerspiel in zwei Aufzügen","Tragedy","https://www.projekt-gutenberg.org/tieck/abschied/index.html","Bibliographisches Institut","Leipzig und Wien","1892","38","1798","4","false","0.5833333333333333","0.6666666666666666","1.3333333333333333","ramstein","2","2","","","1798","3","4","1","3","0","0","1","4","1792","14","0","2","14","9859","8380","872","326","6"
"tieck-der-gestiefelte-kater","ger000285","Q1198710","Tieck","0","Der gestiefelte Kater","Ein Kindermärchen in drei Akten, mit Zwischenspielen, einem Prologe und Epiloge","","http://www.textgridrep.org/textgrid:wdvq.0","","","","","1797","48","false","0.8695936948181949","0.44592198581560283","1.6072695035460993","fischer","20.958333333333332","3","","1844","1797","43","48","2","36","10","8","1","503","","19","3","3","14","19066","18681","1785","789","47"
"tieck-die-theegesellschaft","ger000496","Q94393683","Tieck","0","Die Theegesellschaft","Lustspiel in Einem Aufzuge","Comedy","https://www.projekt-gutenberg.org/tieck/theeges/index.html","","","","","1797","10","false","0.9349206349206349","0.8222222222222222","1.1777777777777778","ahlfeld","7.4","2","","","1797","9","10","1","9","0","0","1","37","1796","18","0","0","18","9059","8794","554","567","0"
"tieck-die-verkehrte-welt","ger000313","Q55999055","Tieck","0","Die verkehrte Welt","Ein historisches Schauspiel in fünf Aufzügen","","http://www.textgridrep.org/textgrid:wdq6.0","","","","","1800","74","false","0.8464801499269291","0.2913735653461681","1.697338746053225","scaevola","21.27027027027027","3","","","1800","56","74","14","51","9","6","4","787","","21","0","5","18","23686","21524","1081","961","417"
"tieck-karl-von-berneck","ger000530","Q42191817","Tieck","0","Karl von Berneck","Trauerspiel in fünf Aufzügen","Tragedy","https://www.projekt-gutenberg.org/tieck/berneck/index.html","Reimer","Berlin","1829","144","1797","19","false","0.8200252963410858","0.6023391812865497","1.3976608187134503","conrad|karl","10.842105263157896","2","","","1797","18","19","3","15","1","0","1","103","1793/1795","19","0","5","0","23520","22848","1244","1026","47"
"tieck-leben-und-tod-der-heiligen-genoveva","ger000531","Q105762516","Tieck","0","Leben und Tod der heiligen Genoveva","Ein Trauerspiel","Tragedy","http://www.textgridrep.org/textgrid:wdfd.0","","","","","1800","68","false","0.8409832260663463","0.15978928884986832","2.0794556628621597","siegfried","10.705882352941176","4","","1807","1800","52","68","6","55","7","13","1","364","1799","61","0","0","0","46522","46138","1099","246","5676"
"tieck-prinz-zerbino","ger000259","Q55021950","Tieck","0","Prinz Zerbino oder die Reise nach dem guten Geschmack","Ein deutsches Lustspiel in sechs Akten","Comedy","http://www.textgridrep.org/textgrid:wd1q.0","","","","","1799","125","false","0.8932328313898322","0.11935483870967742","2.361032258064516","nestor","14.8","4","","","1799","70","125","10","81","34","7","1","925","1797","52","1","6","50","58031","57458","2017","2092","3148"
"tieck-ritter-blaubart","ger000274","Q55999073","Tieck","0","Ritter Blaubart","Ein Ammenmärchen in vier Akten","","http://www.textgridrep.org/textgrid:wd6t.0","","","","","1797","25","false","0.8258606842074334","0.4166666666666667","1.6866666666666668","klaus","10","3","","1835","1797","20","25","4","20","1","3","1","125","1796","15","0","4","15","21134","20682","858","974","105"
"toerring-agnes-bernauerin","ger000404","Q55999126","Törring","0","Agnes Bernauerin","Ein vaterländisches Trauerspiel","Tragedy","http://www.textgridrep.org/textgrid:wf6k.0","","","","","1780","27","false","0.7711651940410111","0.3504273504273504","1.8461538461538463","albrecht","9.11111111111111","3","","1781","1780","18","27","2","25","0","4","1","123","1780","36","0","5","36","15764","15015","1373","570","0"
"toller-masse-mensch","ger000703","Q1669407","Toller","0","Masse Mensch","Ein Stück aus der sozialen Revolution des 20. Jahrhunderts","","https://www.projekt-gutenberg.org/toller/massemen/index.html","Reclam","Stuttgart","1979","52","1920","69","false","0.9622449300455337","0.216538789428815","1.783461210571185","die_frau","14.72463768115942","2","1920-11-15","1920","1921","68","69","6","55","8","11","1","508","1919","7","1","0","7","7412","6437","918","0","1458"
"treitschke-das-bauerngut","ger000554","Q110826897","Treitschke","0","Das Bauerngut","Ein Lustspiel in einem Aufzuge. Fortsetzung der beyden Billets, und des Stammbaumes","Comedy","https://books.google.com/books?id=i2rquT3ZEEgC&printsec=frontcover","","Grätz","1799","48","1799","6","false","1","1","1","several characters","5","1","","1799","1799","5","6","1","5","0","0","1","15","","12","0","0","12","7994","7880","581","352","0"
"uhland-ernst-herzog-von-schwaben","ger000091","Q55999188","Uhland","0","Ernst Herzog von Schwaben","Trauerspiel in fünf Aufzügen","Tragedy","http://www.textgridrep.org/textgrid:wpvj.0","","","","","1818","21","false","0.9160364145658262","0.680952380952381","1.319047619047619","kunrad|gisela|ernst","13.619047619047619","2","","1818","1818","19","21","1","20","0","3","1","143","","8","0","5","5","14453","14258","462","0","2102"
"uhland-ludwig-der-bayer","ger000279","Q55999162","Uhland","0","Ludwig der Bayer","Schauspiel in fünf Aufzügen","","http://www.textgridrep.org/textgrid:wp6p.0","","","","","1819","41","false","0.8837744544218871","0.22439024390243903","1.9012195121951219","friedrich","8.975609756097562","3","","1826","1819","32","41","2","39","0","8","1","184","1817/1818","13","0","5","12","15483","14990","1112","0","2115"
"vanoni-der-friseur","ger000592","Q113649510","Vanoni","0","Der Friseur","Schwank in einem Akte","Comedy","https://resolver.staatsbibliothek-berlin.de/SBB0003353200000000","","München","1843","32","1843","10","false","0.75","0.6666666666666666","1.3555555555555556","herr_von_hasenhein|herr_von_gumpelhein","6","3","1843-05-19","1843","1843","8","10","2","8","0","0","1","30","","28","0","0","28","7886","7524","807","305","2"
"vischer-faust","ger000064","Q1398532","Vischer","0","Faust","Der Tragödie dritter Teil","Tragedy","http://www.textgridrep.org/textgrid:wz0s.0","","","","","1862","68","false","0.9056648317721092","0.19271290605794555","1.9139596136962247","valentin","12.911764705882353","3","","","1862","51","68","8","46","14","14","1","439","","36","1","3","36","33840","32912","3308","156","4650"
"voss-die-tapetenwand","ger000757","Q137719626","Voß","0","Die Tapetenwand","Ein superfeines Lustspiel nach Duchrest Genlis","Comedy","https://books.google.com/books?id=bro9AAAAYAAJ&pg=PA377","Schmidt","Berlin","1809","56","1809","5","false","0.8666666666666666","0.8","1.2","graefin|marquise","3.2","2","","","1809","4","5","3","2","0","0","1","8","","14","0","0","14","7246","7162","423","348","0"
"voss-faust","ger000258","Q55999227","Voß","0","Faust","Trauerspiel mit Gesang und Tanz","Tragedy","http://www.textgridrep.org/textgrid:wzgs.0","Paetel","Berlin","1890","85","1823","72","false","0.7719877227409646","0.08176838810641628","2.180214240705734","faust","5.805555555555555","3","","","1823","38","72","13","48","11","22","6","209","","63","0","5","77","13370","12447","2989","39","1613"
"wagner-das-rheingold","ger000317","Q327717","Wagner","0","Das Rheingold","","","http://www.textgridrep.org/textgrid:wzph.0","","","","","1853","14","true","0.9725274725274726","0.8901098901098901","1.10989010989011","alberich|wotan|loge","11.571428571428571","2","","1869","1853","13","14","6","8","0","0","1","81","","4","38","0","4","10404","10082","2726","0","1876"
"wagner-der-fliegende-hollaender","ger000245","Q114640","Wagner","0","Der fliegende Holländer","","","http://www.textgridrep.org/textgrid:wzq0.0","","","","","1843","9","true","1","1","1","several characters","8","1","","1843","","8","9","3","6","0","3","1","36","","3","39","3","0","7017","6718","1635","0","828"
"wagner-die-kindermoerderin","ger000396","Q1213864","Wagner","0","Die Kindermörderin","Ein Trauerspiel","Tragedy","http://www.textgridrep.org/textgrid:wznj.0","Winkler","München","1971","67","1776","14","false","0.8547619047619047","0.5494505494505495","1.4505494505494505","evchen|magister","7.142857142857143","2","","1777","1776","11","14","6","8","0","0","1","50","","6","3","6","0","23297","23013","2159","726","10"
"wagner-die-meistersinger-von-nuernberg","ger000422","Q465540","Wagner","0","Die Meistersinger von Nürnberg","","","http://www.textgridrep.org/textgrid:wzp9.0","","","","","1868","32","true","0.8858208387514802","0.6108870967741935","1.3891129032258065","walther|david","18.9375","2","","1868","","31","32","3","26","3","10","1","303","","14","35","3","14","23376","22099","5902","0","3031"
"wagner-die-reue-nach-der-that","ger000264","Q55999240","Wagner","0","Die Reue nach der That","","","http://www.textgridrep.org/textgrid:wznr.0","Hadern","Potsdam","1923","118","1775","16","false","0.8787129537129538","0.6916666666666667","1.3083333333333333","langen|wilhelm|werner","10.375","2","","1775","1775","15","16","6","10","0","0","1","83","","6","0","6","0","21415","21141","2210","814","4"
"wagner-die-walkuere","ger000349","Q324319","Wagner","0","Die Walküre","","","http://www.textgridrep.org/textgrid:wzp6.0","","","","","1853","14","true","0.9332334332334332","0.7032967032967034","1.2967032967032968","bruennhilde|wotan","9.142857142857142","2","","1870","1853","13","14","11","3","0","0","1","64","","11","38","3","11","12854","12120","3565","0","2296"
"wagner-goetterdaemmerung","ger000319","Q272029","Wagner","0","Götterdämmerung","","","http://www.textgridrep.org/textgrid:wzp1.0","","","","","1853","15","true","0.8209686609686611","0.4","1.638095238095238","siegfried","5.6","3","","1876","1853","13","15","10","5","0","0","1","42","","12","36","3","11","12856","12319","4169","0","2055"
"wagner-lohengrin","ger000175","Q23085","Wagner","0","Lohengrin","Romantische Oper in drei Aufzügen","","http://www.textgridrep.org/textgrid:wzpz.0","","","","","1850","25","true","0.7585794924030219","0.49666666666666665","1.4173228346456692","elsa|ortrud","11.92","3","","1850","","20","25","6","18","1","15","2","149","","11","41","3","11","11960","10925","3830","0","1227"
"wagner-parsifal","ger000413","Q220340","Wagner","0","Parsifal","Ein Bühnenweihfestspiel","","http://www.textgridrep.org/textgrid:wzps.0","","","","","1877","23","true","0.9631093544137023","0.6126482213438735","1.3873517786561265","kundry|parsifal","13.478260869565217","2","","1882","1877","22","23","7","15","1","5","1","155","","3","44","3","0","10676","10453","3528","0","1293"
"wagner-siegfried","ger000105","Q333146","Wagner","0","Siegfried","","","http://www.textgridrep.org/textgrid:wzpd.0","","","","","1853","8","true","0.7291666666666666","0.6071428571428571","1.4285714285714286","siegfried|wandrer","4.25","3","","1876","1853","6","8","2","5","1","0","1","17","","8","36","3","8","15041","14528","3593","0","2766"
"wagner-tannhaeuser","ger000415","Q560619","Wagner","0","Tannhäuser und Der Sängerkrieg auf Wartburg","Große romantische Oper in drei Akten","","http://www.textgridrep.org/textgrid:wzpp.0","","","","","1845","17","true","0.9209736342089284","0.7426470588235294","1.2573529411764706","tannhaeuser","11.882352941176471","2","","1845","","16","17","4","13","0","6","1","101","","11","38","3","11","7847","7188","2056","0","882"
"wagner-tristan-und-isolde","ger000166","Q1324254","Wagner","0","Tristan und Isolde","","","http://www.textgridrep.org/textgrid:wzq9.0","","","","","1859","10","true","0.8892857142857142","0.8","1.2","isolde|brangaene|kurwenal","7.2","2","","1865","1859","9","10","2","8","0","1","1","36","1859","11","48","3","11","10931","10413","2162","0","2378"
"wagner-voltaire-am-abend-seiner-apotheose","ger000426","Q55999294","Wagner","0","Voltaire am Abend seiner Apotheose","Aus dem Französischen","","http://www.textgridrep.org/textgrid:wznq.0","Winkler","München","1971","14","1778","3","false","1","1","1","amme|voltaire|gespenst","2","1","","","1778","2","3","1","1","1","0","1","3","","1","1","0","1","4642","3756","1255","81","0"
"waldvogl-die-falschen-banknoten","ger000718","Q132589577","Waldvogl","0","Die falschen Banknoten","Ein Trauerspiel in drey Akten","Tragedy","https://books.google.com/books?id=FvdHAAAAcAAJ&printsec=frontcover","Stahel","Wien und Leipzig","1787","96","1787","18","false","0.7562493062493062","0.35294117647058826","1.8235294117647058","timur_sohn","6","4","","","1787","13","18","2","16","0","0","1","54","","35","0","3","35","14990","14539","1517","645","0"
"wallenrodt-noch-jemands-ankunft-auf-st-helena","ger000727","Q133884183","Wallenrodt","0","Noch Jemand's Ankunft auf St. Helena","Nachspiel in Einem Akt","","https://books.google.com/books?id=cvhBAAAAcAAJ&printsec=frontcover","Fresser","Königsberg","1816","20","1816","9","false","1","1","1","several characters","8","1","1816-03-13","1816","1816","8","9","1","8","0","0","1","36","","7","0","0","7","2660","2516","227","0","314"
"wedekind-der-kammersaenger","ger000003","Q56256400","Wedekind","0","Der Kammersänger","","","http://www.textgridrep.org/textgrid:x39r.0","","","","","1899","7","false","0.5047619047619047","0.42857142857142855","1.5714285714285714","gerardo","2.5714285714285716","2","","1899","1899","6","7","2","5","0","0","1","9","1897","10","1","0","10","10216","10044","1131","311","20"
"wedekind-der-marquis-von-keith","ger000425","Q21040523","Wedekind","0","Der Marquis von Keith","Schauspiel in fünf Aufzügen","","http://www.textgridrep.org/textgrid:x3d6.0","","","","","1900","23","false","0.8810325482387671","0.7035573122529645","1.2964426877470356","von_keith|anna|scholz","15.478260869565217","2","","1901","1900","22","23","8","15","0","0","1","178","","5","1","5","0","24502","23956","3179","996","0"
"wedekind-die-buechse-der-pandora","ger000436","Q1211843","Wedekind","0","Die Büchse der Pandora","Tragödie in drei Aufzügen mit einem Prolog","Tragedy","http://www.textgridrep.org/textgrid:x3bf.0","","","","","1902","23","false","0.9354555646115749","0.4901185770750988","1.2994350282485876","several characters","10.782608695652174","2","","1904","1902","18","23","6","17","0","0","2","124","1894/1902","4","4","3","0","20089","19327","3287","777","98"
"wedekind-die-zensur","ger000377","Q56439985","Wedekind","0","Die Zensur","Theodizee in einem Akt","","http://www.textgridrep.org/textgrid:x3cv.0","","","","","1908","4","false","1","1","1","several characters","3","1","","1909","1908","3","4","2","2","0","0","1","6","1907","3","0","0","3","8599","8500","698","203","40"
"wedekind-erdgeist","ger000140","Q478364","Wedekind","0","Erdgeist","Tragödie in vier Aufzügen","Tragedy","http://www.textgridrep.org/textgrid:x3f6.0","","","","","1895","13","false","0.7375846375846375","0.48717948717948717","1.5384615384615385","lulu","5.846153846153846","3","","1898","1895","11","13","3","10","0","0","1","38","1895","34","6","4","34","20088","18603","4188","1375","0"
"wedekind-franziska","ger000323","Q5493051","Wedekind","0","Franziska","Ein modernes Mysterium in fünf Akten","","http://www.textgridrep.org/textgrid:x37q.0","","","","","1912","35","false","0.924552171965965","0.2722689075630252","1.734453781512605","franziska","9.257142857142858","3","","1912","1912","33","35","12","21","2","2","1","162","1911","21","1","5","25","23053","22496","2109","915","637"
"wedekind-fritz-schwigerling","ger000135","Q56587571","Wedekind","0","Fritz Schwigerling oder Der Liebestrank","Schwank in drei Aufzügen","Comedy","http://www.textgridrep.org/textgrid:x3bs.0","","","","","1899","10","false","0.8300000000000001","0.6222222222222222","1.4","coelestin|fuerst","5.6","3","","1900","1899","8","10","3","7","0","0","1","28","","41","0","3","41","15124","14548","2792","895","4"
"wedekind-fruehlings-erwachen","ger000040","Q2549073","Wedekind","0","Frühlings Erwachen","Eine Kindertragödie","Tragedy","http://www.textgridrep.org/textgrid:x34j.0","","","","","1891","36","false","0.8371704629004287","0.2698412698412698","2.0365079365079364","melchior","9.444444444444445","4","","1906","1891","24","36","7","29","0","0","1","170","1890","19","17","3","19","18789","18464","800","776","0"
"wedekind-hidalla","ger000023","Q56192031","Wedekind","0","Hidalla oder Sein und Haben","Schauspiel in fünf Akten","","http://www.textgridrep.org/textgrid:x390.0","","","","","1904","15","false","0.9170829170829171","0.8380952380952381","1.161904761904762","several characters","11.733333333333333","2","","1905","1904","14","15","4","11","0","0","1","88","1903","5","0","5","0","19686","19295","2202","621","0"
"wedekind-koenig-nicolo","ger000191","Q56379521","Wedekind","0","König Nicolo oder So ist das Leben","Schauspiel in drei Aufzügen und neun Bildern mit einem Prolog","","http://www.textgridrep.org/textgrid:x3b4.0","","","","","1902","30","false","0.8762955222725338","0.3057471264367816","1.6942528735632183","koenig_nicolo","8.866666666666667","2","","1902","1902","29","30","2","25","3","3","1","133","1901","10","0","3","9","19243","18499","2338","395","380"
"wedekind-musik","ger000146","Q56192008","Wedekind","0","Musik","Sittengemälde in vier Bildern","","http://www.textgridrep.org/textgrid:x37n.0","","","","","1908","10","false","0.7449206349206349","0.5555555555555556","1.4444444444444444","klara","5","2","","1908","1908","9","10","5","5","0","0","1","25","1906","16","0","4","16","14298","13735","1654","311","20"
"wedekind-tod-und-teufel","ger000071","Q56449195","Wedekind","0","Tod und Teufel (Totentanz)","Drei Szenen","","http://www.textgridrep.org/textgrid:x3cm.0","","","","","1906","4","false","1","1","1","several characters","3","1","","1906","1906","3","4","2","2","0","0","1","6","1905","3","0","0","3","7935","7756","639","133","252"
"weidmann-der-dorfbarbier","ger000257","Q20203210","Weidmann","1","Der Dorfbarbier","Komische Oper in einem Akt","","http://www.textgridrep.org/textgrid:x3zz.0","","","","","1796","11","true","0.8221500721500722","0.6181818181818182","1.2444444444444445","adam|lux","6.181818181818182","2","","1796","","9","11","2","7","2","2","2","34","","13","1","0","13","6037","5914","558","216","304"
"weidmann-der-selbstmord-oder-der-unglueckliche-lottospieler","ger000677","Q124461049","Weidmann","0","Der Selbstmord, oder der unglückliche Lottospieler","Ein deutsches Originaldrama in Prosa von einem Aufzuge","","https://books.google.com/books?id=-yJVAAAAcAAJ&printsec=frontcover","Trattner","Wien","1773","36","1773","7","false","1","1","1","several characters","6","1","","","1773","6","7","2","5","0","0","1","21","","14","0","0","14","6620","6489","245","230","0"
"weidmann-johann-faust","ger000014","Q52929139","Weidmann","0","Johann Faust","Ein Allegorisches Drama von fünf Aufzügen","","http://www.textgridrep.org/textgrid:x400.0","","","","","1775","17","false","0.8536156653803713","0.3014705882352941","1.8308823529411764","faust","4.823529411764706","3","","","1775","13","17","4","12","1","1","1","41","","37","0","5","37","14419","12959","698","455","24"
"weise-masaniello","ger000594","Q115044856","Weise","0","Masaniello","Trauerspiel","Tragedy","http://www.textgridrep.org/textgrid:x4c3.0","Reclam","Stuttgart","1972","","1682","75","false","0.713138768728755","0.17333333333333334","1.9338022341745966","allegro","12.826666666666666","3","1682-02-11","1682","1683","52","75","11","63","1","4","4","481","","99","0","5","98","40160","38084","1903","1647","68"
"weisse-atreus-und-thyest","ger000291","Q52928953","Weiße","0","Atreus und Thyest","Ein Trauerspiel in fünf Aufzügen","Tragedy","http://www.textgridrep.org/textgrid:x4gj.0","Reclam","Leipzig","1938","67","1766","5","false","0.9","0.9","1.1","atreus|aegisth|thyest","3.6","2","","1767","1766","4","5","1","4","0","0","1","9","1766","30","0","5","30","15086","14897","639","0","2159"
"weisse-die-jagd","ger000186","Q5274380","Weiße","0","Die Jagd","Eine komische Oper in drey Aufzügen","","http://www.textgridrep.org/textgrid:x4q9.0","","","","","1770","17","true","0.8887791946615476","0.4852941176470588","1.588235294117647","toeffel","7.764705882352941","3","","1770","1770","13","17","3","10","4","4","1","66","","34","2","3","34","21531","20708","1814","709","583"
"weisse-die-ueberschwemmung-oder-die-edelmuethige-eifersucht","ger000747","Q136368652","Weiße","0","Die Ueberschwemmung oder: Die edelmüthige Eifersucht","Ein Schauspiel von Einem Aufzuge","","https://books.google.com/books?id=DOOpJNTqK7EC&pg=PA113","Crusius","Leipzig","1791","84","1791","5","false","1","1","1","several characters","4","1","","","1791","4","5","3","2","0","0","1","10","","12","0","0","12","9735","9645","238","318","16"
"weissenthurn-das-manuscript","ger000340","Q51433398","Weißenthurn","0","Das Manuscript","Lustspiel in fünf Aufzügen","Comedy","http://www.textgridrep.org/textgrid:x4vf.0","","","","","1817","15","false","0.7801587301587302","0.37142857142857144","1.7809523809523808","flint|walter","5.2","3","","","1817","10","15","6","9","0","0","1","39","","34","0","5","34","20961","20587","2213","1280","0"
"weissenthurn-die-schwestern-st-janvier","ger000213","Q51433501","Weißenthurn","0","Die Schwestern St. Janvier","Schauspiel in fünf Aufzügen","","http://www.textgridrep.org/textgrid:x4vx.0","","","","","1821","27","false","0.8096151669681082","0.29914529914529914","1.9658119658119657","diakue","7.777777777777778","4","","","1821","17","27","7","18","2","8","1","105","","39","0","5","39","16508","15889","1613","0","2075"
"weissenthurn-johann-herzog-von-finnland","ger000456","Q51433734","Weißenthurn","0","Johann, Herzog von Finnland","Schauspiel in fünf Aufzügen, nach der Geschichte, mit den nöthigen theatralischen Änderungen","","http://www.textgridrep.org/textgrid:x4vq.0","","","","","1811","23","false","0.7611534813580851","0.3359683794466403","1.8142292490118577","joeran","7.391304347826087","4","","1811","1817","18","23","2","21","0","2","1","85","","38","0","5","38","21636","21093","2372","933","0"
"weissenthurn-welche-ist-die-braut","ger000394","Q51433812","Weißenthurn","0","Welche ist die Braut!","Ein Lustspiel in fünf Aufzügen","Comedy","http://www.textgridrep.org/textgrid:x4vh.0","","","","","1813","21","false","0.9212768733224285","0.7380952380952381","1.2666666666666666","baroninn|bluemlein|waldberg","14.761904761904763","3","","1813","1817","19","21","12","8","1","1","1","155","","31","0","5","31","23855","23402","1523","1390","112"
"weissenthurn-welcher-ist-der-braeutigam","ger000464","Q51433885","Weißenthurn","0","Welcher ist der Bräutigam?","Ein Lustspiel in 4 Aufzügen","Comedy","http://www.textgridrep.org/textgrid:x4vp.0","","","","","1821","10","false","0.9444444444444444","0.9111111111111111","1.0888888888888888","several characters","8.2","2","","","1821","9","10","4","6","0","0","1","41","","23","0","4","23","16413","16207","1134","1028","0"
"werner-der-vierundzwanzigste-februar","ger000412","Q1199803","Werner","0","Der vierundzwanzigste Februar","Eine Tragödie in einem Akt","Tragedy","http://www.textgridrep.org/textgrid:x5bv.0","","","","","1809","3","false","1","1","1","trude|kunz|kurt","2","1","","1809","1815","2","3","1","2","0","0","1","3","","3","1","0","3","10651","9015","1132","3","1118"
"wette-haensel-und-gretel","ger000169","Q1099668","Wette","0","Hänsel und Gretel","Märchenspiel in drei Bildern","","http://www.textgridrep.org/textgrid:x82c.0","","","","","1893","9","true","0.8571428571428572","0.5","1.5","gretel|haensel","4","2","","1893","","8","9","3","4","2","1","1","18","","11","25","3","11","6460","6056","1961","0","835"
"wezel-der-erste-dank","ger000762","Q137918591","Wezel","0","Der erste Dank","In Einem Akte","Comedy","https://books.google.com/books?id=h1g7AAAAcAAJ&pg=PA251","Schmieder","Carlsruhe","1783","34","1782","6","false","1","1","1","several characters","5","1","","","1782","5","6","1","5","0","0","1","15","","1","0","1","0","4493","4387","668","233","0"
"wezel-der-graf-von-wickham","ger000726","Q133820019","Wezel","0","Der Graf von Wickham","Ein Trauerspiel in Fünf Aufzügen","Tragedy","https://books.google.com/books?id=-2P00zyBMYkC&printsec=frontcover","Crusius","Leipzig","1774","192","1774","8","false","0.6666666666666666","0.6071428571428571","1.4285714285714286","die_herzoginn|graf_von_wickham","4.25","3","","","1774","6","8","2","6","0","0","1","17","","48","0","5","48","26826","26279","2726","1043","0"
"wezel-die-falsche-vergiftung","ger000763","Q137969770","Wezel","0","Die falsche Vergiftung","Ein Lustspiel in Einem Akt","Comedy","https://books.google.com/books?id=8fBYAAAAcAAJ&printsec=frontcover","Dyk","Leipzig","1779","32","1779","6","false","0.8444444444444444","0.8","1.2","graf|amalie","4","2","1782-01-11","1782","1779","5","6","2","4","0","0","1","12","","16","0","0","16","3710","3566","213","220","0"
"widmann-der-widerspenstigen-zaehmung","ger000333","Q1198062","Widmann","0","Der Widerspenstigen Zähmung","Komische Oper in vier Akten","","http://www.textgridrep.org/textgrid:x8cd.0","","","","","1874","19","true","0.8137015031751873","0.40350877192982454","1.6900584795321638","katharine|hortensio","7.2631578947368425","3","","1874","","14","19","5","8","6","8","1","69","","22","4","4","22","9896","9489","1008","1","1293"
"widmann-maikaefer-komoedie","ger000414","Q52928493","Widmann","0","Maikäfer-Komödie","","Comedy","http://www.textgridrep.org/textgrid:x8cf.0","","","","","1897","40","false","0.8806729836641545","0.6166666666666667","1.391025641025641","sylvan","24.05","3","","1942","1897","36","40","11","20","9","5","1","481","1896","18","0","3","18","23248","18851","1492","218","2206"
"wieland-alceste","ger000373","Q2640248","Wieland","0","Alceste","Ein Singspiel in fünf Aufzügen","","http://www.textgridrep.org/textgrid:x8ks.0","","","","","1773","5","true","1","1","1","several characters","4","1","","1773","1773","4","5","2","2","1","0","1","10","","5","2","5","0","6156","6065","422","0","982"
"wieland-klementina-von-porretta","ger000148","Q52927925","Wieland","0","Klementina von Porretta","Ein Drama aus Richardsons Geschichte Sir Karl Grandisons gezogen","","http://www.textgridrep.org/textgrid:x8hc.0","","","","","1760","11","false","0.8303751803751804","0.7818181818181819","1.2181818181818183","grandison|pater_mareskotti","7.818181818181818","2","","","1760","10","11","4","7","0","0","1","43","1759","63","0","5","63","23994","23428","1385","374","0"
"wieland-lady-johanna-gray","ger000445","Q52928044","Wieland","0","Lady Johanna Gray oder Der Triumf der Religion","Ein Trauerspiel","Tragedy","http://www.textgridrep.org/textgrid:x8fs.0","","","","","1758","8","false","0.8470238095238095","0.6785714285714286","1.3214285714285714","lady_johanna|lady_suffolk","4.75","2","","1758","1758","7","8","3","5","0","0","1","19","1757/1758","30","0","5","30","14881","14660","225","0","2151"
"wilbrandt-der-meister-von-palmyra","ger000137","Q52927688","Wilbrandt","0","Der Meister von Palmyra","Dramatische Dichtung in fünf Aufzügen","","http://www.textgridrep.org/textgrid:x8mr.0","","","","","1889","35","false","0.7518460954030355","0.21176470588235294","1.9327731092436975","apelles","7.2","4","","","1889","30","35","8","22","5","5","1","126","","37","0","5","37","26080","24738","4891","114","2951"
"wilbrandt-gracchus-der-volkstribun","ger000460","Q52927767","Wilbrandt","0","Gracchus der Volkstribun","Trauerspiel in fünf Aufzügen","Tragedy","http://www.textgridrep.org/textgrid:x8mw.0","","","","","1872","23","false","0.8452350583862227","0.6007905138339921","1.4110671936758894","laetorius","13.217391304347826","3","","","1872","20","23","3","18","2","3","1","152","","32","0","5","32","21431","20521","3671","738","0"
"wildenbruch-die-haubenlerche","ger000240","Q51435829","Wildenbruch","0","Die Haubenlerche","Schauspiel in vier Akten","","http://www.textgridrep.org/textgrid:x8np.0","","","","","1890","7","false","1","1","1","several characters","6","1","","1890","1891","6","7","3","4","0","0","1","21","","33","0","4","33","29716","28812","6551","1826","11"
"wildenbruch-die-karolinger","ger000439","Q51435873","Wildenbruch","0","Die Karolinger","Trauerspiel in vier Akten","Tragedy","http://www.textgridrep.org/textgrid:x8nq.0","","","","","1881","33","false","0.8178891557402064","0.4015151515151515","1.9393939393939394","bernhard","12.848484848484848","5","","1881","1881","25","33","1","32","0","7","1","212","","40","0","4","42","18246","16887","2175","0","2398"
"wildenbruch-die-quitzows","ger000172","Q51435918","Wildenbruch","0","Die Quitzows","Schauspiel in vier Akten","","http://www.textgridrep.org/textgrid:x8nh.0","","","","","1888","62","false","0.7665124812733225","0.19777895293495504","2.014806980433633","perwenitz","12.064516129032258","4","","1888","1888","41","62","7","50","5","15","1","374","","72","0","7","72","30691","28730","5087","1134","1566"
"wildgans-armut","ger000187","Q51435149","Wildgans","0","Armut","Ein Trauerspiel in fünf Akten","Tragedy","http://www.textgridrep.org/textgrid:x90m.0","","","","","1914","12","false","0.8477513227513228","0.5454545454545454","1.4696969696969697","gottfried|marie|mutter","6","3","","1915","1914","10","12","2","8","2","1","1","36","","5","0","5","0","17292","16113","4448","646","384"
"wildgans-dies-irae","ger000428","Q51435253","Wildgans","0","Dies irae","Eine Tragödie in fünf Akten","Tragedy","http://www.textgridrep.org/textgrid:x90s.0","","","","","1918","15","false","0.872022792022792","0.49523809523809526","1.5047619047619047","rabanser","6.933333333333334","2","","1919","1918","13","15","6","8","1","3","1","52","1916/1918","5","0","5","0","24595","22772","7667","856","473"
"wildgans-in-ewigkeit-amen","ger000163","Q51435303","Wildgans","0","In Ewigkeit Amen","Ein gerichtliches Vorspiel in einem Akt","","http://www.textgridrep.org/textgrid:x90t.0","","","","","1913","8","false","1","1","1","several characters","7","1","","1913","1913","7","8","1","7","0","0","1","28","1912","1","0","1","0","9223","8998","2160","322","0"
"wohlbrueck-der-vampyr","ger000295","Q253866","Wohlbrück","0","Der Vampyr","Romantische Oper in vier Aufzügen","","http://www.textgridrep.org/textgrid:x9jv.0","","","","","1828","26","true","0.8141827127121245","0.31076923076923074","1.9692307692307693","ruthwen","7.769230769230769","4","","1828","","18","26","5","15","6","9","1","101","","39","11","4","39","17291","16319","4291","162","1615"
"wolf-cyankali","ger000708","Q1146995","Wolf","0","Cyankali","Ein Schauspiel","","https://books.google.com/books?id=CZM_AQAACAAJ&printsec=frontcover","Aufbau Taschenbuch Verlag","Berlin","2004","76","1929","13","false","0.8135364635364636","0.6794871794871795","1.3205128205128205","hete","8.153846153846153","2","1929-09-06","1929","1929","12","13","6","7","0","0","1","53","1929","8","2","0","8","15287","13266","3577","829","48"
"wolf-professor-mamlock","ger000711","Q2713211","Wolf","0","Professor Mamlock","Ein Schauspiel","","https://books.google.com/books?id=CZM_AQAACAAJ&printsec=frontcover","Aufbau Taschenbuch Verlag","Berlin","2004","81","1934","14","false","0.9146825396825395","0.8571428571428571","1.1428571428571428","several characters","11.142857142857142","2","1934-01-19","1934","1935","13","14","4","10","0","0","1","78","1933","4","4","4","0","16676","15167","2894","870","0"
"wolfram-faust","ger000532","Q105776636","Wolfram","0","Faust","Ein dramatisches Gedicht in drei Abschnitten","","http://www.textgridrep.org/textgrid:x9rp.0","","","","","1839","64","false","0.8908980419090713","0.14384920634920634","1.9080976863753214","faust","9.0625","3","","","1839","52","64","6","31","27","9","3","290","","26","0","0","26","34768","32363","864","195","3218"
"wolzogen-der-leukadische-fels","ger000758","Q105634572","Wolzogen","0","Der leukadische Fels","Ein Schauspiel","","https://books.google.com/books?id=hVYgISYkttkC&pg=PA241","Göschen","Leipzig","1792","26","1792","13","false","0.93009768009768","0.44871794871794873","1.2708333333333333","lidia","5.384615384615385","2","","","1792","9","13","5","8","0","1","2","35","","11","1","2","11","6023","5885","213","0","822"
"zedlitz-cabinets-intriguen","ger000607","Q116869502","Zedlitz","0","Cabinets-Intriguen","Lustspiel in drei Aufzügen","Comedy","https://www.projekt-gutenberg.org/zedlitz/cabinets/index.html","Cotta","Stuttgart","1860","62","1836","6","false","0.9","0.8","1.2","laurette|louise","4","2","","","1836","5","6","3","3","0","0","1","12","","24","0","3","24","14097","13922","239","424","0"
"zedlitz-herr-und-sklave","ger000505","Q99642650","Zedlitz","0","Herr und Sklave","Trauerspiel in zwei Aufzügen","Tragedy","https://www.projekt-gutenberg.org/zedlitz/herrskla/index.html","Cotta","Stuttgart","1860","34","1835","7","false","0.738095238095238","0.5714285714285714","1.5238095238095237","said","3.4285714285714284","3","","","1835","5","7","1","5","1","0","1","12","1834","9","0","2","9","3885","3693","221","0","628"
"zedlitz-liebe-findet-ihre-wege","ger000612","Q117712286","Zedlitz","0","Liebe findet ihre Wege","Lustspiel in vier Aufzügen","Comedy","https://www.projekt-gutenberg.org/zedlitz/liebwege/index.html","Cotta","Stuttgart","1860","102","1825","6","false","1","1","1","several characters","5","1","1825-04-15","1825","1827","5","6","3","3","0","0","1","15","","29","0","4","29","13842","13400","775","3","2080"
"ziese-siebenstein","ger000752","Q96405648","Ziese","0","Siebenstein","Drama","","https://stabikat.de/Record/410632708","Frundsberg","Berlin","1932","99","1932","28","false","0.889279079153029","0.6640211640211641","1.335978835978836","several characters","17.928571428571427","2","1933-03-29","1933","1932","27","28","4","24","0","3","1","251","","4","1","4","0","21770","20924","7104","928","0"
"zschokke-abellino","ger000275","Q51399331","Zschokke","0","Abellino","Schauspiel in fünf Aufzügen","","http://www.textgridrep.org/textgrid:xknr.0","Sauerländer","Aarau","1861","230","1795","17","false","0.8049701932054871","0.5661764705882353","1.4485294117647058","doge","9.058823529411764","3","1795-01-05","1795","1795","15","17","2","14","1","2","1","77","","39","0","5","39","29501","28240","2462","0","5324"
"zweig-jeremias","ger000749","Q5929312","Zweig","0","Jeremias","Eine dramatische Dichtung in neun Bildern","","https://www.gutenberg.org/ebooks/40564","Insel-Verlag","Leipzig","1918","214","1917","192","false","0.9704811534283255","0.18733638743455497","1.812663612565445","jeremias","35.78125","2","1918-02-27","1918","1917","191","192","32","153","7","9","1","3435","1915/1917","9","3","0","0","56454","51732","6689","1680","1213"
