title,title_pretty,genre,kept_characters,character_count,removed_characters,removed_characters_count,whole_density,whole_diameter,whole_average_clustering,wo1_density,wo1_diameter,wo1_average_clustering,wo2_density,wo2_diameter,wo2_average_clustering,wo3_density,wo3_diameter,wo3_average_clustering,wo4_density,wo4_diameter,wo4_average_clustering,wo5_density,wo5_diameter,wo5_average_clustering
anonym-der-deutsche-student,Der deutsche Student,Tragedy,"#hauptmann, #werber, #waker, #unterofficier, #waker_vater, #bellmann, #suessling, #rambold, #prorector, #christine, #schnurren, #list, #velten, #peruquier, #frau_wakern, #waescherin, #puf, #jude, #michel, #goerge",20,,,0.17894736842105263,3,0.6426862026862027,0.225,3,0.6256899350649351,0.16993464052287582,3,0.5778619528619529,0.25,3,0.6813131313131313,0.22058823529411764,3,0.6437314319667261,0.17894736842105263,3,0.6426862026862027
ayrer-comedia-von-zweyen-bruedern-auss-syracusa,Comedia von zweyen Brüdern auss Syracusa,Comedy,"#servus, #jahn_panser, #hospes, #thasa, #ancilla, #medicus, #socerus, #cellarius, #enucleus, #peniculus, #dieterich, #patronus, #leonora, #cocleus, #phileman",15,,,0.5047619047619047,2,0.9085714285714286,0.5384615384615384,2,0.9250749250749251,0.5636363636363636,2,0.9515151515151515,0.5047619047619047,2,0.9085714285714286,0.5047619047619047,2,0.9085714285714286,0.5047619047619047,2,0.9085714285714286
beer-struensee,Struensee,Tragedy,"#keith, #fuerst, #erster_diener_1-1, #zweiter_diener_1-1, #ranzau, #ein_officier_3-13b, #damen, #graefin_reez, #brandt, #juliane, #kammerdiener_2-18, #guldberg, #schulmeister, #johannes, #alle_3-5, #erster_diener_3-5, #koeller, #graf_struensee, #babe, #flyns, #ein_kammerherr_4-2, #hooge, #pfarrer_struensee, #alle_4-1, #zweiter_diener_3-5, #schack, #dritter_diener_3-5, #haushofmeister, #mathilde, #die_diener_1-1, #alle_bauern, #wirthin, #officier_3-13a, #svenne, #officier_5-6_bis_8, #conrad, #andreas, #detlev, #vierter_diener_1-1, #stimmen_der_soldaten, #polizei-chef, #alle_officiere_3-13, #ein_kammerherr_3-10, #page_2-19, #ein_kammerdiener_1-10, #dritter_diener_1-1, #diener_2-18, #diener_1-5, #page_4-5, #maske, #mehrere_masken, #graefin_uhlfeld, #emmy, #page_1-3, #hauptmann, #kerkermeister, #diener_1-6",57,,,0.12280701754385964,5,0.8183610716648031,0.13411764705882354,5,0.8124113903525668,0.1468599033816425,5,0.8000493467884773,0.12956810631229235,4,0.7851470880540647,0.12996632996632998,5,0.831303328281938,0.12280701754385964,5,0.8183610716648031
bleibtreu-ein-faust-der-that,Ein Faust der That,Tragedy,"#prynne, #graves, #sidney, #geschrei, #milton, #karl, #ludlow, #harrison, #bradshaw, #joyce, #ireton, #lindsay, #fairfax, #montague, #hammond, #cromwell, #berkley, #die_soldaten, #coke, #richmond, #stimme_des_henkers, #lilburn, #manchester",23,,,0.8300395256916996,2,0.9106144225945006,0.8300395256916996,2,0.9106144225945006,0.766798418972332,2,0.8961380093261908,0.8142292490118577,2,0.9121874087683753,0.8596491228070176,2,0.933952528379773,0.8300395256916996,2,0.9106144225945006
bleibtreu-weltgericht,Weltgericht,Tragedy,"#ein_anderer_5g, #bonaparte, #junot, #josefine, #barras, #eine_stimme_5i, #eine_andere_stimme_5b, #talleyrand, #henriot, #redakteur, #biron, #theroigne, #gaparins_stimme, #ein_ordonnanzoffizier, #duroc, #menou, #talma, #eine_stimme_5a, #alle-die-gaeste_4, #alle-stimmen-geschrei_1, #danton, #stimme_draussen_1, #carnot, #madame_tallien, #ein_dritter_5h, #st_just, #eine_stimme_5j, #murat, #der_betrunkene, #anderer_5e, #condorcet, #marat, #sanskulott, #frau_roland, #eine_dritte_5l, #stimme_5d, #rufe-stimmen-viele-alle_5, #eine_stimme_5f, #eine_laute_stimme, #lenchen, #theos, #die_dame, #stimme_1, #collot, #andre_stimme_1, #eine_stimme_5c, #marie, #hoche, #eine_andere_5k",49,,,0.4914965986394558,2,0.9110344058518144,0.500886524822695,2,0.919085322535676,0.509713228492137,2,0.9298417270860335,0.5178743961352656,2,0.9242073780637298,0.5340909090909091,2,0.901882988345587,0.4914965986394558,2,0.9110344058518144
brachvogel-narziss,Narziß,Tragedy,"#drei_hofdamen, #maupeou, #holbach, #narziss, #zweiter_kavalier, #boufflers, #lambert, #diderot, #pompadour, #choiseul, #ein_kavalier, #epinay, #quinault, #silhouette, #zwei_kammerdiener, #dubarry, #barjac, #terray, #grimm, #diener_4-1_und_4-2, #conti, #erster_page, #diener_1-7, #eine_dame, #sechs_hofdamen, #erster_kavalier, #zwei_gardisten, #wache, #lakai, #stimme_gardist, #gesellschaft_alle_die_anderen, #zweiter_page, #koenigin, #stimme_posten, #colette",35,,,0.39663865546218485,3,0.8587271120532087,0.41711229946524064,3,0.8564939069766534,0.3978494623655914,3,0.8859991326404989,0.4415322580645161,3,0.8639971720236771,0.39770114942528734,3,0.893019042149477,0.39663865546218485,3,0.8587271120532087
brandes-hans-von-zanow-oder-der-landjunker-in-berlin,Hans von Zanow oder: Der Landjunker in Berlin,Comedy,"#johann, #wilhelmine, #graf, #hans, #lieschen, #baron, #guerge, #frau_muellern, #aufwaerter, #fritz_fritze, #graefin, #wutzkofius, #koerner, #jude, #chevalier, #renner, #soldat",17,,,0.45588235294117646,2,0.7899159663865546,0.44166666666666665,2,0.8064484126984127,0.4485294117647059,2,0.7974323062558357,0.47619047619047616,2,0.808986568986569,0.4857142857142857,2,0.7892918192918192,0.45588235294117646,2,0.7899159663865546
braun-von-braunthal-faust,Faust,Tragedy,"#wagner, #kern, #die_diener, #die_herren, #nase, #murrner, #appeau, #le_doigt, #faust, #juanito, #rosa, #wirth, #die_buerger_1-2, #die_zofen, #mephistopheles, #die_damen, #bianca, #der_kaiser, #alle_maskenball, #robert, #crabe, #eine_stimme_aus_der_hoehe, #zunder, #dujour, #studenten, #zwitsch, #unsichtbarer_chor, #fausts_vater, #annchen, #chor_der_moenche, #weinhold, #eine_stimme_aus_der_tiefe, #die_buerger_1-5, #cosmo, #anselmo, #schatten",36,,,0.23809523809523808,4,0.8225994684328017,0.25806451612903225,4,0.7999643198884185,0.2731182795698925,4,0.8295719987370841,0.26325757575757575,4,0.7840481687371639,0.24033613445378152,3,0.8811966838017259,0.23809523809523808,4,0.8225994684328017
braun-mutter-maria,Mutter Maria,Tragedy,"#cesare, #ein_maedchen_4b, #ein_zweiter_4f, #ein_mann_4c, #ein_zweiter_4a, #ein_mann_4g, #ein_mann_4i, #eine_zweite_frau_4b, #giuseppe, #filiberta, #eine_frau_4b, #bibbiena, #ein_vierter_4a, #lucrezia, #ein_alter_diener, #ein_dritter_4f, #pietro, #ein_gast_3a, #eine_alte_dienerin, #ein_dritter_4b, #ein_junges_maedchen, #der_diener_3b, #eine_frau_4a, #ein_junger_mann_4b, #die_moenche, #ein_maedchen_4a, #ein_mann_4h, #ein_zweiter_4b, #eine_frau_4c, #eine_zweite_frau_4a, #eine_zweite_dienerin, #zwei_junge_maedchen, #fra_sebastiano, #ein_zweiter_mann_2, #ein_mann_4e, #das_kind, #ein_juengling_2b, #der_page, #ein_dritter_4a, #maria, #ein_zweiter_gast_3a, #lorenzo, #gasparo, #die_menge, #ein_zweiter_4g, #der_abt, #ein_mann_4a, #ein_dritter_4g, #ein_junger_mann_4f, #ein_alter_mann, #eine_andere_dame_3, #ein_dritter_gast_3, #ein_juengling_2c, #angelo, #dritter_soeldner, #ein_diener_3a, #ein_zweiter_gast_3b, #ein_junger_mann_4d, #ein_knabe, #eine_dritte_frau_4, #giuliano, #ein_dritter_mann_2, #ein_zweites_maedchen, #ein_zweiter_4d, #ein_page, #der_stadtknecht, #ein_andrer_mann, #sandro, #kreischende_weiberstimmen, #ein_vierter_4b, #ein_lahmer, #eine_dame_3b, #ein_maedchen_2, #viele_junge_leute, #ein_vierter_4g, #ein_gelehrter, #eine_dritte_dienerin, #eine_dienerin, #ein_zweiter_page, #ein_zweiter_juengling, #ein_mann_2a, #eine_dame_3a, #roberto, #ein_vierter_gast_3, #ein_altes_muetterchen, #ein_juengling_2a, #ein_mann_2b, #zweiter_soeldner, #vierter_soeldner, #erster_soeldner, #ein_gast_3b",91,,,0.4908424908424908,2,0.9291539427932353,0.5819620253164557,2,0.9423094542925045,0.6368530020703934,2,0.9496228930604924,0.5688329839273235,2,0.9193487445698911,0.5403361344537815,2,0.9334807161259495,0.4908424908424908,2,0.9291539427932353
brawe-brutus,Brutus,Tragedy,"#servilius, #der_tribun, #marcius, #brutus, #messala, #publius, #anton",7,,,0.6190476190476191,2,0.7095238095238096,0.5714285714285714,2,0.5571428571428572,0.6190476190476191,2,0.7095238095238096,0.6,2,0.7999999999999999,0.6666666666666666,2,0.6388888888888888,0.6190476190476191,2,0.7095238095238096
brawe-der-freygeist,Der Freygeist,Tragedy,"#klerdon, #henley, #granville, #truworth, #amalia, #widston",6,,,0.4666666666666667,3,0.38888888888888884,0.4,3,0.3611111111111111,0.4666666666666667,3,0.38888888888888884,0.4666666666666667,3,0.38888888888888884,0.4666666666666667,3,0.38888888888888884,0.4666666666666667,3,0.38888888888888884
bredow-goerne-hypatia,Hypatia,Tragedy,"#hierakas, #dritter_moench_aufzug_5, #erster_moench_aufzug_5, #petrus, #philammon, #moenche_aufzug_3, #hypatia, #sclavin_hypatias, #zweiter_moench_aufzug_5, #moenche_aufzug_5, #andere_moenche_aufzug_5, #mirjam, #eudaemon, #theon, #vierter_moench_aufzug_5, #sclavin_mirjams, #viele, #andere, #zweiter_moench_aufzug_3, #erster_moench_aufzug_3, #cyrill, #orestes, #noch_andere, #dritter_moench_aufzug_3, #mohr",25,,,0.2833333333333333,4,0.7917204120269136,0.3523809523809524,4,0.7701266986981272,0.35714285714285715,3,0.7215092097445039,0.29347826086956524,4,0.812041226747109,0.23529411764705882,4,0.7313251563251563,0.2833333333333333,4,0.7917204120269136
breithaupt-der-renegat,Der Renegat,Tragedy,"#therise, #orchan, #ein_tuerk_3-3, #zapor, #welwood, #grandlove, #der_tuerk_1-4",7,,,0.6190476190476191,3,0.780952380952381,0.5238095238095238,3,0.819047619047619,0.7333333333333333,2,0.8222222222222223,0.6190476190476191,3,0.780952380952381,0.6190476190476191,3,0.780952380952381,0.6190476190476191,3,0.780952380952381
brentano-ponce-de-leon,Ponce de Leon,Comedy,"#viele_andere_alle_5-18_bis_5-20, #juanna, #porporino, #ritter, #zigeunerin, #sarmiento, #aquilar, #valerio, #felix, #anderer_diener_1-16, #isabella, #ponce, #isidora, #ein_diener_1-20, #melanie, #perez, #pfeifer, #geiger, #lucilla, #diener_5-15, #dame, #valeria, #alonso, #zweiter_diener_3-9, #erster_diener_3-9, #erster_diener_2-1_und_2-3, #diener_2-14b, #traeger, #diener_5-12, #diener_2-14a_und_2-21, #diener_5-5, #erster_diener_1-17, #zweiter_diener_1-17, #diener_4-7, #diener_1-15_und_1-16, #der_alte_diener_5-8, #zweiter_diener_2-1",37,,,0.23123123123123124,4,0.7644662259751773,0.2689393939393939,3,0.7939826696388818,0.2765151515151515,4,0.8104128699583245,0.2396825396825397,4,0.7608242864221125,0.23076923076923078,4,0.7304288826132651,0.23123123123123124,4,0.7644662259751773
collin-balboa,Balboa,Tragedy,"#jeronimo, #maria, #alle_1-5, #eskimosa, #pedrarias, #bothe, #volk, #balboa, #linares, #einer_der_richter, #alle_2-5, #suligo, #medina, #almes, #pinto",15,,,0.37142857142857144,3,0.7004665704665705,0.4230769230769231,3,0.73998778998779,0.6222222222222222,2,0.7551587301587301,0.37142857142857144,3,0.7004665704665705,0.37142857142857144,3,0.7004665704665705,0.37142857142857144,3,0.7004665704665705
collin-coriolan,Coriolan,Tragedy,"#porus, #attus_tullus, #volturio, #lucumo, #coriolan, #minutius, #marcus, #die_buerger, #alle_die_krieger_2-5_bis_3-1, #pontifex, #aruntius, #sulpitius, #veturia, #priester, #centurio, #volumnia",16,,,0.425,2,0.7598304473304474,0.4,2,0.7528408628408628,0.48717948717948717,2,0.8599733599733599,0.45714285714285713,2,0.7929603729603729,0.425,2,0.7598304473304474,0.425,2,0.7598304473304474
cronegk-codrus,Codrus,Tragedy,"#medon, #eine_wache, #artander, #philaide, #licas, #elisinde, #cleanth, #nileus, #codrus, #ein_soldat",10,,,0.6,3,0.8176190476190476,0.6,3,0.8176190476190476,0.5333333333333333,3,0.8633333333333333,0.5333333333333333,3,0.7938095238095239,0.5555555555555556,3,0.8154761904761905,0.6,3,0.8176190476190476
cronegk-der-misstrauische,Der Mißtrauische,Comedy,"#damon, #philipp, #lisette, #geronte, #climene, #timant, #orgon",7,,,1.0,1,1.0,1.0,1,1.0,1.0,1,1.0,1.0,1,1.0,1.0,1,1.0,1.0,1,1.0
dehmel-michel-michael,Michel Michael,Comedy,"#frau_venus, #der_rotbart, #ein_bergmann, #die_pastoren, #der_kaplan, #michel, #die_landraete, #die_buergermeisterin, #der_rote_karl, #die_kobolde, #der_pastor, #die_damen, #lise_lied, #der_buergermeister, #chorgesang_mit_musik, #erster_kobold, #der_bergrat, #der_oberheizer, #immer_mehr_stimmen, #zweiter_kobold, #der_landrat, #die_kaplane, #eulenspiegel, #sprechgesang, #der_schwarze_karl, #die_polizisten, #dritter_kobold, #die_heizer, #bergknappen-bergleute, #die_buergermeister, #eckart, #alle_2ter_aufzug, #die_herren, #eine_dame",34,,,0.7540106951871658,2,0.8946869143927968,0.7677419354838709,2,0.9199110122358176,0.873015873015873,2,0.9316239316239316,0.8707692307692307,2,0.9299999999999999,0.7540106951871658,2,0.8946869143927968,0.7540106951871658,2,0.8946869143927968
eichendorff-der-letzte-held-von-marienburg,Der letzte Held von Marienburg,Tragedy,"#elsbeth, #erster_bauer_5-3, #jolante, #rominta, #ritter_1-2, #zweiter_soldat_1-2, #graf_schwarzburg, #erster_soldat_1-2, #renys, #hermann_gans, #schoenfeld, #koenig, #mehrere_soeldner, #ein_ritter_2-1, #heinrich_von_plauen, #kinthenau, #graf_von_kyburg, #gertrud, #kuechmeister, #czervany, #burgemeister, #dritter_diener_4-4, #dietrich, #hauptmann_2-4, #schaeven, #baysen, #erste_stimme, #zweite_stimme, #gesang_1-2, #zenger, #hohenkirch, #wirsberg, #erster_reisiger, #zweiter_bauer_5-3, #erster_soldat_2-4, #mehrere_bauern, #walther_von_merheim, #rode, #graf_sayn, #ein_hauptmann_1-2, #zweiter_diener_4-4, #erster_diener_4-4, #bauer_1-2, #langschenkel, #soldat_2-1, #herold, #wuttke, #polkau, #kuntz, #zweiter_soldat_2-4, #burgwart, #ein_diener_4-1, #zweiter_reisiger, #schlosswart, #ein_diener_4-3",55,,,0.26262626262626265,3,0.8261051701693763,0.3023255813953488,4,0.8297615950051566,0.24511784511784512,3,0.8562162864287444,0.3498942917547569,3,0.834841434970727,0.2627450980392157,4,0.8349654218302873,0.26262626262626265,3,0.8261051701693763
engel-eid-und-pflicht,Eid und Pflicht,Tragedy,"#von_brink, #luise, #madame_welldorf, #sophie, #der_arzt, #eduard, #sergeant, #wache, #der_bediente, #welldorf, #der_oberst",11,,,0.509090909090909,3,0.8042568542568542,0.509090909090909,3,0.8042568542568542,0.5777777777777777,2,0.8076984126984128,0.5,3,0.6894179894179895,0.4727272727272727,3,0.8181818181818182,0.509090909090909,3,0.8042568542568542
essig-der-frauenmut,Der Frauenmut,Comedy,"#melak, #drittes_weib_5a, #franzose, #der_haufen_die_weiber_alle_weiber, #anderes_weib_5b, #die_angeflogenen, #rat_klemens, #ein_weib, #femina_frau_kuenkeluen, #buergermeister, #alle_maenner, #frau_klemens, #viertes_weib_5b, #marie, #die_ratsherren_die_raete, #erstes_weib_5b, #erstes_weib_5a, #roland, #neues_weib_im_hosenrock, #weib, #die_franzosen, #ein_weib_3d, #anderes_weib_5a, #stimme_3, #hellebardier, #viertes_weib_5a, #drittes_weib_5b, #erste, #ein_weib_3c, #ein_weib_3b, #weib_3a, #geschrei, #ein_rat, #zweite",34,,,0.5935828877005348,2,0.9197996359024954,0.5935828877005348,2,0.9197996359024954,0.6798941798941799,2,0.9519551503247156,0.657258064516129,2,0.9213833823295725,0.7192982456140351,2,0.9301341589267286,0.5935828877005348,2,0.9197996359024954
essig-ueberteufel,Überteufel,Tragedy,"#brautvater, #frau_hecht, #luestling, #alle_gaeste_die_gesellschaft_rufe, #brigitte, #selma, #poebel, #brautmutter, #stimme, #oberst, #karl, #hecht, #johanna, #lothar_weber_vater, #ruf, #bleich, #mariechen_marie, #beamter, #frau_weber_mutter, #weib",20,,,0.8421052631578947,2,0.9216471995496762,0.8421052631578947,2,0.9216471995496762,0.8421052631578947,2,0.9216471995496762,0.9615384615384616,2,0.9685314685314685,0.8954248366013072,2,0.9477124183006536,0.8421052631578947,2,0.9216471995496762
goethe-clavigo,Clavigo,Tragedy,"#guilbert, #buenco, #saint_george, #carlos, #clavigo, #bedienter, #marie, #sophie, #beaumarchais, #die_maenner",10,,,0.8444444444444444,2,0.9059523809523811,0.9444444444444444,2,0.9523809523809523,0.8444444444444444,2,0.9059523809523811,0.8444444444444444,2,0.9059523809523811,0.7777777777777778,2,0.9047619047619047,0.8444444444444444,2,0.9059523809523811
goethe-der-grosskophta,Der Großkophta,Comedy,"#die_maenner, #domherr, #erstes_maedchen, #ein_bedienter_1-1a, #bediente, #ein_schweizer_5-8, #die_marquise, #der_graf, #zweites_maedchen, #nichte, #schweizer_5-7, #chor_von_innen, #chor_der_kinder, #erster_schueler, #zweiter_schueler, #der_marquis, #die_frauen, #der_ritter, #jaeck, #oberst, #bedienter_3-2, #die_schweizer, #bedienter_1-1b, #chor_der_juenglinge, #juwelier, #ein_maedchen, #la_fleur, #bedienter_3-3, #zwei_schweizer_5-3, #saint_jean, #ein_schweizer_5-3, #ein_bedienter_3-7",32,,,0.21975806451612903,3,0.815043963658031,0.20967741935483872,3,0.7847580250202154,0.3233333333333333,3,0.7796990336804578,0.23225806451612904,3,0.8472496829158169,0.23692307692307693,3,0.7575106077934132,0.21975806451612903,3,0.815043963658031
goethe-die-natuerliche-tochter,Die natürliche Tochter,Tragedy,"#eugenie, #graf, #aebtissin, #hofmeisterin, #sekretaer, #gouverneur, #moench, #herzog, #koenig, #weltgeistlicher, #gerichtsrat",11,,,0.32727272727272727,3,0.6588744588744588,0.3090909090909091,3,0.7376623376623376,0.3333333333333333,3,0.6514285714285715,0.3090909090909091,3,0.5677489177489178,0.4642857142857143,3,0.6833333333333333,0.32727272727272727,3,0.6588744588744588
goethe-egmont,Egmont,Tragedy,"#vansen, #einige_andere_mehrere_das_volk_andere, #ein_anderer_d, #ein_anderer_b, #mutter, #klare_klaerchen, #ferdinand, #gomez, #jetter, #ein_anderer_e, #ein_anderer_f, #ein_buerger_b, #soest, #buerger_d, #ein_buerger_a, #seifensieder, #ein_anderer_c, #zimmermeister, #anderer_buerger_a, #egmont, #alle_1-1, #ruysum, #ein_buerger_c, #oranien, #buyck, #brackenburg, #silva, #sekretaer, #machiavell, #regentin, #alba",31,,,0.3655913978494624,3,0.8598487080666769,0.27205882352941174,4,0.7156862745098039,0.36129032258064514,4,0.8714321310146738,0.4014778325123153,3,0.8526250625642106,0.35268817204301073,4,0.879702763219409,0.3655913978494624,3,0.8598487080666769
goethe-faust-der-tragoedie-zweiter-teil,Faust. Der Tragödie zweiter Teil,Tragedy,"#pygmaeen-aelteste, #thales, #choretide_2, #choretide_1, #architekt, #page, #knabe_lenker, #der_abgemagerte, #wildgesang, #erster_kundschafter, #mephistopheles, #gaertner, #mutter, #habebald, #trabanten, #klotho, #sirenen, #generalissimus, #pater_seraphicus, #magna_peccatrix, #lemuren, #olivenzweig_mit_fruechten, #vierter_trabant, #erzmarschall, #erster_greif, #manto, #chiron, #plutus, #gaertnerinnen, #zoilo-thersites, #aehrenkranz, #erztruchsess, #riesen, #holzhauer, #herold, #satyr, #aglaia, #megaera, #faunen, #lachesis, #nymphen_im_chor, #lamien, #eilebeute, #schuld, #sorge, #phantasiestrauss, #geiz, #zweiter_trabant, #erzbischof, #diplomat, #andrer, #hofmann, #gnomen, #pulcinelle, #erster_trabant, #atropos, #empuse, #junker, #die_menge_erster_akt, #sphinxe, #dame_rittersaal_5, #dame_rittersaal_1a, #trunkner, #chorus_mysticus, #mulier_samaritana, #haltefest, #choretide_5, #ritter, #chor_weitlaeufiger_saal, #duenna, #zweiter_greif, #oreas, #greife, #raufebold, #hoffnung, #hegemone, #ariel, #chor_anmutige_gegend, #hauptweib, #parasiten, #tisiphone, #zweiter_junker, #furcht, #homunculus, #der_geistliche, #dame_rittersaal_6, #doctor_marianus, #pater_ecstaticus, #choretide_4, #heermeister, #kaiser, #kanzler, #astrolog, #chor_seliger_knaben, #ein_andrer_2, #schatzmeister, #poet, #dame_rittersaal_2b, #doriden, #echo, #erzkanzler, #ein_dritter_teil, #euphorion, #euphrosyne, #kaemmerer, #bannerherr, #ein_andrer_3, #marsen, #faust, #gelahrter, #weiber, #rosenknospen, #alekto, #dame_rittersaal_1c, #erzkaemmerer, #satiriker, #dritter_trabant, #ein_andrer_1, #eine_phorkyade, #die_kraniche_des_ibykus, #ameisen, #pygmaeen, #aeltere_dame, #telchinen, #ein_vierter_teil, #phantasiekranz, #klugheit, #aelteste_dame, #phorkyas, #dame_rittersaal_2c, #tritonen, #galatee, #una_poenitentium, #maria_aegyptiaca, #die_juenglinge, #psyllen, #phorkyaden, #dryas, #die_vollendeteren_engel, #narr, #braune, #dame, #marschalk, #junge_dame, #daktyle, #dame_rittersaal_2a, #proteus, #dame_rittersaal_1b, #pater_profundus, #nymphen_am_unteren_peneios, #mater_gloriosa, #ein_teil_des_chors, #erzschenk, #sphinx, #seismos, #himmlische_heerschar, #arimaspen, #anaxagoras, #helena, #panthalis-chorfuehrerin, #famulus, #chor_der_insekten, #nereiden, #choretide_6, #chor_gefangener_trojanerinnen, #die_juengeren_engel, #philemon, #baucis, #chor_und_echo, #wagner, #peneios, #chor_der_engel, #ein_andrer_teil, #not, #blondine, #wandrer, #all-alle, #erichtho, #dame_rittersaal_3, #nereus, #obergeneral, #dame_rittersaal_4, #junges_maedchen, #zweiter_kundschafter, #lynkeus, #baccalaureus, #choretide_3, #lemur, #mangel",189,,,0.11431948665991219,4,0.9449079704283292,0.1615190365190365,3,0.9445537309180074,0.12856288618696432,4,0.9493115169137701,0.1274364833983062,4,0.9484715494210982,0.143124345353883,4,0.9421175278947518,0.11431948665991219,4,0.9449079704283292
gotter-die-erbschleicher,Die Erbschleicher,Comedy,"#justine, #therese, #pistorius, #weinhold, #madam_anker, #gerhard, #benedikt, #wittwe_ungewitter, #sternberg, #bieder",10,,,0.7555555555555555,2,0.8384126984126985,0.7333333333333333,2,0.8364285714285714,0.6888888888888889,2,0.8365079365079365,0.7555555555555555,2,0.8384126984126985,0.6388888888888888,2,0.8523809523809525,0.7555555555555555,2,0.8384126984126985
gottsched-der-sterbende-cato,Der sterbende Cato,Tragedy,"#phoenice, #phokas, #artabanus, #cato, #domitius, #felix, #pharnaces, #porcius, #arsene_porcia, #caesar",10,,,0.5555555555555556,3,0.7921428571428571,0.4888888888888889,3,0.7661904761904761,0.5333333333333333,3,0.7857142857142857,0.5111111111111111,3,0.7488095238095238,0.5111111111111111,3,0.6952380952380952,0.5555555555555556,3,0.7921428571428571
gottschedin-das-testament,Das Testament,Comedy,"#dr_hippokras, #landrat_von_ziegendorf, #frau_von_tiefenborn, #fraeulein_amalie, #herr_von_wagehals, #herr_von_kreuzweg, #fraeulein_karoline, #notarius, #ein_diener, #herr_von_kaltenbrunn, #kammerherr_von_ziegendorf, #heinrich",12,,,0.6363636363636364,3,0.8282407407407407,0.6363636363636364,3,0.8282407407407407,0.6363636363636364,3,0.8282407407407407,0.7090909090909091,3,0.8535353535353536,0.4666666666666667,3,0.6776190476190476,0.6363636363636364,3,0.8282407407407407
gottschedin-die-pietisterey-im-fischbein-rocke,Die Pietisterey im Fischbein-Rocke oder Die Doctormäßige Frau,Comedy,"#herr_von_muckersdorff, #frau_glaubeleichtin, #frau_seuffzerin, #frau_zanckenheimin, #jungfer_dorchen, #jungfer_luischen, #cathrine, #frau_ehrlichen, #jacob, #herr_scheinfromm, #der_diener, #herr_glaubeleicht, #herr_liebmann, #herr_wackermann, #der_advocat, #frau_bettelsackin",16,,,0.44166666666666665,2,0.8219246031746031,0.43333333333333335,2,0.8077876984126984,0.47619047619047616,2,0.8193365893365894,0.6727272727272727,2,0.8704184704184704,0.4175824175824176,3,0.7464285714285713,0.44166666666666665,2,0.8219246031746031
grabbe-herzog-theodor-von-gothland,Herzog Theodor von Gothland,Tragedy,"#erik, #usbek, #der_alte_gothland, #viele_stimmen_5-6, #ein_finne_3-1b, #einzelne_stimmen_3-1, #eine_stimme_4-2a, #rossan, #ein_finne_3-1d, #ein_finne_1-1, #berdoa, #ein_finne_5-4, #tocke, #holm, #der_hauptmann_2-1, #gustav, #der_hauptmann_5-5, #kanzler, #ein_finne_3-1c, #gothland, #ein_schwedischer_soldat, #einer_der_schiffbruechigen, #herold, #finnen_3-1, #finnen_1-1, #viele_stimmen_1-1, #arboga, #skiold, #soldat_1-1, #ein_schwedischer_hauptmann, #rolf, #irnak, #unteroffizier, #bioern, #erster_hauptmann, #zweiter_hauptmann, #der_hauptmann_5-6, #chor, #eine_dirne, #eine_andre_stimme, #eine_stimme_4-2b, #die_anwesenden_krieger, #fluechtige_3-1, #einer_der_finnischen_hauptleute, #alle_andere_2-1, #koenig, #ein_finnischer_hauptmann, #mehrere_stimmen, #die_uebrigen_schwedischen_grossen, #ein_finne_4-2, #caecilia, #volk_auf_der_strasse, #ein_finne_3-1a, #fluechtige_5-6, #stimmen_von_dem_meere_her, #finnische_hauptleute_5-3, #finnische_hauptleute_4-2, #das_jammergeschrei_verwundeter_finnen, #alle_4-2, #alle_2-2, #finnische_hauptleute_5-4",61,,,0.3262295081967213,2,0.8842960657811876,0.36268343815513626,2,0.8938146399273708,0.34098639455782315,2,0.8627976005895983,0.37142857142857144,2,0.8778254991423861,0.4236734693877551,2,0.8840336721733744,0.3262295081967213,2,0.8842960657811876
grabbe-kaiser-friedrich-barbarossa,Kaiser Friedrich Barbarossa,Tragedy,"#die_mailaendischen_todesbanner, #die_mailaender, #galdino, #koenig_von_boehmen, #gherardo, #papst_alexander, #otto_von_wittelsbach, #rudolph, #graf_von_tirol, #hohenzollern, #monteferrat, #ein_diener, #beatrice, #koenig_von_polen, #grossfuerst_litauens, #koenig_waldemar, #kaiser_friedrich, #das_sachsenheer, #reichsherolde, #das_deutsche_heer_das_kaiserliche_heer, #ein_krieger, #alle_anwesenden_akt_4, #viele_hauptleute_des_heeres, #ein_hauptmann_des_kaiserlichen_heers, #ein_gewaffneter_2, #erzbischof_von_mainz, #alberto, #ein_mailaender, #heinrich_der_loewe, #prinz_heinrich, #giso, #einer_der_lombarden_1, #ein_gewaffneter_1, #viele_stimmen, #prinz_plantagenet, #die_begleiter_heinrichs_des_loewen, #einer_der_senatoren, #heinrich_von_ofterdingen, #ein_provenzialischer_troubadour, #alle_anwesenden_akt_2, #die_lombarden, #kardinal_ugolini, #ulrich, #alle_anwesenden_akt_3, #albrecht_von_roden, #schwaebische_krieger, #graf_von_barcelona, #der_erzherzog_von_oesterreich, #ein_hauptmann, #der_doge, #fraenkische_krieger, #lauter_ruf_hinter_der_szene, #der_sohn, #alle_deutsche_und_normannen, #constanze, #einer_der_vier_um_den_reichsschild_stehenden_reichsherolde, #ein_anderer_mailaender, #geschrei_der_lodenser, #graf_von_montpellier, #ein_ritter, #ein_reichsherold, #landolph, #die_gesandten_englands_und_frankreichs, #ein_turnierherold, #reichsherold, #jordanus_truchsess, #graf_von_orla, #wilhelm, #das_volk, #einer_der_lombarden_2, #turnierherolde, #ein_veronesischer_krieger, #die_saechsischen_feldherren, #ein_schwaebischer_ritter, #erzbischoefe_fuersten_ritter, #graf_von_andechs, #der_kastellan_der_burg, #der_bote, #mathildis, #eine_schildwache, #der_vater, #landleute",82,,,0.28184281842818426,3,0.862663828740171,0.27568042142230026,3,0.8918024937779487,0.3356164383561644,3,0.8529473179514857,0.3167701863354037,3,0.8737781431227114,0.2907092907092907,3,0.8737760045708702,0.28184281842818426,3,0.862663828740171
grabbe-kaiser-heinrich-der-sechste,Kaiser Heinrich der Sechste,Tragedy,"#ein_pisaner, #erzbischof_matthaeus, #achmet, #hauptmann_von_schwarzeneck, #erzbischof_konrad_von_mainz, #ein_gewaffneter, #blondel, #koenig_heinrich_kaiser_heinrich, #der_graf_acerra, #der_sohn, #der_reichsherold, #erster_bardewicker, #albert, #ein_fraenkischer_krieger, #der_hauptmann, #wolfgang, #der_oesterreicher, #einer_des_gefolges, #constanze, #christoph, #heinrich_der_loewe, #prinz_heinrich, #hohenzollern, #der_reichskanzler, #koenig_richard, #einer_aus_des_kaisers_gefolge, #agnes, #die_sarazenen, #diephold, #der_erzbischof_ophamilla_von_messina, #der_bote, #erster_landmann, #matthias, #die_alte_sizilianerin, #ein_genueser, #hermann_von_thueringen, #erzherzog_von_oesterreich, #alle_anwesenden_normannen, #erster_franzoesischer_gesandte, #guiskard, #ein_deutscher_krieger, #erster_saechsischer_gewaffneter, #der_admiral, #agib, #zweiter_saechsischer_gewaffneter, #die_kellnerin, #zweiter_landmann, #ruprecht, #gottfried, #bernhard, #buergermeister_rudlieb, #ein_deutscher_hauptmann, #alle_anwesende_5-3, #erster_griechischer_gesandte, #wehrfried, #alle_anwesenden_gefolge_heinrichs_des_loewen, #versammeltes_volk_alle_anwesenden, #einer_des_gefolgs, #caleb, #tancred, #beatrice, #otto, #fuerst_borvin, #einer_der_deutschen_kreuzfahrer, #die_anwesenden_mitglieder_des_deutschen_reichstages, #ratsherr_hagener, #der_nuntius, #elisabeth, #graf_von_aversa, #buerger_von_bardewick, #bohemund, #zweiter_bardewicker, #graf_borgholt, #der_diener, #alle_anwesenden_oesterreicher, #joseph, #der_kastellan, #die_weisse_frau, #der_knecht, #der_herr",80,,,0.15632911392405063,4,0.834039040744783,0.2409090909090909,3,0.8261047853212492,0.1547314578005115,3,0.8454987220060234,0.16314553990610328,4,0.8667846332917338,0.17860187553282184,4,0.849298437914126,0.15632911392405063,4,0.834039040744783
grillparzer-des-meeres-und-der-liebe-wellen,Des Meeres und der Liebe Wellen,Tragedy,"#leander, #janthe, #der_sklave, #naukleros, #mutter, #das_volk, #die_priester, #tempelhueter, #priester, #vater, #hero",11,,,1.0,1,1.0,1.0,1,1.0,1.0,1,1.0,1.0,1,1.0,1.0,1,1.0,1.0,1,1.0
grillparzer-die-ahnfrau,Die Ahnfrau,Tragedy,"#ahnfrau_gestalt, #soldat, #boleslav, #hauptmann, #chor_gesang, #jaromir, #bertha, #walter, #guenther, #der_graf",10,,,0.8666666666666667,2,0.9071428571428571,0.9444444444444444,2,0.9523809523809523,0.8666666666666667,2,0.9071428571428571,0.8,2,0.8766666666666666,0.8055555555555556,2,0.8722222222222222,0.8666666666666667,2,0.9071428571428571
grillparzer-die-juedin-von-toledo,Die Jüdin von Toledo,Tragedy,"#diener_4, #knappe, #isaak, #esther, #rahel, #zweiter_bittsteller, #koenigin, #eine_weiberstimme, #kammerfrau, #bittsteller, #manrique, #garceran, #dritter_bittsteller, #koenig, #diener_3, #von_aussen",16,,,0.65,2,0.8502379564879565,0.638095238095238,2,0.8558374958374959,0.7692307692307693,2,0.8776223776223777,0.7362637362637363,2,0.8746420246420247,0.6857142857142857,2,0.8591904391904391,0.65,2,0.8502379564879565
grillparzer-ein-bruderzwist-in-habsburg,Ein Bruderzwist in Habsburg,Tragedy,"#zweiter_soldat_2a, #zweiter_soldat_2b, #dritter_soldat_2c, #ramee, #zwei_kuerassiere, #klesel, #thurn, #volk, #don_caesar, #prokop, #hauptmann_4, #arbeiter, #schlick, #wallenstein, #julius, #mehrere_im_trupp_rings_herum_geschrei_alle, #mathias, #kaemmerling, #leopold, #max, #die_staende, #ferdinand, #kaemmerer, #rumpf, #diener_4, #ein_diener_5, #auf_der_strasse, #seyfried, #hinter_der_szene, #ein_diener_2, #rudolf, #zweiter_soldat_2c, #hauptmann_2, #erster_soldat_2b, #diener_3, #lukrezia, #ein_soldat_2a, #kuerassier, #ein_buerger, #einige_andere_mehrere, #erster_soldat_2c, #russworm, #fahnentraeger, #gerichtsperson",44,,,0.27801268498942916,3,0.8476657598031917,0.3333333333333333,3,0.8204649291069553,0.2817073170731707,3,0.8536277302964216,0.31039136302294196,3,0.862065950274671,0.31721194879089615,3,0.8395640721471258,0.27801268498942916,3,0.8476657598031917
grillparzer-ein-treuer-diener-seines-herrn,Ein treuer Diener seines Herrn,Tragedy,"#zweiter_begleiter, #bancbanus, #erster_diener_1, #erny, #otto, #zweiter_diener_2, #erster_edelmann, #hauptmann, #koenig, #zweiter_diener_1, #ernys_kammerfrau, #schlosshauptmann, #alle, #erster_begleiter, #koenigin, #erster_diener_2, #peter, #edelmann, #diener_2, #zweiter_anfuehrer, #gertrude, #kaemmerer, #simon, #befehlshaber, #diener_1, #dienerin, #ungarischer_anfuehrer, #zweiter_diener_3, #soldat, #ein_gewaffneter, #von_der_strasse_herauf_gesang_viele_stimmen_geschrei, #kammerfrau_der_koenigin, #bela, #zweiter_edelmann, #arzt, #erster_diener_3, #diener_3",37,,,0.4219219219219219,2,0.8847414064805369,0.46975806451612906,2,0.8925267994351556,0.4753787878787879,2,0.8854808657744584,0.4798387096774194,2,0.8938042603139119,0.4791666666666667,2,0.8911806058656754,0.4219219219219219,2,0.8847414064805369
grillparzer-koenig-ottokars-glueck-und-ende,König Ottokars Glück und Ende,Tragedy,"#kanzler, #kuester, #milota, #seyfried, #diener_5b, #knappe-diener, #fuellenstein, #emerberg, #bertha, #heinrich_von_lichtenstein, #erster_abgesandter, #der_alte_merenberg, #kunigunde, #gemurmel, #buergermeister_von_prag, #elisabeth, #diener_5a, #rudolf_von_habsburg, #benesch, #kammerfraeulein, #buerger, #es_stuerzt_einer_herein, #knecht_duxer, #pettauer, #knecht_5a, #erster_buerger, #schweizersoldat, #hauptmann, #alle_von_aussen_die_im_saale_zuruf, #diener_1a, #bela, #zweiter_abgesandter, #die_böhmen, #hornek, #zawisch, #ottokar, #herold, #koenigin_margarethe, #diener_1b, #zweiter_buerger, #ortolf, #frau_3a, #ein_ritter, #alle_5, #diener_2b, #paltram, #wortfuehrer_der_kaerntner, #von_aussen_5, #bote, #frau_3b, #diener_2a, #knecht_5b, #wortfuehrer_der_steirer, #diener_4, #burggraf",55,,,0.46936026936026937,2,0.8873605900559756,0.52,2,0.8926478986163197,0.592469545957918,2,0.8839256691818066,0.5105882352941177,2,0.8938634349370532,0.5507399577167019,2,0.8917354737928204,0.46936026936026937,2,0.8873605900559756
grillparzer-libussa,Libussa,Tragedy,"#mehrere_feldarbeiter, #einer_der_gekommenen, #swartka, #tetka, #einer_der_zusehenden, #das_maedchen, #domaslav, #mehrere, #gewaffneter, #das_weib, #erster_spieler, #ein_alter, #biwoy, #zweiter_streitender, #zweiter_spieler, #lapak, #ein_alter_von_der_linken_seite_kommend, #libussa, #kascha, #schenke, #weiber_und_kinder, #dobra, #wlasta, #einer_von_ihnen, #einer_von_denen_am_tische, #ein_juengerer, #einer_der_sitzenden, #die_maedchen_die_jungfrauen, #dobromila, #primislaus, #erster_streitender, #slawa",32,,,0.5705645161290323,2,0.9150249841695197,0.8333333333333334,2,0.9086635586635586,0.5685483870967742,2,0.9152938582217642,0.6,2,0.922307454009345,0.5665322580645161,2,0.9161386629684739,0.5705645161290323,2,0.9150249841695197
grillparzer-medea,Medea,Tragedy,"#gora, #sklavin, #sklave, #knabe_aeltere, #koenig, #jason, #herold, #kreusa, #kleine_kleinere, #medea, #landmann, #magd",12,,,0.696969696969697,2,0.8673039923039924,0.7636363636363637,2,0.890909090909091,0.696969696969697,2,0.8673039923039924,0.7777777777777778,2,0.8980158730158729,0.7818181818181819,2,0.8839826839826839,0.696969696969697,2,0.8673039923039924
grillparzer-sappho,Sappho,Tragedy,"#phaon, #ein_landmann, #sappho, #ruf_von_drinnen, #eucharis, #geschrei-volk, #rhamnes, #einer_aus_dem_volke, #melitta, #maedchen",10,,,0.5777777777777777,3,0.8047619047619048,0.75,2,0.8416666666666667,0.5777777777777777,3,0.8047619047619048,0.5777777777777777,3,0.8047619047619048,0.5333333333333333,3,0.7880952380952382,0.5777777777777777,3,0.8047619047619048
grillparzer-weh-dem-der-luegt,"Weh dem, der lügt!",Comedy,"#galomir, #zweiter_krieger, #atalus, #pilger, #knecht_des_faehrmanns, #anfuehrer, #kattwald, #erster_knecht, #gregor, #edrita, #schaffer, #faehrmann, #hausverwalter, #leon, #ein_krieger, #zweiter_knecht",16,,,0.7166666666666667,2,0.8743395493395494,0.675,2,0.897245115995116,0.7166666666666667,2,0.8743395493395494,0.7727272727272727,2,0.889045214045214,0.7252747252747253,2,0.919128490557062,0.7166666666666667,2,0.8743395493395494
gryphius-cardenio-und-celinde,Cardenio und Celinde oder Unglücklich Verliebete,Tragedy,"#dorus, #reyen, #cardenio, #cleon, #lysander, #das_gespenst_dess_ritters, #storax, #olympia, #knecht, #tyche, #pamphilius, #vireno, #celinde, #sylvia, #der_mensch, #diener, #die_zeit",17,,,0.5735294117647058,3,0.8663042839513428,0.625,2,0.8789855977355977,0.6761904761904762,2,0.8874836274836274,0.5,3,0.8076719576719577,0.5294117647058824,3,0.912838142249907,0.5735294117647058,3,0.8663042839513428
gryphius-carolus-stuardus,Carolus Stuardus,Tragedy,"#jungfrau_6, #jungfrau_8, #geist_7, #geist_1, #ketzer_5, #ketzer_6, #ketzer_3, #ketzer_7, #hencker, #jungfrau_3, #carol, #princes, #geist_2, #geist_6, #jungfrauen, #jungfrau_5, #ketzer_9, #jungfrau_1, #juxton, #ketzer_2, #die_rache, #ketzer_4, #peter, #fairfax, #geist_3, #gemahlin, #edelknabe, #geist_4, #ketzer_1, #ketzer_8, #geist_5, #cromwell, #hewlet, #hacker, #thomlisson, #jungfrau_2, #die_religion, #graf_1, #graf_2, #jungfrau_7, #jungfrau_4, #hoffe-meister, #der_gesandte_aus_holland, #der_gesandte_aus_schottland, #hertzog_von_glocester, #frauen, #axtel, #strafford, #laud, #obrist_1, #obrist_2, #chor_der_ermordeten_engellaendischen_koenige, #geist_mariae_stuardae, #chor_der_syrenen, #poleh",55,,,0.11245791245791245,7,0.6723076923076924,0.13690476190476192,7,0.7210836782265354,0.13180272108843538,2,0.7185766614338044,0.12956810631229235,3,0.6237328562909958,0.10960960960960961,6,0.5135135135135135,0.11245791245791245,7,0.6723076923076924
gryphius-catharina-von-georgien,Catharina von Georgien oder Bewehrete Beständigkeit,Tragedy,"#jungfrau_2, #jungfrau_4, #die_jungfrauen, #serena, #catharina, #chach_abas, #salome, #der_blutrichter, #jungfrau_3, #jungfrau_1, #iman_culi, #procopius, #seinel_can, #der_gesandte_auss_reussen, #der_priester, #demetrius, #cassandra, #tod, #libe, #diener, #ewigkeit, #reye_der_von_chach_abas_erwuergeten_fuersten",22,,,0.22077922077922077,4,0.6491869241869241,0.23809523809523808,4,0.6604424675853247,0.21645021645021645,4,0.6357306834579561,0.2,3,0.6904761904761905,0.2679738562091503,3,0.6792929292929293,0.22077922077922077,4,0.6491869241869241
gryphius-horribilicribrifax-teutsch,Horribilicribrifax Teutsch,Comedy,"#daradiridatumtarides, #sempronius, #selene_selenissa, #antonia, #rabbi, #don_diego, #palladius, #cleander, #flaccilla, #dionysis, #sophia, #horribilicribrifax, #der_ander_page, #coelestina, #harpax, #page, #camilla, #cyrilla, #don_cacciadiavolo, #bonosus, #florianus_florentin",21,,,0.2571428571428571,4,0.515721844293273,0.22807017543859648,5,0.562907268170426,0.26842105263157895,4,0.5763888888888888,0.22857142857142856,4,0.5544973544973545,0.2,7,0.5895691609977325,0.2571428571428571,4,0.515721844293273
gryphius-leo-armenius-oder-fuersten-mord,Leo Armenius oder Fürsten-Mord,Tragedy,"#leo, #exabolius, #michael, #reyen_der_hoeflinge, #vierter_richter, #neunter_richter, #fuenfter_richter, #achter_richter, #zweiter_richter, #nicander, #vierter_verschworener, #theodosia, #dritter_verschworener, #jamblichius, #crambe, #zweiter_verschworener, #trabanten, #tarasii_geist, #richter, #erster_verschworener, #zehnter_richter, #dritter_richter, #sechster_verschworener, #fuenfter_verschworener, #sechster_richter, #siebenter_richter, #waechter, #papias, #jungfrauen, #priester, #erster_richter, #oberster_priester, #bothe, #diener, #reyen_der_spielleute_und_saenger, #der_geist, #phronesis",37,,,0.2552552552552553,4,0.8733352454405087,0.28307692307692306,4,0.8023382600305677,0.30303030303030304,4,0.8937375998582695,0.2689393939393939,3,0.8945503566077728,0.26559714795008915,5,0.8618116145979924,0.2552552552552553,4,0.8733352454405087
gryphius-papinianus,"Großmütiger Rechtsgelehrter oder Sterbender Aemilius Paulus
          Papinianus",Tragedy,"#hostilius, #papinianus, #geta, #reyen_der_jungfern_und_cammer-diner, #julia, #thrasullus, #laetus, #haubtmann_1, #bassianus, #alecto, #gerechtigkeit, #flavius, #megaera, #tisiphone, #plautia, #diner_2, #themis, #eugenia, #haubtmann_2, #reyen_dess_roemischen_frauenzimmers, #diner_1, #papiniani_sohn, #caemmerer, #macrinus, #reyen_der_diner, #haubtleute, #cleander, #geist_severi, #scherge, #haubtmann_3, #sabinus, #reyen_dess_frauenzimmers, #reyen_der_hofe-junckern_papiniani, #reyen_der_hofe-leute",34,,,0.1354723707664884,4,0.654640947288006,0.15669515669515668,4,0.6108706108706109,0.16091954022988506,4,0.6911640211640211,0.14623655913978495,4,0.6927547363031233,0.14153846153846153,4,0.5983516483516483,0.1354723707664884,4,0.654640947288006
gutzkow-das-urbild-des-tartueffe,Das Urbild des Tartüffe,Comedy,"#madeleine, #chapelle, #matthieu, #lefevre, #la_roquette, #delarive, #moliere, #lionne, #ludwig, #armande, #dubois, #lakai, #bedienter, #ein_theaterdiener, #germain, #offizier, #louison",17,,,0.47794117647058826,3,0.7591637121048886,0.48333333333333334,3,0.7595373376623377,0.5619047619047619,3,0.773059163059163,0.5714285714285714,3,0.828013468013468,0.4485294117647059,3,0.7281045751633988,0.47794117647058826,3,0.7591637121048886
gutzkow-richard-savage,Richard Savage oder Der Sohn einer Mutter,Tragedy,"#viscount, #lady, #bedienter_der_lady, #lord_winchester, #savage, #toms, #zehnte_maske, #miss_ellen, #dritte_maske, #steele, #achte_maske, #lord_berwick, #erste_maske, #neunte_maske, #alle_4-2-4, #fuenfte_maske, #sechste_maske, #lord_tyrconnel, #vierte_maske, #zweiter_bedienter, #erster_bedienter, #zweite_maske, #dritter_bedienter, #maennliche_stimme, #oberrichter, #kitty, #bursche, #haushofmeister",28,,,0.30158730158730157,4,0.7872242836528551,0.30484330484330485,4,0.788656405323072,0.3384615384615385,4,0.8214119214119214,0.4095238095238095,4,0.7232708032708033,0.35,3,0.8053968253968254,0.30158730158730157,4,0.7872242836528551
gutzkow-uriel-acosta,Uriel Acosta,Tragedy,"#judith, #simon, #santos, #alle_4-6, #silva, #manasse, #uriel, #joel, #embden, #jochai, #alle_2-7, #esther, #akiba, #baruch, #diener_1-2, #ruben, #diener_4-1",17,,,0.36764705882352944,3,0.7440879382055853,0.36666666666666664,3,0.7242406898656899,0.3904761904761905,3,0.7163347763347763,0.46153846153846156,2,0.7703407703407704,0.4083333333333333,3,0.7936154123654123,0.36764705882352944,3,0.7440879382055853
gutzkow-zopf-und-schwert,Zopf und Schwert,Comedy,"#graf_wartensleben, #erbprinz, #sonnsfeld, #wilhelmine, #grumbkow, #graf_schwerin, #koenigin, #viereck, #eversmann, #seckendorf, #hotham, #alle_5-1-4_und_5-1-5, #koenig, #hofdamen, #alle_3-1-4, #erster_grenadier, #zweiter_grenadier, #alle_4-2-2, #holzendorf, #kamke, #lakaien, #bediente, #dritter_grenadier, #eckhof, #lakai, #die_trommler",26,,,0.32,3,0.8092614461958353,0.3557312252964427,3,0.8281716862279522,0.3079710144927536,3,0.818996743996744,0.32806324110671936,3,0.799658312701791,0.41904761904761906,3,0.8309352023637738,0.32,3,0.8092614461958353
hallmann-mariamne,Mariamne,Tragedy,"#page, #alexander_iii, #arsanes, #jungfer_6, #schlaf-liedgen, #antipater, #mund-schenck, #sohemus, #davids_geist, #menahem, #gamaliel, #herodes, #haupt-mann, #unglauben, #koenig_salomos_geist, #hyrcanus, #israel, #schammaeus, #jungfer_3, #die_trabanten, #der_eigen-nutz, #die_frauen-list, #tyranney, #pest, #jungfer_4, #pheroras, #ezechias, #nicodemus, #joschua, #priester_2, #mariamne, #jungfer_5, #die_leichtglaubigkeit, #palaestina, #jungfer_1, #hillel, #hunger, #joab, #zwietracht, #blut-richter, #hyrcani_geist, #aristobulus_iv, #alexandra, #der_bach_kidron, #die_wald-nimffen, , #die_koenigliche_genade, #jonathan, #jungfer_2, #josephus, #aristobuli_geist, #mariamnes_geist, #salome, #simeon, #ananeel, #josephi_geist, #priester_1, #philo, #der_tod, #das_leben, #die_freyheit, #die_argwohn, #die_ehr-sucht, #der_berg_sion, #reyen_der_juedischen_priester",65,,,0.16971153846153847,3,0.8757530392614821,0.18402961396086726,3,0.8726316746715229,0.17410714285714285,3,0.8861609526692024,0.1765049678550555,3,0.8799424455130501,0.25675675675675674,2,0.8135899940247766,0.16971153846153847,3,0.8757530392614821
hartleben-rosenmontag,Rosenmontag,Tragedy,"#traute, #von_grobitzsch, #peter, #drewes, #paul, #hans, #harold, #moritz, #fritz, #kommandostimme, #schmitz, #von_marschall, #eine_ordonnanz_1-3b, #tiedemann, #meitzen, #glahn, #die_ordonnanz_1-6, #benno, #eine_ordonnanz_1-3a, #heinrich, #die_masken, #joseph, #alle_verschiedene, #der_rangaelteste_hauptmann",24,,,0.47101449275362317,3,0.8283825884154831,0.4624505928853755,3,0.8316841229245321,0.463768115942029,3,0.8472142877618883,0.5019762845849802,3,0.8320036557719961,0.4492753623188406,3,0.7555916731903575,0.47101449275362317,3,0.8283825884154831
hauptmann-carl-tobias-buntschuh,Tobias Buntschuh,Tragedy,"#der_stallmeister_3-5_bis_3-16, #ein_zirkusdiener, #ein_anderer_stallmeister_3-16c, #clownstimmen, #clown_odebrecht, #die_dame, #der_herr, #der_arzt, #diener_franz, #tobias_buntschuh, #ein_anderer_stallmeister_3-16b, #wendelborn, #radiana, #clown_ambrois, #ein_anderer_stallmeister_3-16a, #luisa, #ein_anderer_stallmeister_3-16d, #vater_buntschuh, #mutter_buntschuh, #ein_stallmeister_1-2, #ein_zweiter_clown, #der_sekretaer, #ein_clown_3-1, #stimme_eines_stallmeisters",24,,,0.2246376811594203,3,0.6808381433381433,0.22529644268774704,4,0.659872012045925,0.4666666666666667,3,0.6828571428571428,0.2246376811594203,3,0.6808381433381433,0.2210144927536232,3,0.6917809042809043,0.2246376811594203,3,0.6808381433381433
hauptmann-florian-geyer,Florian Geyer,Tragedy,"#link, #martin, #eine_stimme_2_akt, #feistle, #karlstatt, #kratzer, #ursel, #gegenruf, #loeffelholz, #florian_geyer, #dritter_buerger_tisch_1, #der_blinde_moench, #ein_hoeriger, #vierter_buerger_tisch_2, #menzingen, #rektor_besenmeyer, #klaeuslin, #flammenbecker, #erster_buerger_tisch_2, #bubenleben, #hans_von_grumbach, #verschiedene_viele_stimmen_alle_2_akt, #entlaufener_moench, #beheim, #kunrat, #wilhelm_von_grumbach, #schaeferhans, #kilian, #geschrei_1_akt, #dritter_buerger_tisch_2, #zweiter_bauernhauptmann, #trabant, #hippler, #tellermann, #metzler, #lichtenstein, #ein_bauer, #joeslein, #ein_weinsberger, #kohl, #der_schultheiss, #toeppelin, #die_alte_frau, #zweiter_reisiger, #verschiedene_stimmen_3_akt, #alle_die_bauern, #kunz_von_der_muehlen, #massenruf_von_aussen, #ein_trunkener, #hartheim, #sartorius, #marei, #finkenmaeuslin, #jos_frankenheim, #sebastian_von_rotenhahn, #goetz, #kunzlin, #goppolt, #hausierer, #erster_reisiger, #zweiter_buerger_tisch_2, #die_ritter_5_akt, #lorenz_von_hutten, #barchart, #joerg_kumpf, #zwischenruf, #erster_buerger_tisch_1, #zweiter_buerger_tisch_1, #wolf_von_kastell, #erster_bauer, #erster_bauernhauptmann, #dritter_bauernhauptmann, #peter, #der_zerlumpte_mensch, #domherr_1_akt, #schertlin, #christheinz, #frau_grumbach, #ochsenhans, #ein_buerger",80,,,0.3670886075949367,2,0.9099528047768777,0.42063492063492064,2,0.9258898082082295,0.3880701754385965,2,0.9201230272919126,0.422360248447205,2,0.9254210250780186,0.4522840343735866,2,0.9159282634699667,0.3670886075949367,2,0.9099528047768777
hebbel-agnes-bernauer,Agnes Bernauer,Tragedy,"#ernst, #nothhafft_von_wernberg, #pienzenau, #hans_von_laeubelfing, #preising, #agnes, #albrecht, #einige_andere_alle_stimmen, #frauenhoven, #barbara, #ein_haescher, #buergermeister, #toerring, #knippeldollinger, #schildknapp, #martha, #die_ritter, #caspar_bernauer, #der_herold, #die_reisigen, #marschall_von_pappenheim, #ignaz_von_seyboltstorff, #otto_von_bern, #theobald, #ein_knappe, #die_knechte, #der_legat, #der_kastellan, #kastellan, #stachus, #emeran_nusperger_zu_kalmperg",31,,,0.34838709677419355,3,0.8515496904196594,0.34838709677419355,3,0.8515496904196594,0.33251231527093594,4,0.7903718605037063,0.3522167487684729,3,0.8323475997923527,0.38,3,0.8481115434273329,0.34838709677419355,3,0.8515496904196594
hebbel-der-diamant,Der Diamant,Comedy,"#erster_kavalier, #zweite_dame, #der_prinz, #block, #jacob, #barbara, #die_hofmeisterin, #joerg, #kilian, #der_koenig, #der_graf, #benjamin, #doktor_pfeffer, #der_jaeger, #schlueter, #die_prinzessin, #dritte_dame, #zweiter_kavalier, #erste_dame, #koenigin",20,,,0.3736842105263158,3,0.9027777777777779,0.3736842105263158,3,0.9027777777777779,0.3736842105263158,3,0.9027777777777779,0.3736842105263158,3,0.9027777777777779,0.4358974358974359,3,0.8451770451770452,0.3736842105263158,3,0.9027777777777779
hebbel-genoveva,Genoveva,Tragedy,"#balthasar, #caspar, #margaretha, #drago, #katharina, #hans, #klaus, #mehrere_stimmen, #genoveva, #golo, #conrad, #siegfried, #tristan, #jude, #maler, #geist, #hildebrant, #edelknecht",18,,,0.46405228758169936,2,0.8479782744488626,0.5,2,0.8647862554112554,0.3904761904761905,3,0.8097273097273097,0.5416666666666666,2,0.8590596903096903,0.45098039215686275,2,0.8451518706420668,0.46405228758169936,2,0.8479782744488626
hebbel-gyges-und-sein-ring,Gyges und sein Ring,Tragedy,"#ein_diener, #gyges, #kandaules, #rhodope, #lesbia, #hero, #karna, #volk, #thoas",9,,,0.9722222222222222,2,0.9722222222222222,0.9722222222222222,2,0.9722222222222222,0.9722222222222222,2,0.9722222222222222,0.9722222222222222,2,0.9722222222222222,0.8888888888888888,2,0.9365079365079365,0.9722222222222222,2,0.9722222222222222
hebbel-herodes-und-mariamne,Herodes und Mariamne,Tragedy,"#sameas, #alexandra, #zweiter_koenig, #erster_koenig, #judas, #titus, #serubabel, #stimmen_im_hintergrund, #herodes, #mariamne, #joseph, #soemus, #ein_diener_5-8, #joab, #salome, #dritter_koenig, #ein_diener_2-5, #ein_diener_1-5, #moses, #ein_bote, #jehu, #ein_diener_1-3, #philo, #silo, #aaron, #artaxerxes, #ein_diener_2-4",27,,,0.2962962962962963,4,0.8421874542789575,0.322463768115942,3,0.8311082164023341,0.31076923076923074,4,0.8379317703412726,0.37662337662337664,3,0.8377604421722069,0.2987012987012987,4,0.835732449368813,0.2962962962962963,4,0.8421874542789575
hebbel-judith,Judith,Tragedy,"#zweiter_buerger_5, #erster_buerger_5, #einer_der_aeltesten_5, #wachen, #erster_buerger_3a, #der_aelteste_3, #ben, #der_andere, #ein_buerger_3b, #achior, #ephraim, #ein_weib, #zweiter_priester_5a, #ein_anderes_weib, #die_aeltesten, #mesopotamische_gesandte, #ein_hauptmann_1c, #erster_priester_5a, #eine_mutter, #volk_stimmen_im_volk_5, #ein_hauptmann_1b, #holofernes, #oberpriester_1a, #assad, #delia, #judith, #daniel, #hauptmann_1a, #ein_krieger, #ein_dritter_3, #ein_dritter_buerger_5, #weiber, #der_eine, #ein_anderer_3b, #einer_aus_dem_volke_3d, #ein_priester_5b, #priester_1b, #ein_priester_3, #josua, #mirza, #enkel, #ammon, #bote, #lybische_gesandte, #einer_im_volk_3c, #samaja, #hosea, #volk_stimmen_im_volk_3, #zweiter_buerger_3a, #trabant, #ein_hauptmann_4b, #einer_der_hauptleute_4a, #die_priester, #ein_anderer_der_vorige_3c, #einer_der_aeltesten_3, #kaemmerer, #samuel, #der_zweite_der_hauptleute_4a, #der_hauptmann_5",59,,,0.3699590882524839,2,0.9541372916404027,0.3699590882524839,2,0.9541372916404027,0.43865546218487395,2,0.9426446891126582,0.40324675324675324,2,0.9557287837948215,0.5319396051103368,2,0.9689450577184023,0.3699590882524839,2,0.9541372916404027
hebbel-kriemhilds-rache,Kriemhilds Rache,Tragedy,"#rumolt, #hagen, #hildebrant, #ruedeger, #gudrun, #volker, #giselher, #etzel, #gunther, #dankwart, #thuering, #werbel, #pilgrim, #dietrich, #goetelinde, #ein_heune, #iring, #kriemhild, #gerenot, #ute, #kaplan",21,,,0.5333333333333333,3,0.7700385593242736,0.625,2,0.7763503857253857,0.5333333333333333,3,0.7700385593242736,0.5473684210526316,3,0.7928206923795159,0.5105263157894737,3,0.7773909423909424,0.5333333333333333,3,0.7700385593242736
hebbel-siegfrieds-tod,Siegfrieds Tod,Tragedy,"#antwort_von_draussen, #ute, #volker, #giselher, #frigga, #rumolt, #kriemhild, #dankwart, #hagen, #kaplan, #siegfried, #gunther, #kaemmerer, #alle_sippen_bis_auf_giselher, #gerenot, #brunhild, #truchs, #wulf",18,,,0.5098039215686274,2,0.7398555148555148,0.5833333333333334,3,0.8106525419025419,0.49019607843137253,2,0.732909682909683,0.48366013071895425,3,0.7195289278622612,0.4857142857142857,3,0.6944973544973545,0.5098039215686274,2,0.7398555148555148
heiseler-die-kinder-godunofs,Die Kinder Godunófs,Tragedy,"#boris, #maria, #der_weissbart, #einer_4b, #schuiski, #moench, #erster_bojar_2, #bote_1c, #der_bote_1a, #diener_1b, #fiodor, #der_rotbart, #ksenja, #diener_1a, #galizin, #bassmanof, #ilja, #zweiter, #simeon, #bote_1b, #repnin, #erster_bojar_1, #der_irre, #irina, #eine_stimme, #arzt, #die_menge_geschrei_stimmen, #christian, #der_schwarzbart, #einer_4a, #zweiter_bojar",31,,,0.43870967741935485,2,0.9125849573439446,0.48307692307692307,2,0.9400000000000001,0.4753694581280788,2,0.9226759427303892,0.6123188405797102,2,0.9025688842050398,0.43655913978494626,2,0.9204164451749487,0.43870967741935485,2,0.9125849573439446
heiseler-peter-und-alexej,Peter und Alexéj,Tragedy,"#iwanuschka, #afrossja, #peter, #tolstoi, #gordon, #zweiter_bojar, #menschikof, #kammerdiener, #costa, #abram, #awdotja, #afanassjitsch, #kikin, #dritter_diener, #der_alte, #erster_diener, #alexej, #die_alten, #soldat, #katharina, #zweiter_diener, #mehrere_viele_alle_2, #erster_bojar, #alle_3, #dolgoruki, #dritter_bojar, #offizier, #mons, #glebof",29,,,0.5763546798029556,2,0.8725870754908868,0.691699604743083,2,0.8904395375791256,0.6340579710144928,2,0.9001317523056653,0.563076923076923,2,0.8930945141814708,0.5763546798029556,2,0.8725870754908868,0.5763546798029556,2,0.8725870754908868
heyse-don-juans-ende,Don Juan's Ende,Tragedy,"#don_juan, #biondetta, #martina, #der_alte_fischer, #graefin, #wirth, #der_moench, #diener, #prozession, #leporello, #gianotto, #zweiter_strolch, #ghita, #stimmen, #erster_strolch",15,,,0.49523809523809526,3,0.8404003404003404,0.47619047619047616,3,0.8412739112739113,0.4857142857142857,3,0.8430328930328931,0.5384615384615384,3,0.8392341785198928,0.37362637362637363,2,0.7364076399790686,0.49523809523809526,3,0.8404003404003404
hofmannsthal-der-turm,Der Turm,Tragedy,"#sigismund, #der_mann_auf_der_erde, #einer_4f, #einer_4i, #ein_anderer_4b, #eine_alte_frau, #einer_4j, #ein_anderer_4c, #ein_alter, #olivier, #reiterbub, #der_aelteste_bannerherr, #ein_anderer_herr_5a, #julian, #aron, #ein_anderer_4g, #einer_4h, #graf_adam, #arzt, #jeronim, #ein_fuenfter, #eines_pagen_stimme, #ein_dritter_junger_hoefling_3c, #eine_andere_stimme, #ein_anderer_4e, #indrik, #anton, #die_herren, #einer_4d, #ein_dritter_4b, #eine_stimme, #der_eine_diener, #pankraz, #ein_anderer_4h, #der_stelzbeinige, #hoeflinge, #hoefling_3e, #der_erste_knabe, #einer_der_hoeflinge_2-1c, #junger_bruder, #zwei_andere, #dritter_hoefling, #reiter, #woiwod, #ein_anderer_4a, #ein_greis, #beichtiger, #stimmen_viele_mehrere_andere_einige, #einer_der_herren_5a, #einer_vom_volk, #ein_anderer_der_herren_5c, #einer_der_herren_5c, #ein_anderer_5b, #einer_der_herren_5b, #einer_4b, #kaemmerer, #stallmeister, #ein_anderer_4l, #junger_kaemmerer, #ein_anderer_4f, #alle, #ein_anderer_4i, #einer_4a, #einer_4g, #ein_anderer_bannerherr, #ein_anderer_junger_hoefling_3b, #einer_der_juengeren_bannerherren, #pagen, #die_kauernde_zigeunerin, #pfoertner, #einer_der_hoeflinge_2-1b, #ein_anderer_4j, #ein_anderer_4d, #einer_4c, #gesang_chor, #ein_anderer_4k, #bettler, #einer_4e, #ein_zweiter, #ein_alter_mit_einem_stelzbein, #der_kinderkoenig, #simon, #ein_hoefling_2-1a, #der_zweite_knabe, #erster_hoefling, #grossalmosenier, #zweiter_hoefling, #die_aufrechte_zigeunerin, #das_volk, #hoefling_3a, #ein_hoefling_3d, #koenig, #kastellan, #ein_dritter_4a, #rekrut, #andreas, #baeuerin",97,,,0.31507731958762886,3,0.9532155290880571,0.4151898734177215,2,0.9509725937278715,0.38181270701595904,3,0.9630206958504227,0.35944700460829493,3,0.9483845197367493,0.369620253164557,3,0.9669395431432498,0.31507731958762886,3,0.9532155290880571
hofmannsthal-der-unbestechliche,Der Unbestechliche,Comedy,"#marie, #theodor, #die_jungfer, #beschliesserin, #baronin, #general, #jaromir, #melanie, #anna, #gaertner, #der_kleine_jaromir, #hermine, #kutscher",13,,,0.6282051282051282,2,0.7606449106449106,0.6153846153846154,2,0.7562437562437563,0.6282051282051282,2,0.7606449106449106,0.6153846153846154,2,0.7764513264513264,0.48717948717948717,3,0.7092740592740593,0.6282051282051282,2,0.7606449106449106
holz-ignorabimus,Ignorabimus,Tragedy,"#die_erscheinung, #dufroy, #stimme, #georg, #marianne, #onkel_ludwig, #uexkuell",7,,,1.0,1,1.0,1.0,1,1.0,1.0,1,1.0,1.0,1,1.0,1.0,1,1.0,1.0,1,1.0
holz-sonnenfinsternis,Sonnenfinsternis,Tragedy,"#der_praesident_der_sezession, #la_bella_cenci, #url, #hollrieder, #musmann, #lipsius",6,,,0.9333333333333333,2,0.9333333333333332,0.9333333333333333,2,0.9333333333333332,1.0,1,1.0,0.9333333333333333,2,0.9333333333333332,0.9333333333333333,2,0.9333333333333332,0.9333333333333333,2,0.9333333333333332
holz-sozialaristokraten,Sozialaristokraten,Comedy,"#bellermann, #styczinski, #gendarm, #gehrke, #naphtali, #fiebig, #dienstmann, #meischen, #junge, #werner, #frau_fiebig, #amtsvorsteher, #anna, #schwabe, #hahn, #waschfrau",16,,,0.7333333333333333,2,0.8814178876678876,0.7523809523809524,2,0.8914862914862915,0.8181818181818182,2,0.8985690235690237,0.7714285714285715,2,0.8959262959262959,0.7333333333333333,2,0.8814178876678876,0.7333333333333333,2,0.8814178876678876
iffland-das-gewissen,Das Gewissen,Tragedy,"#rathing, #geheimerrath, #friedrike, #mamsell_bollfeld, #frau_rathing, #amtmann, #controleur, #rath, #sekretaer, #heinrich",10,,,0.8888888888888888,2,0.9055555555555556,0.8444444444444444,2,0.8660317460317459,0.8666666666666667,2,0.9011904761904763,0.7777777777777778,2,0.8389682539682539,0.7555555555555555,2,0.8146031746031746,0.8888888888888888,2,0.9055555555555556
iffland-figaro-in-deutschland,Figaro in Deutschland,Comedy,"#leopoldine, #greif, #jakob, #stock, #willner, #baronesse, #ludwig, #figaro, #friedrich, #bardenrode, #hyazinth, #baptist, #christoph, #bediente, #der_alte_bauer, #bedienter, #laufer",17,,,0.6691176470588235,2,0.8514847897200838,0.5955882352941176,2,0.7953324453324454,0.6397058823529411,3,0.8510626628273688,0.7619047619047619,2,0.8498971398971399,0.7,2,0.828556166056166,0.6691176470588235,2,0.8514847897200838
immermann-andreas-hofer,"Andreas Hofer, der Sandwirt von Passeier",Tragedy,"#ein_offizier, #fleury, #raynouard, #paraguay, #die_rainer, #mehrere_tiroler_alle_2-8, #andreas_hofer, #vizekoenig, #elsi, #erstes_kind, #weib_tirolerin, #baerbel, #donay, #la_coste, #fallern, #heinrich, #etschmann, #mathis, #speckbacher, #ein_bote, #ein_anderer, #einer_2-9b, #herzog, #einer_2-9a, #volk, #zweites_kind, #eisenstecken, #mayer, #die_andern, #der_tiroler_1-9, #ein_tiroler_4-1, #haspinger, #alle_2-9, #frau_straubing, #ein_page, #legationsrat, #ein_kabinettssekretaer, #kanzler, #johann",39,,,0.13900134952766532,4,0.7944855466594597,0.1625615763546798,5,0.7524251610458507,0.15873015873015872,4,0.7773593422144147,0.1592741935483871,4,0.8049008283383283,0.14714714714714713,4,0.8263172263172263,0.13900134952766532,4,0.7944855466594597
immermann-das-gericht-von-st-petersburg,Das Gericht von St. Petersburg,Tragedy,"#peter, #tolstoi, #menzikof, #die_senatoren, #alexis, #mons, #der_nachbar, #erster_tuersteher, #die_generale, #theophanes, #zwei_deputierte_mehrere_alle, #der_bote, #therese, #jaguschinsky, #danilow, #gordon, #die_geistlichen, #ein_general, #ostermann, #der_sekretaer_4-4, #katharina, #anna, #schaphirow, #arzt, #sekretaer_4-5, #andre_alle_allgemeiner_ruf, #die_uebrigen, #einer_1-1a, #euphrosyne, #schepelew, #aaron, #ein_andrer_1-1, #einige_andre_alle, #ein_dritter_1-1, #einer_1-1b, #dentschik, #alle_5-2, #costa, #zweiter_tuersteher",39,,,0.23481781376518218,5,0.7862692364395151,0.25225225225225223,5,0.8009849677187139,0.24039829302987198,5,0.82283524610924,0.19576719576719576,4,0.7129026610644258,0.2523809523809524,4,0.7796453279167417,0.23481781376518218,5,0.7862692364395151
kleist-die-familie-schroffenstein,Die Familie Schroffenstein,Tragedy,"#gertrude, #ottokar, #jeronimus, #chor_der_juenglinge, #eustache, #rupert, #sylvius, #santing, #ein_diener_2-3, #johann, #chor_der_maedchen, #ein_diener_1-1, #ein_ritter, #sylvester, #ein_knappe, #gaertner, #alle_5-1, #die_kammerzofe, #aldoebern, #ursula, #theistiner, #agnes, #fintenring, #barnabe, #ein_diener_4-1, #ein_diener_3-2, #der_wanderer, #zweiter_wanderer, #kirchenvogt",29,,,0.42857142857142855,3,0.8662617703436304,0.4444444444444444,3,0.8701394849597838,0.48615384615384616,3,0.8666603784667609,0.5076923076923077,2,0.8655654283928873,0.31054131054131057,3,0.8306744695633584,0.42857142857142855,3,0.8662617703436304
klingemann-faust,Faust,Tragedy,"#dritter_student, #faust, #der_fremde, #gerichtsdiener, #studenten, #erster_student, #stimme_heftig_von_aussen, #erste_maske, #zweiter_student, #helene, #wagner, #choralartiger_gesang, #anfuehrer, #zweiter_leichentraeger, #diether, #erster_leichentraeger, #dritte_maske, #zweite_maske, #kaethe, #dumpfe_stimme",20,,,0.2631578947368421,3,0.743970588235294,0.28654970760233917,3,0.7844169246646027,0.25833333333333336,3,0.7040521978021977,0.2578947368421053,3,0.7103104575163399,0.45454545454545453,2,0.7212481962481961,0.2631578947368421,3,0.743970588235294
klinger-das-leidende-weib,Das leidende Weib,Tragedy,"#gesandtin, #malchen, #von_brand, #gorg, #franz, #betchen, #zweiter_schoener_geist, #louise, #louis, #geheimderat, #fraenzchen, #lieschen, #eins_der_kinder, #laeufer, #gesandter, #unbekannter, #blum, #magister, #erster_schoener_geist, #suschen, #kinder, #magd, #sophchen, #bedienter, #doktor, #hofmeister, #julie",27,,,0.2564102564102564,4,0.6931264209041986,0.2676923076923077,4,0.7058080808080808,0.29333333333333333,4,0.762040404040404,0.26461538461538464,4,0.7288683538683538,0.2523076923076923,4,0.7255328005328004,0.2564102564102564,4,0.6931264209041986
klinger-die-zwillinge,Die Zwillinge,Tragedy,"#ferdinando, #grimaldi, #camilla, #bediente, #alter_guelfo, #guelfo, #galbo, #amalia",8,,,0.75,2,0.875,0.7619047619047619,2,0.8666666666666666,0.75,2,0.875,0.7619047619047619,2,0.8666666666666666,0.75,2,0.875,0.75,2,0.875
kotzebue-der-wirrwarr,"Der Wirrwarr, oder der Muthwillige",Comedy,"#fritz, #major, #selicour, #frau_von_langsalm, #doris, #der_nachtwaechter, #herr_von_langsalm, #babet, #frau_krick, #lafleur",10,,,0.6222222222222222,2,0.7920634920634921,0.6222222222222222,2,0.7920634920634921,0.6222222222222222,2,0.7920634920634921,0.75,2,0.8968253968253967,0.5833333333333334,2,0.7552910052910052,0.6222222222222222,2,0.7920634920634921
kotzebue-die-spanier-in-peru,"Die Spanier in Peru, oder: Rollas Tod",Tragedy,"#cora, #zweiter_soldat_5-2, #ein_indianer_2-7b, #die_indianer_viele_stimmen_das_volk_2-7_und_2-8, #ein_indianer_2-4, #gomez, #davila, #ein_dritter_peruaner_3-1a, #ein_anderer_peruaner_3-1a, #ein_weib_3-1e, #ein_weib_3-1d, #ataliba, #alonzo, #valverde, #der_alte_cazike, #wachsoldat_4-2_4-6_4-9, #ein_weib_3-1b, #ein_weib_3-1c, #pizarro, #ein_soldat_5-5, #der_andere_soldat_5-5, #rolla, #ein_anderer_soldat_5-6, #das_zweite_weib_3-1, #das_volk_2-3, #chor_der_priester, #das_erste_weib_3-1, #ein_anderer_2-8, #greis, #xuliqua, #die_weiber_3-1_und_3-2, #eines_der_weiber_3-1a, #almagro, #ein_peruaner_3-1a, #las_casas, #ein_indianer_2-8, #elvira, #das_dritte_weib_3-1, #ein_indianer_2-7a, #knabe, #erster_soldat_5-2_und_5-6, #gonzalo, #ein_soldat_2-6, #hoefling_4-16_und_4-17, #ein_soldat_5-6, #diego, #ein_peruaner_5-9, #die_wache_1-3, #alle_1-4",49,,,0.1879251700680272,4,0.8707500730388147,0.25177809388335703,4,0.8635530868747424,0.2015873015873016,4,0.8341338126131391,0.19888991674375578,4,0.869986070564239,0.2264808362369338,4,0.8805492067599542,0.1879251700680272,4,0.8707500730388147
kotzebue-pagenstreiche,Pagenstreiche,Comedy,"#kaetchen, #stiefel, #berg, #trudchen, #christine, #page, #baron, #hanns, #busch, #kreuzqueer, #heldensinn, #ein_bedienter, #deborah, #thal, #brennessel, #annlieschen",16,,,0.7916666666666666,2,0.8683441558441558,0.7916666666666666,2,0.8683441558441558,0.7666666666666667,2,0.8508130758130757,0.7333333333333333,2,0.8511755605505605,0.7083333333333334,2,0.7785017066267066,0.7916666666666666,2,0.8683441558441558
kraus-die-letzten-tage-der-menschheit,Die letzten Tage der Menschheit,Tragedy,"#ein_anderer_oberleutnant_5-55c, #ein_ulanenoberleutnant_5-55, #zwei_konsuln_v-10_und_5-52, #hans_mueller, #ein_oberleutnant_5-55e, #der_artilleriereferent_5-55, #ein_hauptmann_5-55a, #der_alte_serbische_bauer_5-55, #ein_kollege_des_betrunkenen_funktionaers_3-45, #ein_betrunkener_3-45, #ein_eigenbroetler_4-1, #zweiter_zeitungsausrufer_4-1, #ein_passant_1-1a, #ein_zeitungsausrufer_1-1d, #der_beobachter_1-26, #die_schalek, #ein_zeitungsausrufer_1-1a, #der_zweite_reporter_1-1, #die_lusitania-kinder_5-55, #lionardo_da_vinci_5-55, #ein_passant_1-1b, #fuenfter_1-1, #einer_aus_der_menge_1-1c, #der_abonnent, #ein_vertreter_der_korrespondenz_wilhelm_2-8, #ein_alter_abonnent_der_neuen_freien_presse, #vierter_kurgast_4-33, #vier_burschen_und_vier_maedchen, #ein_zeitungsausrufer_1-1b, #der_rittmeister_5-55, #ein_oberleutnant_5-55b, #die_flammen_5-55, #die_kriegshunde_5-55, #brockhausen_1-6, #einer_1-6, #dritter_1-8, #zweiter_1-8, #fuenfter_zeitungsausrufer_3-1, #erster_offizier_sirk-ecke, #einer_1-1, #ein_armeelieferant_1-1_und_3-1, #der_oberauditor_5-55, #die_kapelle_5-55, #vierter_offizier_sirk-ecke, #eine_stimme_1-1b, #ein_zweiter_oberleutnant_5-55d, #oberleutnant_iwaschko_5-55, #fraeulein_loewenstamm, #ein_leutnant_5-55c, #wowes_5-55, #erster_kriegsberichterstatter, #oberleutnant_von_zakrychiewicz_5-55, #hofraetin_schwarz-gelber, #hofrat_stukart_v-10_und_5-52, #ein_anderes_maedchen_1-1, #siebenter_1-1, #der_oberintendant_5-55, #dritter_aus_der_menge_1-6, #die_menge_1-6, #ein_k-offizier_5-55, #aufrichtig_5-25, #bestaendig_5-25, #dritter_1-1, #ein_reporter_2-1, #der_wucherer_2-1, #der_noergler, #der_portier_4-3, #der_knabe_merores, #der_knabe_braunshoer, #doermann_3-9, #der_hauptmann_3-9, #der_aelteste_abonnent, #achter_1-1, #ein_wachmann_1-1, #der_zweite_armeelieferant_1-1_und_3-1, #eine_weibliche_stimme_1-1, #der_preussische_oberst_5-55, #der_deutsche_generalstabsoffizier_5-55, #ein_maedchen_1-1, #der_oberstabsarzt_5-55, #ein_preussischer_hauptmann_5-55b, #der_ungeborene_sohn_5-55, #das_garderobepersonal_5-27, #ein_generalstäbler_5-27, #eine_bonne_3-40a, #mariechen_3-40, #ein_passant_1-1, #die_frau_des_passanten_1-1, #schwester_paula_5-55, #die_offiziere_5-55, #das_oesterreichische_antlitz_4-3_und_5-55, #feuerbefehl_5-55, #der_irrsinnige_4-7, #professor_zuntz_4-7, #der_kompagnon_1-7_und_1-10, #der_zahlkellner_eduard_v-2_und_1-10, #die_tochter_5-25, #ein_zeitungsausrufer_2-1c, #ein_zeitungsausrufer_2-1b, #ein_wiener_4-3, #ein_oberleutnant_5-55h, #ein_oberleutnant_5-55a, #das_maedchen_5-43, #ein_anderer_redner_5-43, #eine_gruppe_singend_1-1, #ein_zweiter_passant_1-1a, #ein_anderer_5-43, #ein_aufwiegler_5-43, #kondor_5-25, #ein_kellner_5-25, #der_tote_wald_5-55, #frau_kommerzienrat_wahnschaffe_3-40_und_4-22, #walter_3-40, #ein_hausmeister_1-1, #ein_anderer_oberleutnant_5-55e, #krickwitz_4-37, #erster_general_4-37, #ein_getreuer_des_semmering_2-9, #gross_2-9, #der_neunzehnjaehrige_angeklagte_5-55, #die_mutter_5-55, #hauptmann_koudjela_5-55, #schwester_ludmilla_5-55, #ein_generalmajor_5-55, #hauptmann_kurzbauer_5-55, #einer_der_richter_5-55, #ein_artillerieoffizier_2-7, #zweiter_1-1, #ein_zeitungsausrufer_1-1c, #poldi_fesch, #dritter_zeitungsausrufer_4-1, #ein_demonstrant_1-1, #zweiter_kriegsberichterstatter, #der_erste_verehrer_der_reichspost, #ein_oberleutnant_5-55c, #der_erste_agent_1-1, #der_zweite_verehrer_der_reichspost, #sohn_3-40a, #guste_3-40, #dritter_general_4-37, #ein_preussischer_leutnant_5-55, #ein_oberleutnant_5-55f, #der_vorstand_des_aerzteausschusses_von_gross-berlin_4-7, #eine_stimme_4-7a, #die_zwoelfhundert_pferde_5-55, #eine_stimme_aus_der_menge_1-1, #der_greisler_2-11, #eine_aus_der_menge_2-11, #ein_preussischer_hauptmann_5-55a, #trainrittmeister_bellak_5-55, #frau_bachstelz_2-18, #der_saeugling_2-18, #ein_leutnant_5-55b, #ein_preussischer_oberleutnant_5-55, #der_einundzwanzigjaehrige_angeklagte_5-55, #der_buchhaendler_hugo_heller_v-10_und_5-52, #ein_kleiner_junge_5-55, #ein_herr_5-43, #die_raben_5-55, #leutnant_petricic_5-55, #putzker_5-52, #gluecksmann_v-10_und_5-52, #der_oesterreichische_oberst_5-55, #der_verzehrungssteuerbeamte_1-13, #ein_wiener_1-13, #ein_maedchen_3-1, #ein_maederl_3-1, #professor_boas_4-7, #zweite_stimme_4-7, #dame_2-17, #der_blumenmann_2-17, #ein_oberleutnant_5-55g, #ein_leutnant_5-55a, #ein_zweiter_preussischer_oberleutnant_5-55, #der_diensthabende_generalstabsoffizier_5-55, #ein_intellektueller_1-1, #ein_dritter_puelcher_1-1, #ein_dritter_1-1b, #die_toilettefrau_5-25, #schlechtigkeit_5-25, #ein_goettergatte_5-43, #kohn_5-27, #der_besitzer_5-27, #der_general_5-55, #ein_oberleutnant_5-55d, #ein_oberstleutnant_5-55, #dritter_grenadier_2-1, #der_zweiter_reporter_2-1, #haenschen_3-40, #drei_kaiserliche_raete_v-10_und_5-52, #ein_puelcher_1-1b, #ein_unteroffizier_3-31, #ein_offizier-stellvertreter_3-31, #hans_adalbert_3-40, #jochen_3-40, #das_blumenweib_2-17, #herr_2-17, #zweiter_offizier_sirk-ecke, #vierter_1-1, #ein_amerikaner_vom_roten_kreuz_1-1, #fraeulein_koermendy, #turi_5-1, #ein_zweiter_spaziergaenger_4-1, #eine_komtesse_4-1, #die_freundin_des_intellektuellen_1-1, #ein_deutscher_hauptmann_5-55, #annemariechen_3-40, #marga_3-40, #zweiter_wachmann_2-11, #ein_zweiter_2-11, #ein_besonnener_1-1, #sektionschef_wilhelm_exner_v-10_und_5-52, #hofrat_schwarz-gelber, #der_fiaker_1-1, #der_erste_reporter_1-1, #ein_tuerke_1-1, #eine_stimme_5-52b, #der_agent_2-1, #erster_grenadier_2-1, #ein_polnischer_jude_2-1, #mehrere_verschiedene_stimmen_rufe_5-55, #ein_bettelbub_1-1, #ein_wiener_1-1, #ein_hauptmann_5-55b, #ein_zeitungsausrufer_1-1e, #ein_anderer_1-1a, #der_lehrer_zehetbauer, #der_knabe_zitterer, #stimmen_hastig_eintretender_5-25, #mammut_5-25, #ein_soldat_3-31, #ein_landsturmmann_3-31, #brauchbar_5-25, #vortrefflich_5-25, #praesident_landesberger_von_der_anglobank_v-10_und_5-52, #der_herr_3-40, #frau_back_von_bruennerherz_4-1, #der_fiaker_4-1, #ein_zweiter_richter_5-55, #ein_kurgast_4-33, #dritter_kurgast_4-33, #ein_dritter_1-1a, #der_bursche_5-55, #ein_anderer_oberleutnant_5-55b, #gutwillig_5-25, #kaiman_5-25, #ein_dritter_wiener_4-3, #klaus_3-40, #eine_andere_stimme_5-52a, #gouverneur_sieghart_v-10_und_5-52, #ein_anderer_passant_1-1b, #zweiter_kellner_2-17, #kellner_2-17, #das_geschrei_5-25, #loew_5-25, #willichen_3-40, #dritter_schieber_2-1, #ein_begleiter_5-43, #eine_gruppe_5-43, #bermann_2-1, #ein_berliner_schieber_2-1, #ein_hauptmann_5-55d, #schakal_5-25, #ein_juengerer_wucherer_5-25, #der_dienstmann_2-1, #zweiter_schieber_2-1, #ein_zweiter_puelcher_1-1, #eine_andere_stimme_5-52b, #eine_stimme_5-52a, #eine_stimme_1-1a, #ein_hauptmann_3-31, #der_zensuroffizier_3-31, #drittes_gemeindeorgan_2-1, #die_weiblichen_hilfskraefte_5-55, #hamster_5-25, #der_telephonoffizier_5-55, #der_geschaeftsfuehrer_5-25, #ein_zweiter_freund_5-25, #der_zweite_offizier_3-45, #zawadil_v-10_und_5-52, #ein_redakteur_5-52, #posamentier_5-25, #sechster_1-1, #ein_vierter_1-1a, #dritte_stimme_4-7, #dritter_mann_2-11, #fuenfter_mann_2-11, #erstes_gemeindeorgan_2-1, #ein_siebenter_1-1, #ein_offizier_3-45, #frieda_morelli_3-45, #gollerstepper_5-25, #baby_fanto_4-33, #der_alte_korngold_4-33, #hirsch_5-25, #die_menge_2-1, #frau_pogatschnigg_3-11_und_4-22, #stimme_eines_kutschers_1-1, #der_feldkurat_5-55, #dritter_offizier_sirk-ecke, #der_fahrgast_1-1, #ein_gast_2-17, #ein_kellnerjunge_2-17d, #der_puelcher_1-1a, #zweiter_zeitungsausrufer_1-1, #walross_5-25, #ein_zwerghafter_zeitungsjunge_2-17, #ein_zeitungsausrufer_5-43c, #die_menge_1-1, #dangl_2-9, #der_generaldirektor_2-9, #cafetier_riedl_v-10_und_1-17_und_5-52, #der_psychiater_4-7, #ein_zeitungsausrufer_5-43a, #ein_zweiter_aus_der_menge_1-1b, #der_kollege_2-8, #die_gasmasken_5-55, #ein_dritter_oberleutnant_5-55, #die_klasse_1-9_und_5-23, #der_knabe_wunderer_rudolf, #zieselmaus_5-25, #ein_gebildeter_1-1, #sein_freund_5-43, #dolly_3-40, #ein_hauptmann_5-55c, #der_metzgergehilfe_5-45, #der_zweite_offizier_5-45, #der_major_5-55, #der_kurzwarenhaendler_1-7_und_1-10, #der_ministerpraesident_v-2_und_1-10, #ein_spaziergaenger_4-1, #das_riesenbaby_4-1, #erster_1-8, #der_cafetier_1-8, #zweiter_kellnerjunge_2-17, #gruesser_2-17, #ein_sechster_1-1, #trudchen_3-40, #die_mutter_3-40, #sohn_3-40b, #ein_redner_5-43, #ein_aelterer_herr_5-43, #der_knabe_wunderer_karl, #rolf_rolf_3-45, #geza_von_lakkati_de_nemesfalva_et_kutjafelegfaluszeg_5-55, #der_onkel_5-25, #ein_fuenfter_1-1, #leguan_5-25, #zweiter_herr_4-1, #dobner_von_dobenau_v-10_und_5-52, #ein_eingeweihter_4-3, #ein_sechster_wiener_4-3, #vater_3-40b, #ein_zeitungsausrufer_3-1, #eine_andere_gruppe_5-43, #ein_intellektueller_2-1, #dr_charas_v-10_und_5-52, #angelo_eisner_von_eisenhof, #die_goettergattin_5-43, #ein_standschuetze_1-26, #eine_ordonnanz_1-26, #das_toechterchen_3-40, #der_eine_invalide_3-40, #flora_dub_v-10_und_5-52, #ein_vierter_1-1b, #erster_schieber_2-1, #ein_krueppel_3-1, #winfried_hromatka_3-11, #pogatschnigg_3-11, #erster_junger_mann_3-25, #zweiter_junger_mann_3-25, #die_erfrorenen_soldaten_5-55, #nepalleck, #der_optimist, #ein_freund_5-25, #ein_juengling_5-26, #ein_zeitungsausrufer_5-26, #der_patriot, #die_stimme_des_erzherzogs_karl_franz_josef_2-8, #ein_pionier_3-31, #eine_zweite_frau_2-11, #mastodon_5-25, #spitzbauch_5-25, #alle_3-45, #eine_dritte_stimme_5-52a, #eine_dritte_stimme_5-52b, #ein_dritter_redner_5-43, #spielvogel_v-10_und_5-52, #ein_dicker_schieber_5-43, #der_restaurateur_5-43, #ein_zweiter_oberleutnant_5-55a, #einer_aus_der_menge_1-1b, #eine_zweite_stimme_5-52, #der_andere_invalide_3-40, #rufe_4-3, #der_erste_1-11, #ein_zeitungsausrufer_1-11, #ein_intellektueller_4-1, #ottomar_wilhelm_wahnschaffe_3-40, #rufe_2-11, #eine_dame_5-43, #ein_junger_mann_mit_guertelrock_5-43, #der_knabe_habetswallner, #ein_feschak_5-43, #magog_5-50, #elschen_5-50, #ein_offizier_4-37a, #die_menge_2-20, #ein_oberleutnant_2-20, #hauptmann_prasch_5-55, #eine_stimme_5-52c, #ein_kanonier_3-31, #die_sturmkolonne_3-31, #sein_begleiter_4-1, #der_zweite_wachmann_5-45, #das_maedchen_5-45, #der_knabe_anderle, #ein_zeitungsausrufer_5-39, #erzherzog_max_5-39, #ein_stabsarzt_3-31, #kasmader_3-11, #homolatsch_3-11, #lenzer_von_lenzbruck_4-1, #dohna_4-45, #ein_vertreter_der_presse_4-45b, #die_frau_5-25, #ein_berliner_exporteur_4-1, #rufe_menge_5-43, #bambula_von_feldsturm_2-17, #kellnerjunge_2-17a, #august_3-40, #der_zweite_agent_1-1, #bob_schlesinger_4-33, #wachtmeister_wagenknecht_1-25, #feldwebel_sedlatschek_1-25, #einer_5-43, #ein_vizefeldwebel_3-31, #die_prostituierte_1-1, #die_generale_4-37, #zweiter_general_4-37, #der_dritte_offizier_5-45, #der_knabe_wottawa, #ein_mitglied_des_kriegspressequartiers_2-5, #eine_stimme_aus_dem_hintergrund_2-5, #einer_aus_der_menge_1-1a, #der_alte_schieber_5-25, #raubitschek_5-25, #ein_zeitungsausrufer_2-1a, #der_generalmajor_3-31, #ein_offizier_4-37b, #klein_2-9, #ein_weib_3-1, #vierter_zeitungsausrufer_3-1, #ein_kellnerjunge_2-17b, #paulinchen_3-40, #eine_offiziersgattin_4-1, #pavian_5-25, #fuechsl_1-14, #elfriede_ritter_1-14, #der_zahlkellner_2-17, #paulchen_3-40, #der_knabe_kotzlik, #wolf_5-25, #stimme_eines_skeptikers_5-43, #professor_puppe_5-7, #pastor_bruestlein_5-7, #der_kaiserliche_rat, #stimme_eines_zeitungsausrufers_5-1a, #vierter_kellner_2-17, #ein_stammgast_2-17, #der_adjutant_4-37, #eine_stimme_3-11, #ein_gefreiter_3-31, #chor_der_rufer_5-26, #ein_vierter_wiener_4-3, #pflanzer-baltin_1-16, #ein_adjutant_pflanzer-baltins_1-16, #der_vertreter_der_film-gesellschaft_5-43, #der_kollege_des_regimentsarztes_3-45, #zweiter_aus_der_menge_1-6, #zwei_maedchen_2-17, #ein_oberleutnant_3-31, #der_friseur_1-6, #der_prinz_zu_lippe_4-8, #der_assistent_4-8, #zweiter_junger_mann_3-27, #erster_junger_mann_3-27, #stimme_eines_zeitungsausrufers_5-1b, #eine_fluesternde_stimme_5-1, #ein_leutnant_3-31, #frau_funk-feigl_2-18, #dritte_frau_2-11, #vierte_frau_2-11, #ein_regimentsarzt_5-55, #fettkoeter_5-27, #eine_mutter_5-52, #ein_ungarischer_viehhaendler_3-45, #zweites_gemeindeorgan_2-1, #zwei_frauen_2-17, #eine_kolporteurin_2-17, #tugendhaft_5-25, #tapir_5-25, #vater_3-40a, #die_bettlerin_2-18, #lustig_5-25, #eine_stimme_4-7b, #doktor_kunze_2-8, #dritter_kellner_2-17, #das_maedchen_links_5-27, #kompagniefuehrer_hiller_4-38_und_4-39, #ein_soldat_4-38, #der_knabe_suessmandl, #der_stammgast_3-45, #ein_regimentsarzt_3-45, #der_alte_biach, #ein_herr_4-1, #kernstock_3-32, #ein_kernstock-verehrer_3-32, #ein_betrunkener_generalstaebler_5-27, #nashorn_5-25, #ein_betrunkener_funktionaer_des_roten_kreuzes_3-45, #der_knabe_2-18, #eine_groehlende_stimme_4-35, #katzenellenbogen_4-35, #zweiter_kurgast_4-33, #sukfuell_v-10_und_5-52, #der_ungenannt_sein_wollende_herr_oberleutnant_2-8, #dritter_zeitungsausrufer_3-1, #ein_zeitungsausrufer_5-43b, #vierter_mann_2-11, #ein_wachmann_2-11, #eine_bonne_3-40b, #die_tochter_5-52, #fallota, #schutzmann_buddicke_4-7, #der_besitzer_des_nachtlokals_3-45, #zweiter_grenadier_2-1, #ein_flieger_3-31, #frau_rosenberg_2-18, #wilhelm_ii_4-37, #der_doktor_1-7_und_1-10, #ein_zeitungsausrufer_2-1d, #der_leutnant_5-40, #der_soldat_5-40, #der_major_5-32, #der_gefreite_5-32, #weiss_2-1, #der_feldkurat_anton_allmer_2-6_und_2-7, #der_knabe_sukfuell, #alle_2-14, #von_dreckwitz_2-14, #das_maedchen_rechts_5-27, #paul_goldmann_4-25, #hindenburg_4-25, #kleinecke-berlin_4-20, #steinecke-hannover_4-20, #sechzehn_kraftfahrer_3-31, #ein_kriegsfreiwilliger_3-31, #ein_fliegerbeobachter_3-31, #eine_zweite_dame_5-43, #ein_blumenweib_5-1, #der_offizier_5-45, #der_inspektionsoffizier_5-45, #der_zweite_cafetier_1-17, #zweiter_zeitungsausrufer_3-1, #birinski_v-10_und_5-52, #dritter_gast_2-17, #friedjung_1-6, #der_knabe_czeczowiczka, #ein_fluechtling_1-22, #der_nachbar_3-13, #der_staatsanwalt_3-13, #der_herr_1-18, #feldwebel_weiguny_1-18, #stimme_eines_zeitungsausrufers_5-1c, #ein_militaermusiker_3-31, #padde_4-27, #kladde_4-27, #dankl_1-16, #auffenberg_1-16, #leopold_andrian_1-19, #hugo_von_hofmannsthal_1-19, #ein_berliner_schieber_5-26, #der_offizier_1-26, #ein_kompagnieführer_3-31, #ein_missvergnuegter_5-7, #ein_getreidehaendler_3-45, #der_invalide_2-23, #der_revolverjournalist_2-23, #eine_alte_frau_2-11, #ein_mann_2-11, #eine_zeitungsfrau_1-25, #ein_spekulant_1-25, #alt_2-9, #chor_der_kellner_5-27, #der_knabe_praxmarer, #ein_soldat_1-3, #der_hauptmann_1-3, #frau_pollatschek_2-18, #der_journalist_3-22, #erster_alter_general_3-22, #der_entrepreneur_2-8, #die_dame_3-19, #der_zweite_3-19, #der_knabe_fleischanderl, #halberstam_1-14, #ein_vertreter_der_presse_4-45a, #die_vertreter_der_presse_4-45, #ein_schwerverwundeter_4-13, #ein_waerter_4-13, #vierter_general_4-37, #der_zweite_fluechtling_1-22, #dritte_deutsche_modedame_4-23, #erste_deutsche_modedame_4-23, #suse_3-40, #rufe_2-7, #ein_generalstaebler_2-16_und_3-22_und_5-13, #ein_blumenweib_4-1, #die_toilettefrau_5-27, #erzherzog_friedrich_2-28_und_3-23, #der_adjutant_3-23, #einer_aus_dem_auditorium_3-13, #ludendorff_4-25, #der_erste_cafetier_1-17, #der_dritte_cafetier_1-17, #der_knabe_gasselseder, #der_zweite_1-11, #ein_soldat_5-37, #das_publikum_2-8, #ein_fuenfter_wiener_4-3, #eine_stimme_aus_der_gruppe_4-45, #kellnerjunge_2-17c, #ein_zweiter_wiener_4-3, #eine_stimme_3-45, #professor_rosenfeld-breslau_4-7, #conrad_von_hoetzendorf_1-24, #skolik_1-24, #haymerle_4-21, #der_redakteur_4-21, #ein_galizisches_fluechtlingspaar_1-13, #die_schreibkraft_5-20, #ein_hauptmann_5-20, #general_gloirefaisant_5-15, #oberst_meurtrier_5-15, #die_steffi_5-43, #jung_2-9, #der_kamerad_5-16, #fritzi-spritzi_5-27, #die_schreibkraft_5-21, #ein_faehnrich_5-21, #die_kurgaeste_5-9, #der_kellner_1-17, #ein_wiener_schieber_5-26, #ein_zeitungsausrufer_1-22, #die_oberstensgattin_3-29, #der_oberst_3-29, #die_generalstaebler_chor_der_generalstaebler_5-27, #ein_zuhoerer_3-36, #zweite_deutsche_modedame_4-23, #ablass_5-10, #zulauf_5-10, #die_journalisten_2-31, #der_oberst_5-37, #zweiter_soldat_5-37, #ein_zeitungsausrufer_4-1, #der_fremde_3-18, #der_mesner_3-18, #der_geigenhaendler_1-6, #ein_realitaetenbesitzer_1-25, #der_linke_kammerdiener_4-31, #der_rechte_kammerdiener_4-31, #ein_zwischenrufer_5-11, #genosse_schliefke_5-11, #eine_nachbarin_2-21, #die_mutter_2-21, #der_erste_wachmann_5-45, #ein_offizier_4-30, #dritter_offizier_4-30, #der_hauptmann_5-37, #professor_busse_4-8, #graf_leopold_franz_rudolf_ernest_vinzenz_innocenz_maria_1-5_und_5-4, #baron_alois_josef_ottokar_ignazius_eusebius_maria_1-5_und_5-4, #professor_henkel_4-8, #die_patientin_4-8, #die_kinder_4-18, #die_vater_4-18, #der_soldat_5-32b, #der_dichter_ertl_4-5, #der_dichter_strobl_4-5, #die_mutter_4-18, #der_kadett_1-18, #der_offizier_2-31, #der_maat_2-31, #der_betrunkene_3-46, #zweiter_geschaeftsreisender_3-38, #ein_geschaeftsreisender_3-38, #zweiter_kernstock-verehrer_3-32, #der_kaiser_1-23_und_4-31, #der_fluegeladjutant_1-23, #feigl_1-14, #der_wolf_2-25, #zwei_volkssaenger_2-25, #der_soldat_5-32a, #der_marktamtskommissaer_3-6, #chramosta_3-6, #ein_schutzmann_5-26, #leutnant_hellwig_3-44, #ein_anderer_leutnant_3-44, #der_general_2-4b, #der_journalist_2-4b, #ein_a_h_4-6, #ein_fuchs_4-6, #der_erste_general_5-5, #der_zweite_general_5-5, #der_fregattenleutnant_2-30, #unterarzt_mueller_4-39, #zweiter_offizier_4-30, #zagorski_4-30, #hauptmann_niedermacher_5-14, #major_metzler_5-14, #der_zweite_student_der_philosophie_3-4, #der_erste_student_der_philosophie_3-4, #tibetanzl_2-13, #dlauhobetzky_von_dlauhobetz_2-13, #ein_zeitungsausrufer_1-12, #der_zwerg_1-12, #zweiter_alter_general_3-22, #das_maedchen_5-26, #der_imam_3-19, #brudermann_1-16, #rufe_4-20, #uebelhoer_3-11, #der_dolmetsch_2-19, #ein_kind_4-18, #ein_gast_2-25, #baltischer_herr_3-12, #baltische_dame_3-12, #der_normale_esser_2-12, #der_starke_esser_2-12, #eine_zweite_stimme_aus_dem_hintergrund_2-5, #der_deutsche_gesandte_graf_oberndorff_4-20, #frieda_gutzke_4-35, #krotoschiner_ii_4-35, #das_publikum_2-24, #die_niese_2-24, #der_operettentenor_5-39, #hauptschriftleiter_maschke_5-7, #eine_schwester_4-8, #der_riese_1-12, #der_militaerische_leiter_2-32, #der_fabrikant_2-32, #margosches_4-4, #wolffsohn_4-4, #ein_posten_4-16, #leutnant_sekira_4-16, #ganghofer_1-23, #der_kaiserjaegertod_4-11_und_4-12, #ein_kommandant_4-11, #der_soldat_5-32c, #hauptmann_de_massacre_5-15, #der_landsturmmann_1-2, #die_offiziere_4-30, #beinsteller, #der_general_2-4a, #ein_hauptmann_5-21, #der_andere_major_5-41, #ein_major_5-41, #der_kinoregisseur_4-28, #eine_weibliche_stimme_4-28, #ein_preussischer_musketier_3-5, #der_deutsche_buchhaendler_3-5, #der_schwerbetrunkene_1-13, #die_offiziere_4-10, #ein_major_4-11, #die_stimme_berchtolds_1-5, #vierter_1-8, #ein_major_1-24, #der_journalist_2-4a, #ein_hungernder_2-12, #der_erste_3-19, #ein_infanterieoffizier_2-6, #rufe_2-6, #roda_roda_2-15, #hirsch_2-15, #der_kanonier_3-2, #der_faehnrich_5-48, #der_eine_kettenhaendler_1-30, #der_andere_kettenhaendler_1-30, #der_nationalliberale_abgeordnete_3-34, #der_austauschprofessor_3-34, #der_funktionaer_5-24, #der_redakteur_5-24, #ein_zeitungsausrufer_1-30, #der_inspektor_4-34, #ein_wachmann_4-34, #ein_generalstabsarzt_4-41, #demmer_von_drahtverhau_4-41, #der_soldat_5-14, #der_vater_2-21, #gog_5-50, #der_agent_2-23, #der_zweite_soldat_4-38, #die_kellnerin_3-44, #eine_alte_frau_2-20, #die_siebzehnjaehrige_4-34, #der_fiaker_3-7_und_5-30, #erster_kommerzialrat_3-7_und_5-30, #der_zivilist_3-43, #der_hauptmann_3-43, #oberleutnant_gerl_4-12, #zweiter_kommerzialrat_3-7_und_5-30, #ein_zuhoerer_5-28, #ein_zyniker_1-19, #alle_4-6, #ein_preussischer_leutnant_2-27, #ein_oesterreichischer_general_2-27, #ein_hauptmann_4-43, #der_journalist_4-43, #der_journalist_2-22, #der_hauptmann_2-22, #der_oberleutnant-auditor_4-32, #der_schriftfuehrer_4-32, #papst_benedikt_1-27_und_1-28, #professor_delbrueck_3-10, #superintendent_falke_3-15, #konsistorialrat_rabe_3-16, #pastor_geier_3-17, #alfred_kerr_3-20, #professor_molenaar_3-21, #fuenfzig_drueckeberger_3-26, #der_hauptmann_3-28, #ein_beamter_der_stadthauptmannschaft_3-30, #der_dichter_3-35, #der_kronprinz_3-42, #ein_oberst_4-9_und_4-14, #der_beamte_4-17, #ein_hauptmann_4-44, #pattai_5-3, #landwehrmann_luedecke_5-6, #chor_der_puelcher_5-19, #der_landeshauptmann_5-22, #eine_frau_5-34, #ein_austauschinvalide_5-35, #der_freund_5-36, #hauptmann_werkmann_5-38, #der_oberstleutnant_des_generalstabs_maderer_von_mullatschak_5-47, #ein_oesterreichischer_hauptmann_5-51, #korybanten_und_maenaden_5-53",848,,,0.03027889777460961,8,0.8552708381177676,0.038606861381548445,7,0.8545071523623199,0.03912139891019521,8,0.877796707929326,0.03976817074162892,4,0.8678314398282563,0.03309331460016392,3,0.8387653119333515,0.03027889777460961,8,0.8552708381177676
krueger-die-candidaten,Die Candidaten oder Die Mittel zu einem Amte zu gelangen,Comedy,"#caroline, #herrmann, #die_graefinn, #der_graf, #fraeulein_christinchen, #chrysander, #arnold, #johann, #valer, #valentin",10,,,0.6888888888888889,2,0.8026984126984127,0.6444444444444445,2,0.8358730158730159,0.6666666666666666,2,0.7616666666666667,0.6444444444444445,2,0.7602380952380952,0.6111111111111112,2,0.6074074074074074,0.6888888888888889,2,0.8026984126984127
koerner-zriny,Zriny,Tragedy,"#mehmed, #mustafa, #juranitsch, #vilacky, #die_maenner, #eva, #zriny, #alapi, #paprutowitsch, #alle_5, #soliman, #ali, #der_begler_beg, #levi, #scherenk, #alle_2, #helene, #alle_hauptleute, #der_bote, #aga, #hauptmann, #bauer",22,,,0.31601731601731603,4,0.797830956921866,0.29473684210526313,4,0.818596681096681,0.3263157894736842,2,0.86245670995671,0.2987012987012987,4,0.7580490216853853,0.32857142857142857,4,0.7998808070236643,0.31601731601731603,4,0.797830956921866
lasker-schueler-ichundich,IchundIch,Tragedy,"#faust, #die_dichterin, #himmler, #first_brother_ritz, #marte, #goebbels, #second_brother_ritz, #die_gesammten_schauspieler_und_schauspielerinnen, #mephisto, #hess, #goehring, #third_brother_ritz, #hannemann, #ribbentrop, #eine_der_zuschauerrinnen, #ein_gelehrter, #schirach, #reinhardt, #swet, #aus_dem_publikum, #gewereth, #der_wirtschaftliche_direktor, #koenig_david, #hitler, #gaeste, #einer_der_servierenden_teufel, #van_der_lubbe, #der_baal, #ley, #die_koepfe_der_versinkenden, #der_leser, #die_vogelscheuche, #ihr_grandpapa",33,,,0.5321969696969697,3,0.8832003739551514,0.5977011494252874,3,0.8994338225318618,0.5604838709677419,3,0.8859317923075662,0.4843304843304843,3,0.9153675074675358,0.6183908045977011,2,0.8927643163200616,0.5321969696969697,3,0.8832003739551514
lassalle-franz-von-sickingen,Franz von Sickingen,Tragedy,"#diener, #balthasar, #renner, #ludwig, #hartmuth, #fuerstenberg, #lanzknecht_4-7, #hauptmann, #landgraf_philipp, #philipp_von_ruedesheim, #dalberg, #erster_bauer, #ulrich, #herold_4-4, #eitelfritz, #ein_soeldner, #dritter_buerger, #marie, #tuerkheim, #jos_fritz, #ein_bauer, #dhan, #falkenstein, #lorch, #erster_bote, #kurt, #schwarzenberg, #frowin, #zweiter_bote, #vierter_bauer, #einige_andere_mehre_bauern, #franz, #zweiter_buerger, #dritte_frau, #alle_4-9_und_4-10, #reisiger, #viele_andere_mehrere_stimmen_alle_4-5_bis_4-7, #erste_frau, #zweite_frau, #choral, #dritter_bauer, #arzt, #zweiter_bauer, #erster_buerger, #richard, #sombreff, #erster_lanzknecht, #geheimschreiber, #ritter, #wirt, #hauptmann_joerg, #ein_lanzknecht_4-9, #lanzknecht_4-10, #alle_3-7_und_3-8, #erzbischof, #alle_4-2_bis_4-4, #legat, #oecolampadius, #vierter_buerger, #herold_5-9, #zweiter_landsknecht, #ein_lanzknecht_4-3, #ein_knappe, #karl",64,,,0.12748015873015872,6,0.8239651229081376,0.14067796610169492,6,0.8577895946645947,0.137012987012987,6,0.8124781303352732,0.23106060606060605,6,0.8061790061790062,0.14949201741654572,5,0.8145972484606082,0.12748015873015872,6,0.8239651229081376
laube-gottsched-und-gellert,Gottsched und Gellert,Comedy,"#gottfried, #graefin, #frau_gottsched, #schladritz, #gellert, #bolza, #prinz, #zastrow, #katharina, #gottsched, #wedell, #wilhelmine, #cato, #siegmund",14,,,0.978021978021978,2,0.9798534798534798,0.978021978021978,2,0.9798534798534798,0.978021978021978,2,0.9798534798534798,0.978021978021978,2,0.9798534798534798,0.8727272727272727,2,0.9575757575757575,0.978021978021978,2,0.9798534798534798
laube-monaldeschi,Monaldeschi,Tragedy,"#christine, #sylva, #brahe, #schnure, #santinelli, #monaldeschi, #alle_viele_stimmen_einzelne_stimmen, #prior, #malstroem, #rosenhane, #diener_1-8, #ein_diener_1-1_und_1-2",12,,,0.6212121212121212,2,0.8317640692640693,0.6888888888888889,2,0.8542063492063493,0.6212121212121212,2,0.8317640692640693,0.6060606060606061,2,0.832960557960558,0.6363636363636364,2,0.8406204906204906,0.6212121212121212,2,0.8317640692640693
laube-struensee,Struensee,Tragedy,"#lorenz, #gallen, #koenig, #koenigin, #koeller, #struensee, #ranzau, #guldberg",8,,,1.0,1,1.0,1.0,1,1.0,1.0,1,1.0,1.0,1,1.0,1.0,1,1.0,1.0,1,1.0
leisewitz-julius-von-tarent,Julius von Tarent,Tragedy,"#ein_bedienter_5-5, #erzbischof, #der_fuerst, #caecilia, #marcellus, #aspermonte, #guido, #blanka, #julius, #einer_von_den_bewaffneten, #aebtissin, #ein_alter_bauer, #nonne, #porzia, #ein_bedienter_4-5, #arzt",16,,,0.25,4,0.5607638888888888,0.24761904761904763,5,0.5346031746031746,0.26666666666666666,4,0.5368253968253968,0.28205128205128205,3,0.5505494505494505,0.3076923076923077,4,0.6004884004884005,0.25,4,0.5607638888888888
lenz-der-hofmeister,Der Hofmeister oder Vorteile der Privaterziehung,Comedy,"#paetus, #rehaar, #fritz, #major, #bollwerk, #hofmeister, #geheimer_rat, #schoepsen, #laeuffer, #majorin, #graf_wermuth, #jungfer_knicks, #jungfer_hamster, #wenzeslaus, #lise, #pastor, #gustchen, #jungfer_rehaar, #seiffenblase, #frau_blitzer, #frau_hamster, #bedienter, #der_alte_paetus, #marthe",24,,,0.2246376811594203,4,0.7637022699522699,0.3006535947712418,4,0.721940096940097,0.21014492753623187,4,0.7691528379028378,0.20553359683794467,4,0.69648033126294,0.23333333333333334,4,0.7108946608946609,0.2246376811594203,4,0.7637022699522699
lenz-der-neue-menoza,Der neue Menoza oder Geschichte des cumbanischen Prinzen Tandi,Comedy,"#ein_buckligter, #herr_von_biederling, #ein_chapeau, #eine_dame, #frau_von_biederling, #graf, #prinz_tandi, #magister_beza, #donna_diana, #wilhelmine, #eine_andere_maske, #herr_von_zopf, #verwalter, #eine_maske, #babet, #ein_anderer_blinder, #blinder, #zierau, #ein_dicker_kerl, #lahmer, #gustav, #buergermeister, #kaffeewirt",23,,,0.3359683794466403,4,0.7388128779433127,0.32806324110671936,4,0.7356170399648662,0.41911764705882354,3,0.7135981665393429,0.32679738562091504,4,0.6490259740259741,0.354978354978355,4,0.79535212262485,0.3359683794466403,4,0.7388128779433127
lenz-die-freunde-machen-den-philosophen,Die Freunde machen den Philosophen,Comedy,"#alvarez, #ninon, #villiers, #strephon, #la_fare, #grammont, #maler, #don_prado, #seraphine, #riparo, #die_marquisin_chateauneuf, #arist, #mezzotinto, #dorantino, #doria, #strombolo, #ein_bedienter",17,,,0.4632352941176471,2,0.8949346405228757,0.41911764705882354,2,0.8566993464052287,0.4666666666666667,2,0.8,0.5166666666666667,2,0.9543650793650794,0.45588235294117646,2,0.846078431372549,0.4632352941176471,2,0.8949346405228757
lessing-der-freigeist,Der Freigeist,Comedy,"#der_wechsler, #adrast, #lisette, #johann, #lisidor, #henriette, #juliane, #frau_philane, #theophan, #martin, #araspe",11,,,0.5272727272727272,3,0.8244588744588746,0.5777777777777777,2,0.8525396825396825,0.5777777777777777,3,0.819047619047619,0.509090909090909,3,0.7407647907647908,0.4444444444444444,3,0.7004761904761905,0.5272727272727272,3,0.8244588744588746
lessing-emilia-galotti,Emilia Galotti,Tragedy,"#der_kammerdiener, #der_prinz, #camillo_rota, #claudia, #marinelli, #angelo, #orsina, #emilia, #battista, #odoardo, #pirro, #appiani, #conti",13,,,0.3717948717948718,3,0.5174603174603175,0.38181818181818183,3,0.430952380952381,0.3333333333333333,4,0.454945054945055,0.36363636363636365,3,0.5053571428571428,0.34615384615384615,3,0.5075091575091575,0.3717948717948718,3,0.5174603174603175
lessing-minna-von-barnhelm,"Minna von Barnhelm, oder das Soldatenglück",Comedy,"#der_eine_bediente, #von_tellheim, #riccaut, #franziska, #der_bediente, #just, #der_wirt, #der_feldjaeger, #das_fraeulein, #der_andere_bediente, #der_graf, #paul_werner, #die_dame",13,,,0.4230769230769231,3,0.757031857031857,0.4230769230769231,3,0.757031857031857,0.41025641025641024,3,0.7466588966588966,0.4696969696969697,2,0.7526575276575276,0.5555555555555556,3,0.7470899470899471,0.4230769230769231,3,0.757031857031857
lessing-miss-sara-sampson,Miß Sara Sampson,Tragedy,"#betty, #norton, #waitwell, #der_wirt, #mellefont, #marwood, #hannah, #arabella, #sir_william, #der_bediente, #sara",11,,,0.43636363636363634,4,0.6948051948051948,0.6071428571428571,3,0.7166666666666667,0.43636363636363634,4,0.6948051948051948,0.41818181818181815,4,0.6935064935064935,0.38181818181818183,4,0.7454545454545454,0.43636363636363634,4,0.6948051948051948
linhart-miss-jenny-love,Miß Jenny Love,Tragedy,"#sund, #sandwell, #heartwich, #warford, #andrews, #jenny, #herington, #sudderley, #lady_sara, #einer_von_ihnen, #der_bediente, #officier_von_der_wache, #thomsen",13,,,0.41025641025641024,4,0.582051282051282,0.41025641025641024,4,0.582051282051282,0.41025641025641024,4,0.582051282051282,0.5111111111111111,3,0.6666666666666666,0.41818181818181815,3,0.5212121212121212,0.41025641025641024,4,0.582051282051282
ludwig-der-erbfoerster,Der Erbförster,Tragedy,"#foersterin, #pastor, #stein, #foerster, #lindenschmied, #andres, #wilkens, #moeller, #weiler, #robert, #wirt, #marie, #wilhelm, #kathrine, #buchjaeger, #frei, #bastian",17,,,0.4632352941176471,3,0.7767598414657239,0.4264705882352941,3,0.7683078359548948,0.7424242424242424,3,0.7983465608465609,0.4632352941176471,3,0.7767598414657239,0.4338235294117647,3,0.751549104490281,0.4632352941176471,3,0.7767598414657239
ludwig-die-makkabaeer,Die Makkabäer,Tragedy,"#issaschar, #nikanor, #simei, #eleazar, #aemilius, #nathan, #die_hauptleute, #erster_volkshaufe, #johannes, #amri, #benjamin, #aaron, #boas, #juda, #jojakim, #usiel, #gorgias, #volk_die_bewaffneten_2, #volk_die_meisten_aus_dem_volke_3, #ruben, #volk_die_herumliegenden_die_uebrigen_4, #greis, #simon, #lea, #josua, #joarim, #jonathan, #misael, #elia, #zweiter_volkshaufe, #naemi, #dritter_volkshaufe, #das_weib, #die_jungfrauen, #geschrei_im_lager, #judas_gefolge, #mattathias, #antiochus",38,,,0.5576102418207681,2,0.8658500526759358,0.5165165165165165,2,0.8577598050283559,0.6923076923076923,2,0.91622120569489,0.6285714285714286,2,0.8599843129564876,0.5793650793650794,2,0.8758965780764473,0.5576102418207681,2,0.8658500526759358
moeller-der-graf-von-walltron-oder-die-subordination,"Der Graf von Walltron, oder die Subordination",Tragedy,"#walltron, #helsinghoer, #winter, #graefinn, #kronenburg, #feldwebel, #wastworth, #lichtenau, #wille, #wirthinn, #prinz, #gemeine_und_officiers, #lisette, #auditeur, #ordonance_1-8, #obrister, #corporal, #major, #capitain_executions-commando, #ordonance_1-5",20,,,0.47368421052631576,3,0.8207364367658485,0.43790849673202614,2,0.8165327410425449,0.5424836601307189,3,0.8258571675238342,0.4421052631578947,3,0.8154064726123549,0.49673202614379086,3,0.8473605098605099,0.47368421052631576,3,0.8207364367658485
muellner-koenig-yngurd,König Yngurd,Tragedy,"#alf, #jarl, #irma, #yngurd, #bioernelands_heerhaufe, #oskar, #droll, #noes, #bioerneland, #ein_daenischer_ritter_2-7, #brunhilde, #der_trabant_5-10_und_5-11, #kurl, #ourdal, #ein_knappe_3-1, #alle_2-8, #der_ostlaender, #eine_andere_stimme, #asla, #ein_daenischer_ritter_5-16, #marduff, #gyldenbrog, #egroesund, #ein_knapp_3-4, #fluechtlinge-stimmen, #einer_aus_dem_gefolge, #das_volk, #ein_daenischer_ritter_2-2_und_2-3, #erichson, #eine_stimme_5-15, #stimmen-andere_stimmen-noch_andere, #alle-allgemeiner_ruf_5-17, #knaut, #der_knapp_2-4, #der_krieger, #der_trabant_1-1, #trabant_5-7",37,,,0.2732732732732733,3,0.8101678643440657,0.4369230769230769,3,0.814494081042664,0.2897727272727273,3,0.8193567871472235,0.2571428571428571,3,0.7976152470717688,0.2963709677419355,4,0.7998018828973744,0.2732732732732733,3,0.8101678643440657
neuber-das-schaeferfest,Das Schäferfest oder Die Herbstfreude,Comedy,"#damon, #silen, #mirta, #mirtillo, #phillis, #doris, #philemon, #sylvia, #sylvan, #mops, #galathe, #seladon",12,,,1.0,1,1.0,1.0,1,1.0,1.0,1,1.0,1.0,1,1.0,0.5909090909090909,2,0.7300565175565176,1.0,1,1.0
panizza-das-liebeskonzil,Das Liebeskonzil,Comedy,"#don_gioffre, #eines_der_maedchen, #zweiter_engel, #zwei_aeltere_engel, #schlussgesang_der_vesper, #cherubim, #ein_engel_1-2h, #die_maertyrer, #christus, #dritter_engel, #ein_engel_1-2g, #ein_engel_1-2i, #gott_vater, #die_kurtisane, #ein_engel_1-2c, #francesco_borgia, #burcard, #erster_engel, #der_papst, #dritter_edelmann, #ein_engel_1-2a, #ein_engel_1-2b, #zweiter_edelmann, #ein_engel_1-2f, #ein_engel_1-2d, #maria, #teufel, #lesender_engel, #verschiedene_engel_alle_engel_1-2, #rodrigo_borgia, #cesare, #die_maedchen, #chor_mehrstimmiges_graduale, #erster_edelmann, #lucrezia, #don_giovanni, #die_vorauseilenden_aelteren_juengeren_engel_1-5, #die_anwesenden, #priester, #chor_der_apostel, #maria_magdalena, #donna_sancia, #ein_engel_1-2e, #bote",44,,,0.2822410147991543,3,0.9031582054309326,0.3732193732193732,3,0.8421837421837423,0.28012684989429176,3,0.9141479732388823,0.29346622369878184,3,0.9116178395248162,0.3089430894308943,3,0.9461657390228818,0.2822410147991543,3,0.9031582054309326
panizza-nero,Nero,Tragedy,"#erster_leichentraeger, #einer_vom_dritten_transport, #flavus, #nymphidius, #ein_maedchen, #zweiter_leichentraeger, #erster_jude, #zweiter_roemer, #tigellinus, #alle_uebrigen_die_andern, #erster_christjanus, #zweites_maedchen, #lukanus, #dritter_leichentraeger, #zweiter_begleiter, #erster_begleiter, #die_truppen, #nero, #zweite_christjana, #montanus, #erste_christjana, #epaphroditus, #zenturjo_3, #die_stimme, #bewafneter, #zweiter_bote, #kurio, #sporus, #zenturjo_5-2a, #kosroes, #dritte_christjana, #euelpius, #zenturjo_1-1, #andere_alle_maedchen, #erstes_maedchen, #burrus, #seneka, #erster_bote, #spaeher, #dritter_roemer, #augustjani, #akte, #soldat, #zweiter_christjanus, #hasta, #phaon, #praetor, #erster_zenturjo_5-3, #zenturjo_5-2b, #erster_roemer, #drittes_maedchen, #terpnus, #zenturjo_4, #charmis, #doryphoros, #zweiter_jude",56,,,0.18571428571428572,2,0.9529810062423565,0.2264808362369338,2,0.937308008323142,0.20035460992907803,2,0.9559892884892885,0.20135746606334842,2,0.9615275120239357,0.275609756097561,2,0.9603158136300174,0.18571428571428572,2,0.9529810062423565
pfeil-lucie-woodvil,Lucie Woodvil,Tragedy,"#betty, #lucie, #jakob, #der_bediente, #robert, #amalie, #karl, #willhelm",8,,,0.75,2,0.8833333333333333,0.6785714285714286,2,0.8928571428571428,0.75,2,0.8833333333333333,0.7142857142857143,2,0.8482142857142857,0.9047619047619048,2,0.9238095238095239,0.75,2,0.8833333333333333
platen-der-romantische-oedipus,Der romantische Ödipus,Comedy,"#jokaste, #zweite_hebamme, #polybus, #oedipus, #lajus, #chorfuehrer, #chor, #melchior, #tiresias, #distichon, #kind, #diagoras, #geist_des_lajus, #kindeskind, #die_pythia, #zelinde, #balthasar, #die_sphinx, #erste_hebamme, #publicum, #nimmermann, #verstand",22,,,0.4588744588744589,2,0.9040504949595859,0.45789473684210524,2,0.9384615384615385,0.47058823529411764,2,0.9358288770053477,0.4789473684210526,2,0.9340659340659341,0.4857142857142857,2,0.8994814709100423,0.4588744588744589,2,0.9040504949595859
platen-die-verhaengnisvolle-gabel,Die verhängnisvolle Gabel,Comedy,"#phyllis, #salome, #mopsus, #sirmio, #damon, #wirth, #schmuhl",7,,,0.9047619047619048,2,0.9238095238095239,0.9047619047619048,2,0.9238095238095239,0.8095238095238095,2,0.8857142857142858,0.9047619047619048,2,0.9238095238095239,1.0,1,1.0,0.9047619047619048,2,0.9238095238095239
pollinger-antonio-del-bassanio,Antonio del Bassanio,Tragedy,"#campo, #valerio, #antonio, #jenny, #castro, #prospero, #lucio, #montroso, #hannach, #signora_castro, #johann",11,,,0.6181818181818182,3,0.7359307359307359,0.5454545454545454,4,0.6779220779220779,0.5833333333333334,3,0.7301587301587301,0.6181818181818182,3,0.7359307359307359,0.5636363636363636,3,0.7175324675324675,0.6181818181818182,3,0.7359307359307359
quistorp-der-hypochondrist,Der Hypochondrist,Comedy,"#herr_gotthart, #ernst_gotthart, #herr_froehlich, #frau_kreuzin, #jungfer_froehlichin, #heinrich, #dr_krebsstein, #dr_muskat, #kathrine",9,,,0.75,2,0.8566137566137566,0.6944444444444444,2,0.858994708994709,0.6666666666666666,2,0.8428571428571429,0.7222222222222222,2,0.8571428571428572,0.75,2,0.8566137566137566,0.75,2,0.8566137566137566
reitzenstein-die-negersclaven,Die Negersclaven,Tragedy,"#barkly, #tado, #ein_anderer_5-3a, #nelly, #thello, #donald, #dellfort, #mehrere_alle_viele_einige_andere, #osdal, #arthur, #alle_abgeordnete, #morton, #eine_stimme_3-4, #ein_schwarzer_3-4, #silly, #alle_europaeer, #ein_bedienter_2-4, #ein_anderer_5-8, #ein_anderer_5-3b, #ein_officier_5-3b, #ein_kolonist_5-7, #iulie, #ein_officier_5-3a, #bedienter_4-5, #ein_colonist_2-7, #ein_neger_5-5, #ein_schwarzer_3-5, #ein_anderer_5-3c, #ein_officier_4-8, #bedienter_2-1, #mehrere_kolonisten_5-8, #noch_ein_anderer_5-8, #ein_kolonist_5-8, #bedienter_2-2, #alle_2-4",35,,,0.2739495798319328,3,0.8162264187432695,0.34942528735632183,2,0.8463669212875492,0.3096774193548387,3,0.8166304140947105,0.28830645161290325,3,0.8285567548851217,0.2898550724637681,3,0.7634563693387223,0.2739495798319328,3,0.8162264187432695
sachs-ein-comedi-von-dem-reichen-sterbenden-menschen-der-hecastus-genannt,"Ein comedi von dem reichen sterbenden menschen, der Hecastus
          genannt",Comedy,"#die_tugent, #demones_der_erst_freund, #philomachos_der_juenger_son, #der_legat, #ancilla_die_magd, #hecastus_der_reich_mann, #der_todt, #panocitus_der_ander_knecht, #singenes_der_ander_freund, #philepanis_der_ein_knecht, #philocrates_der_elter_son, #der_priester, #epicuria_die_fraw, #der_glaub, #der_ehrnhold, #economus_der_hausvogt, #der_teuffel, #plutus_der_schatz, #datrus_der_koch",19,,,0.7660818713450293,2,0.9100029485478403,0.8676470588235294,2,0.9434173669467787,0.803921568627451,2,0.9276532835356365,0.7660818713450293,2,0.9100029485478403,0.65,2,0.8671425796425797,0.7660818713450293,2,0.9100029485478403
scheerbart-es-lebe-europa,Es lebe Europa!,Tragedy,"#junge_dame, #urban, #haeser, #alter_herr_3, #alte_dame, #dr_langenbeck, #alter_herr_1, #zweiter_alter_herr, #polizist",9,,,0.6111111111111112,2,0.8666666666666667,0.6111111111111112,2,0.8666666666666667,0.8666666666666667,2,0.9,0.6111111111111112,2,0.8666666666666667,0.6785714285714286,2,0.8928571428571428,0.6111111111111112,2,0.8666666666666667
scheerbart-herr-kammerdiener-kneetschke,Herr Kammerdiener Kneetschke,Tragedy,"#wladimir, #papa, #postbote, #onkel, #geist, #kathi, #kneetschke, #tante, #mama, #die_beiden_domestiken",10,,,0.6888888888888889,2,0.8555555555555555,0.6888888888888889,2,0.8555555555555555,0.7222222222222222,2,0.8592592592592593,0.8571428571428571,2,0.9047619047619048,0.6888888888888889,2,0.8555555555555555,0.6888888888888889,2,0.8555555555555555
scheerbart-okurirasuna,Okurirasûna,Comedy,"#lekafoliram, #graf_abgrund, #erster_rat, #vierter_rat, #sechster_rat, #fuenfter_rat, #mesmeimonio, #okurirasuna, #zweiter_rat, #dritter_rat",10,,,1.0,1,1.0,1.0,1,1.0,1.0,1,1.0,1.0,1,1.0,0.8666666666666667,2,0.9166666666666666,1.0,1,1.0
schiller-die-jungfrau-von-orleans,Die Jungfrau von Orleans,Tragedy,"#koenig_karl, #raoul, #fuenfter, #vierter, #erster, #zweiter, #johanna, #schildwache, #agnes_sorel, #du_chatel, #edelknecht_3-2, #erzbischof, #dunois, #edelknecht_1-10, #la_hire, #edelknecht_1-2, #burgund, #isabeau, #fastolf, #lionel, #ritter_3-5, #claude_marie, #ratsherr, #herold, #hauptmann, #louison, #bertrand, #alle_stimmen_volk_mehrere_stimmen, #chatillon, #thibaut, #koehler, #koehlerbub, #margot, #edelmann, #anfuehrer_der_soldaten, #soldaten, #schwarzer_ritter, #raimond, #talbot, #dritter, #viele_stimmen_hinter_der_szene, #soldat_2-5, #soldat_5-11_und_5-12, #alle_2-4, #koehlerweib, #montgomery, #etienne",47,,,0.1498612395929695,5,0.7615966590309519,0.18349928876244664,5,0.7490154181592782,0.1583610188261351,5,0.7792697248032405,0.16666666666666666,5,0.7364095706065521,0.18353576248313092,5,0.7842082573209032,0.1498612395929695,5,0.7615966590309519
schiller-die-verschwoerung-des-fiesco-zu-genua,Die Verschwörung des Fiesco zu Genua,Tragedy,"#verschworene, #bourgognino, #asserato, #wachen_am_hoftor, #sacco, #arabella, #zenturione, #mohr, #fiesco, #romano, #verrina, #lomellin, #julia, #zibo, #calcagno, #eine_von_den_drei_masken, #bediente, #andreas, #teutsche, #gaeste, #erster_handwerker, #zweiter_handwerker, #dritter_handwerker, #teutscher_3-11, #alle_5-12, #rosa, #leonore, #gianettino, #teutscher_5-4, #zwoelf_handwerker, #teutscher_4-8, #masken, #rechte_wache, #linke_wache, #berta, #bedienter",36,,,0.2111111111111111,4,0.7673510064226439,0.25161290322580643,4,0.7383232072861642,0.2134453781512605,4,0.7744870640359363,0.221505376344086,4,0.7691582252872575,0.20967741935483872,4,0.7829054625929626,0.2111111111111111,4,0.7673510064226439
schiller-kabale-und-liebe,Kabale und Liebe,Tragedy,"#praesident, #miller, #sophie, #hofmarschall, #millerin, #ferdinand, #lady, #luise, #kammerdiener_4-9, #ein_kammerdiener_4-6, #kammerdiener_2-2, #wurm, #kammerdiener_4-1, #alle_bediente, #ein_kammerdiener_1-5, #bedienter, #kammerdiener_3-1",17,,,0.3014705882352941,4,0.7397759103641457,0.3047619047619048,4,0.6707936507936508,0.31666666666666665,4,0.718452380952381,0.34615384615384615,4,0.782051282051282,0.29411764705882354,4,0.7176470588235294,0.3014705882352941,4,0.7397759103641457
schiller-maria-stuart,Maria Stuart,Tragedy,"#elisabeth, #leicester, #mortimer, #melvil, #kennedy, #paulet, #kent, #burleigh, #shrewsbury, #aubespine, #page, #offizier, #davison, #burgoyn, #bellievre, #maria, #okelly, #die_kammerfrauen, #kurl, #zweite_kammerfrau",20,,,0.30526315789473685,4,0.6793290043290043,0.29239766081871343,4,0.6125730994152047,0.3157894736842105,5,0.7077352472089314,0.26900584795321636,4,0.6462064251537936,0.4380952380952381,3,0.7490524290524291,0.30526315789473685,4,0.6793290043290043
schiller-wallensteins-tod,Wallensteins Tod,Tragedy,"#neubrunn, #graefin, #terzky, #buttler, #kammerfrau, #gordon, #deveroux, #kammerdiener, #hinter_der_szene, #buergermeister, #wallenstein, #dritter_kuerassier, #gefreiter, #seni, #macdonald, #zweiter_kuerassier, #illo, #octavio, #herzogin, #thekla, #page_5-10, #erster_bedienter, #zweiter_bedienter, #bedienter_2-6, #isolani, #max, #stallmeister, #geraldin, #page_3-6, #neumann, #hauptmann, #adjutant, #wrangel",33,,,0.23484848484848486,4,0.684374906504093,0.271264367816092,4,0.7392678236795884,0.25396825396825395,4,0.6654835185822581,0.25287356321839083,3,0.689346291823072,0.24666666666666667,4,0.6739667350193667,0.23484848484848486,4,0.684374906504093
schlegel-dueval-und-charmille,Düval und Charmille,Tragedy,"#joseph, #mariane, #amalie, #hauptmann, #franz, #dueval, #frau_von_doenberg, #graf, #anton",9,,,0.6666666666666666,2,0.826984126984127,0.5833333333333334,2,0.7425925925925926,0.6388888888888888,2,0.8150793650793651,0.6111111111111112,2,0.8121693121693121,0.5,2,0.6841269841269841,0.6666666666666666,2,0.826984126984127
schlegel-canut,Canut,Tragedy,"#canut, #godewin, #estrithe, #godschalk, #ulfo, #haqvin, #gunilde",7,,,0.6190476190476191,2,0.7380952380952381,0.6190476190476191,2,0.7380952380952381,0.5714285714285714,2,0.6285714285714287,0.5714285714285714,2,0.6904761904761905,0.5714285714285714,3,0.6666666666666667,0.6190476190476191,2,0.7380952380952381
schlegel-der-geschaeftige-muessiggaenger,Der geschäftige Müssiggänger,Comedy,"#strom, #frau_sylvesterinn, #materialistenjunge, #renner, #richardinn, #lieschen, #fortunat, #fiekchen, #friedrich, #tabletkraemer, #cathrine, #sylvester, #sorger, #goldschmidtsjunge, #lackey",15,,,0.41904761904761906,2,0.8054845154845155,0.6363636363636364,2,0.7751803751803752,0.3523809523809524,2,0.8082783882783883,0.46153846153846156,2,0.8136470672184958,0.3238095238095238,2,0.8413186813186813,0.41904761904761906,2,0.8054845154845155
schlegel-der-triumph-der-guten-frauen,Der Triumph der guten Frauen,Comedy,"#agenor, #cathrine, #agathe, #nicander, #juliane, #heinrich, #philinte",7,,,0.7142857142857143,2,0.8428571428571429,0.6666666666666666,3,0.7142857142857143,0.7142857142857143,2,0.8428571428571429,0.7142857142857143,2,0.8428571428571429,0.8,2,0.9,0.7142857142857143,2,0.8428571428571429
schnitzler-professor-bernhardi,Professor Bernhardi,Comedy,"#bernhardi, #schwester, #adler, #kurt, #diener_elisabethinum, #pfarrer, #kulka, #loewenstein, #wenger, #filitz, #tugendvetter, #pflugfelder, #flint, #hofrat, #ebenwald, #cyprian, #feuermann, #schreimann, #amtsdiener, #oskar, #hochroitzpointner, #goldenthal, #diener_bernhardi",23,,,0.6047430830039525,2,0.8271397333316838,0.5573122529644269,2,0.862097294578113,0.5952380952380952,2,0.8438561156274558,0.6368421052631579,2,0.8420171224544288,0.6666666666666666,2,0.8536031416615228,0.6047430830039525,2,0.8271397333316838
schuecking-elisabeth,Elisabeth,Tragedy,"#der_koenig, #drittes_kebsweib, #erstes_kebsweib, #zweites_kebsweib, #eine_stimme, #das_volk_unten, #eine_stimme_unten, #duesenschur, #knipperdollink, #eine_stimme_von_weiten, #winold, #tilbeck, #elisabeth, #menke, #edelknabe, #die_buerger",16,,,0.325,3,0.7486263736263736,0.4909090909090909,3,0.678066378066378,0.34615384615384615,3,0.7187812187812188,0.3619047619047619,3,0.8014652014652015,0.3333333333333333,3,0.7412820512820513,0.325,3,0.7486263736263736
seume-miltiades,Miltiades,Tragedy,"#themistokles, #chor_hemichor, #demosthenes, #kleon, #xanthippus, #elpinice, #miltiades, #cimon, #aeschylus, #aristides, #philippus, #lysikrates, #epizelus, #ein_krieger",14,,,0.5604395604395604,3,0.7447330447330448,0.6282051282051282,3,0.7572649572649574,0.5054945054945055,3,0.7511801690373119,0.4945054945054945,3,0.7403061224489795,0.4230769230769231,3,0.8034798534798534,0.5604395604395604,3,0.7447330447330448
steltzer-franziska-montenegro,Franziska Montenegro,Tragedy,"#montenegro, #niklas_zisterzius, #priester, #pedrillo, #franziska, #anton, #katelli, #kamilla, #gefangenwaerter, #bedienter_3-4, #hieronimus, #der_vermummte, #bedienter_1-16",13,,,0.32051282051282054,3,0.42838827838827837,0.2948717948717949,3,0.3862637362637363,0.4,3,0.47333333333333333,0.3484848484848485,3,0.396031746031746,0.3484848484848485,3,0.5043650793650793,0.32051282051282054,3,0.42838827838827837
sturz-julie,Julie,Tragedy,"#belmont, #woldemar, #wohlau, #frau_von_wichmann, #peter, #der_bediente, #der_capitain, #werneck, #julie, #dalton",10,,,0.4888888888888889,3,0.6290476190476191,0.4666666666666667,3,0.6342857142857142,0.4666666666666667,3,0.6109523809523809,0.4222222222222222,3,0.74,0.4,3,0.59,0.4888888888888889,3,0.6290476190476191
sudermann-der-bettler-von-syrakus,Der Bettler von Syrakus,Tragedy,"#ein_anderer_2-2b, #ein_anderer_2-2a, #die_dritte, #einer_4-2, #diokles, #lysimachos, #der_zweite, #der_erste_sklave, #artemidor, #menesto, #ein_zweiter_4-2, #die_zweite, #der_vierte, #ein_sehr_alter_sklave, #strution, #ktesias, #arratos, #rufe_5, #hermachos, #einer_der_bettler, #zweiter_spaeher, #erster_waechter, #einer_aus_dem_volke_2-4, #die_bettler, #ein_anderer_2-4b, #deonax, #philarete, #der_blinde, #rufe_4, #myrrha, #ein_waechter_2-7, #ein_aelterer_diener_4-1a, #sosthenes, #mehrere_die_menge_stimmen_im_volke, #eurytimos, #mandros, #einer_2-2, #hegesias, #phaino, #eins_der_maedchen, #einer_2-5, #ein_dritter_4-2, #der_tuerhueter, #der_reisende, #gubal, #einer_2-4, #ein_bettler, #der_karthagische_diener, #mago, #einer_2-1, #die_erste, #ein_aelterer_diener_4-1b, #erster_spaeher, #einer_4-1b, #einer_aus_dem_volke_2-5, #der_dritte, #ein_waechter_3-3, #ein_dritter_2-4, #einer_4-1a, #ein_anderer_2-4a, #bio, #phenippe",62,,,0.19777895293495504,5,0.8522853503215199,0.28717948717948716,4,0.8492320304718339,0.22792207792207791,5,0.8428857253612053,0.22424242424242424,5,0.8463486732384636,0.19672131147540983,5,0.8394197853155597,0.19777895293495504,5,0.8522853503215199
thon-adelheit-von-rastenberg,Adelheit von Rastenberg,Tragedy,"#elisabeth, #adelheit, #hohenburg, #wenzel, #rastenberg, #einsiedler_franziska, #ein_kammerweib, #bertha, #diener, #curt, #franz",11,,,0.5454545454545454,2,0.8106782106782107,0.4909090909090909,2,0.7929292929292928,0.5777777777777777,2,0.7238888888888889,0.5111111111111111,3,0.8616666666666667,0.5777777777777777,3,0.8038095238095238,0.5454545454545454,2,0.8106782106782107
tieck-karl-von-berneck,Karl von Berneck,Tragedy,"#burgvoigt, #knecht_der_eine_fackel_traegt, #leopold, #karl, #rudolph, #mathilde, #conrad, #zweiter_knecht, #hofmeisterin, #adelheid, #franz, #erster_knecht, #walther, #georg, #minnesaenger, #wilhelm, #die_gestalt, #heinrich, #reinhard",19,,,0.6023391812865497,2,0.8200252963410858,0.7047619047619048,3,0.8556021756021756,0.6023391812865497,2,0.8200252963410858,0.5730994152046783,2,0.8304413508747874,0.6023391812865497,2,0.8200252963410858,0.6023391812865497,2,0.8200252963410858
toerring-agnes-bernauerin,Agnes Bernauerin,Tragedy,"#gundelfing, #sandizeller, #hans_zenger, #emershofen, #percifal_zenger, #vicedom, #buergermeister, #preisinger, #wache, #albrecht, #maxelrainer, #tore, #die_ritter, #thorringer, #zweiter_marschall, #ernst, #tuchsenhauser, #oberrichter, #seibelstorfer, #agnes, #frauen, #pienzenauer, #erster_marschall, #knechte, #wachen, #zweiter_buergermeister, #waffenknecht",27,,,0.3504273504273504,3,0.7711651940410111,0.34782608695652173,4,0.7379160191660192,0.4166666666666667,3,0.7587992753433931,0.36,3,0.8082192694183644,0.41106719367588934,3,0.7739508218408474,0.3504273504273504,3,0.7711651940410111
uhland-ernst-herzog-von-schwaben,Ernst Herzog von Schwaben,Tragedy,"#hugo, #kriegsleute, #andrer_kriegsmann, #adalbert, #mangold, #werner, #ernst, #kunrad, #warin, #ein_kriegsmann, #warmann, #gisela, #wache, #heinrich, #dritter_kriegsmann, #hermann, #odo, #ein_ritter, #die_fürsten, #die_bischoefe, #pilger",21,,,0.680952380952381,2,0.9160364145658264,0.7368421052631579,2,0.9253027175782593,0.7263157894736842,2,0.9292561059511524,0.680952380952381,2,0.9160364145658264,0.4411764705882353,3,0.798067618655854,0.680952380952381,2,0.9160364145658264
voss-faust,Faust,Tragedy,"#aurelia, #robertus, #einige, #feindeshaufe, #soldaten, #richter, #einige_stimmen, #dritter_kuenstler, #dritter_gelehrter, #zweiter_kuenstler, #fausts_vater, #ein_anderer_5-2-1b, #ein_anderer_5-2-1d, #noch_ein_anderes_maedchen, #ein_anderes_maedchen, #faust, #plutus, #furien, #volk, #guttenberg, #einer_davon, #unterirdische_stimmen, #leviathan, #erster_buerger_2-9, #seraphina, #anderer_buerger_4-3-9, #clara, #maenner_5-4-5_bis_5-4-6, #die_priester, #machiavelli, #einer_von_den_seinigen_5-2-1, #pabsts_gestalt, #ein_anderer_5-2-1c, #wandrer, #amor, #ruhm, #zweiter_gelehrter, #jagdchor, #maenner_1-5_bis_1-6, #geisterstimme, #moench_5-4-1_bis_5-4-6, #kinder, #erster_gelehrter, #buerger_4-3-8, #einer_der_maenner, #moench_1-5, #erster_fechtender, #zweiter_fechtender, #cinthio, #einer_von_den_seinigen_5-4-5, #weibliche_stimme, #ein_mann, #das_maedchen, #boese_geister, #unterirdisch_lachender_chor, #geisterstimmen-geisterchor, #erster_kuenstler, #brutus_geist, #die_anwesenden, #ein_anderer_5-2-1a, #einzelne_stimmen, #die_nonne, #alle_nonnen, #kerkermeister, #priorin, #andrer_buerger_2-9, #ildephonse, #erzbischof, #noch_ein_anderer, #maenner_5-4-2, #maedchenchor, #muetter",72,,,0.08176838810641628,3,0.7719877227409646,0.0853302162478083,4,0.7796602256721897,0.08691834942932397,4,0.802532298577507,0.0931899641577061,3,0.7927245195710476,0.11764705882352941,3,0.734217525393996,0.08176838810641628,3,0.7719877227409646
weise-masaniello,Masaniello,Tragedy,"#salvador, #afflitto, #flavia, #rossana, #prospero, #allegro, #villanella, #philomarini, #furfante, #francesco, #marina, #masaniello, #roderigo, #bravo, #peronne, #ferrante, #celinde, #mattheo, #titta, #piconne, #donato, #leonisse, #etliche_buerger, #pasqvella, #arcos, #sarpi, #rubina, #arpaja, #formaggio, #caraffa, #geonino, #bonavita, #domenico, #zeppa, #matelone, #laura, #roberto, #carlo, #ristaldi, #neri, #buffone, #anaclerio, #laudato, #die_geistlichen, #bardassa, #conversano, #roccella, #picolo, #vitale, #poltrone, #bianca, #lurcone, #xaverio, #bizzaro, #pazzo, #paolo, #antimo, #lubrano, #tambourino, #ghirardini, #angelo, #bruno, #corraggio, #torrecuso, #girolomo, #elisa, #andere_weiber, #die_umstehenden, #saldo, #truffaldino, #pinto, #baldo",72,,,0.18779342723004694,3,0.7428528840924532,0.14685314685314685,4,0.7204067113003019,0.19493441881501583,4,0.7630178401288267,0.19446883230904302,3,0.7914928725052961,0.1780885780885781,4,0.6936229637678509,0.18779342723004694,3,0.7428528840924532
weissenthurn-das-manuscript,Das Manuscript,Comedy,"#albertine, #annchen, #walter, #giebel, #gehrmann, #flint, #diener, #erster_diener, #august, #emerike, #bedienter, #kunigunde, #christine, #madame_woelbing, #juengling",15,,,0.37142857142857144,3,0.7801587301587302,0.6071428571428571,2,0.8428571428571429,0.37142857142857144,3,0.7801587301587302,0.37142857142857144,3,0.7801587301587302,0.3333333333333333,4,0.6602116402116402,0.37142857142857144,3,0.7801587301587302
weissenthurn-welche-ist-die-braut,Welche ist die Braut!,Comedy,"#herr_von_dorn, #emy, #raethinn_sommer, #nina, #wolf, #gruenau, #waldberg, #baroninn, #marie, #frau_von_lichtberg, #herr_von_traufbach, #herr_von_hacken, #frau_von_dorn, #bedienter, #bluemlein, #fraeulein_impfen, #babette, #fraeulein_grinzberg, #alle_alles_3-1_bis_3-4, #gertraude, #baroninn_duerrer",21,,,0.7380952380952381,3,0.9212768733224285,0.719047619047619,3,0.9280754992055302,0.7272727272727273,3,0.8748196248196248,0.8052631578947368,2,0.9266282126885843,0.7333333333333333,3,0.9234893372553701,0.7380952380952381,3,0.9212768733224285
wezel-der-graf-von-wickham,Der Graf von Wickham,Tragedy,"#trickwell, #humfred, #graf_von_wickham, #die_prinzessinn, #der_herzog, #die_herzoginn, #hofkavalier, #jackson",8,,,0.6071428571428571,3,0.6666666666666666,0.6071428571428571,3,0.6666666666666666,0.5714285714285714,3,0.6125,0.5714285714285714,3,0.6125,0.7619047619047619,2,0.8095238095238095,0.6071428571428571,3,0.6666666666666666
wieland-lady-johanna-gray,Lady Johanna Gray oder Der Triumf der Religion,Tragedy,"#guilford, #suffolk, #northumberland, #lady_johanna, #gardiner, #lady_suffolk, #der_officier, #sidney",8,,,0.6785714285714286,2,0.8470238095238095,0.7142857142857143,2,0.8571428571428571,0.6428571428571429,2,0.8238095238095238,0.6071428571428571,2,0.8345238095238096,0.6071428571428571,2,0.7428571428571429,0.6785714285714286,2,0.8470238095238095
wilbrandt-gracchus-der-volkstribun,Gracchus der Volkstribun,Tragedy,"#opimius, #lictor_1, #metellus, #euporus, #volk, #der_sclave, #carbo, #drusus, #lictor_5, #laetorius, #lictor_3, #buerger, #scipio, #gracchus, #agricola, #senat_senatoren, #licinnia, #rufus, #kleon, #cornelia, #aulus, #pomponius, #sklavin",23,,,0.6007905138339921,3,0.8452350583862227,0.6190476190476191,2,0.8441811105053435,0.5670995670995671,3,0.8355323941624252,0.5844155844155844,3,0.8408505108582509,0.6333333333333333,3,0.8546127963310626,0.6007905138339921,3,0.8452350583862227
wildgans-armut,Armut,Tragedy,"#gottfried, #strantz, #voces_de_profundis, #mutter, #vogt, #spuller, #der_fremde, #marie, #doktor, #stanck, #vox_coelestis, #goldsohn",12,,,0.5454545454545454,3,0.8477513227513227,0.6444444444444445,3,0.8595238095238095,0.6181818181818182,2,0.8646464646464647,0.6,2,0.8632034632034632,0.5277777777777778,3,0.8439153439153438,0.5454545454545454,3,0.8477513227513227
wildgans-dies-irae,Dies irae,Tragedy,"#mutter, #hubert, #remigius, #chorus_puerorum, #vater, #rosl, #rabanser, #magentrost, #babusch, #voces_apokalypticae_de_coelis_cantantes, #dienstmaedchen, #pogatschnigg, #chorus_adolescentium, #taube, #pater_confessor",15,,,0.49523809523809526,2,0.872022792022792,0.5164835164835165,2,0.8803418803418804,0.6909090909090909,2,0.8828282828282827,0.49523809523809526,2,0.872022792022792,0.6181818181818182,2,0.892929292929293,0.49523809523809526,2,0.872022792022792
d-arien-natur-und-liebe-im-streit,Natur und Liebe im Streit,Tragedy,"#theodorich, #ruggieri, #capacelli, #bewafneter_4-14, #fernando, #thrasoni, #kostanza, #margarita, #olimpia, #solano, #bewafneter_5-13, #alexius, #bediente_2-8, #bedienter_5-11, #bedienter_3-5, #offizier_1-4, #zanetti, #kammerfraeulein, #officier_4-4, #bedienter_2-1, #marcello, #die_raethe, #pietro, #bewafneter_4-17, #laurana, #chor_der_krieger",26,,,0.1723076923076923,3,0.5739149739149739,0.19202898550724637,3,0.5848350723350723,0.18478260869565216,4,0.5406241906241906,0.25146198830409355,3,0.6349282296650718,0.18181818181818182,4,0.5892857142857143,0.1723076923076923,3,0.5739149739149739
